# Resource object code (Python 3)
# Created by: object code
# Created by: The Resource Compiler for Qt version 5.15.13
# WARNING! All changes made in this file will be lost!

from AnyQt import QtCore

qt_resource_data = b"\
\x00\x00\x07}\
\x89\
PNG\x0d\x0a\x1a\x0a\x00\x00\x00\x0dIHDR\x00\
\x00\x00@\x00\x00\x00@\x08\x06\x00\x00\x00\xaaiq\xde\
\x00\x00\x00\x04sBIT\x08\x08\x08\x08|\x08d\x88\
\x00\x00\x00\x09pHYs\x00\x00\x0b\x13\x00\x00\x0b\x13\
\x01\x00\x9a\x9c\x18\x00\x00\x07\x1fIDATx\x9c\xed\
\x9b]\x8c\x1b\xd5\x15\xc7\xff\xe7\xcc\xd8\xeb\xb5\xbd\xb6\xe3\
dW$\x1b\x16\x05\xa8\x8a\x12\x8aZ%\xa5Q\xc8\x82\
\xe0\x81\xa2\x88\x22\xa4\x80\x10jQ+\x08D\xa1\x0f\x08\
\xde\x22\xb5\xa9(/\xbc\xc0KET\xc1\x1b\x12\x12!\
\x01\xf5\xa1\x02!\xca\xd7zE\xc3G\x08\xd0\xacP\xa5\
Vi\x93\xcd\x06\xb2\x8b\xe3\x8f\xf5\xc7zf\xee\xe9\x83\
\xe3e\xd6\xd8\x1e\xcf\x97\x1d\xa1\xfe\xa4\xd5\xaef\xee=\
s\xcf=\xff{\xef\xb9wg\x08!s\xee\x93\x8d\xf1\
D\xad\xba\x0b$?#\xa1\xeb!\xb8\x16\xa4\xae\x80 \
\xab\xc01\x00`\xa8:\x08y\x08\x9f\x07\xe3_\x02\x99\
\x13E\xc7\xab\xf1\xf8\xdf'w\x9c\xaf\x86\xd9>\x0a\xc3\
\xa8\xbc\x8bX1\x92\xda+\xa0_\x02\xb8\x8d\x81\x11/\
v\x14P\x87\xe0m\x12y)\xb5\x5cz\x8d\xf7`%\
\xe0\xa6\x06\xdb\x01\xcdhW\x1e\x13\xa2\xc7\x19\x18\x0f\xd2\
\xb6R\xf8Zc<\x9b\xe4\xb1?\xf1\xae\xf9ZPv\
\x03\xeb\x80\xc2L\xea\x0eby\x1e\xe0+\x83\xb2\xd9\x11\
\xa5\xfe+\xc4\xfb2\xd3\xc5\xbf\x05a\x8e\xfd\x1a\x10\x01\
\x15g\xd3O\x11\xd3\x1b\xa1;\x0f\x00\xccW\x11\xe1\xad\
B.\xf5;\x11\xff\x01\xf4m\xa0\x90K=CDO\
\xf8\xb5\xe3\x91\xa7\xd3\xbb\x8b\x07\xfd\x18\xf0\xd5\x01\xc5\x99\
\xb1\x07\xc0\xfc\xa2\x1f\x1b~\x11\x92\xfb37\x95^\xf6\
Z\xdfs\x07\x14\xdf\x1b\xfb\x81h|\x8a\x08Q\xaf6\
\x82@\x09V`\xe2\xbau\xb7\x16\xff\xe3\xa5\xbe\xa79\
\xa08;\xf6+h89l\xe7\x01\x80\x09#\x1c\x91\
\x7f\x14fR\xf7{\xa9\xefJ\x01\xcb\xef\xc77\x9a\xa4\
\xff\x99\x98\xee\xf2\xf2\xb0\xb0\x11\xc8_t\xc3<\x90\xbc\
\xb5\xfaU\xbfu\xfaV@1\x97\xf9\xb5\xa5is-\
\xe7\xa5\x11J\x0e\xe5\x09\xb2.\xfd\x06\xddmi\x91\xb9\
\xe2\xcc\xd8\x03}\xd7u*P\xf9 ;\xd90\xad\xe7\
\x99\xb1\xc7~\xdd\xcaG\xa0e\x0d\xb7m\x0d\x87*\x80\
\xf8\xdaK\x0a\xf8k\x14\xfa\xfe\xc4\xeeo\x16zU\xed\
\xa9\x80b.\xfd\xa0i\x19s\xed\xce\x03\x80\x945\x0f\
-\x0d\x07\xea\xa0F\x06\xee4\xd1\x98+\xce\xa6\x7f\xd3\
\xb3n\xa7\x8bK\xc7\xb3\x9b#\xa6\xf5\x02\x80;\xbaU\
\xac\x7f\x9cBlG)\xa4\xdd\x84;\xe8\x1cC&U\
\xd7\xfbJ\xe1u+\xaa\xed\xdf\xb03?\xdf~\xef;\
\x0a\xb88\x9b~8\xd20\xe6\xd0\xc3y\x00\x90\x1a\xc3\
8\x1b\xf3\xd2\xde@\xa1<\x81\xcc\xdee\x98\xb1'b\
\x18\xa7J\xb9\xf4C\xdf\xa9\xdf\xfa#\x9f[7\xa5\x89\
z\x01\x8c\xdb\xfbypm&\x0314\xc4v\x14\xc1\
i\x87\x16\x84E\x8d\xc0g\x18\x88\x09\xd4U\xdd\x15\xb0\
\x06\xc1\x9b\xa6\xe2\x87\xd7\xdfr\xf1,pI\x01\x85\x5c\
j\xbf&\xe6\xa9~\x9d_\xb5e\x01\xf5OSPE\
\xddm\xd3\xfdS#\xf0Y\x06\xc4e=\xc2\xcfu2\
\xe7\x0a\xb9\xd4~\x00\xa0\xfc\xbb\x99\x97\xb5\x88\xdc\xe7\xfa\
\xf93\x19\xa8zs\x22$\x16D\x7fX\x85~e\xdd\
\xad\x19OP\x9eA\x8b\xf4\xad\xf3q@MY\xae\xed\
X\x06\x8ep\xe5\xbd\xcc\x9d\xaa\xa8\xcd(\xe5\xae/Y\
\xffVr\xa2\x08+_&P\xff8\x1d\xae\x1a\xaaM\
\xc9\xd3\x05Z\x13y\xd1\xdc\xc9@)\x88T%\xa7\xff\
\x1b\xbf\xd05\xe1D\xed\xc3\xcc\xcd4\xb1rr\xf4G\
\xe5\x09\xd2h\xb2\x1f#\x9c\xb2\x80\xe5\xc8\x9ak\xd6E\
\x1d\xb5\x8f\xd2\xe0\x8c\x81\xe8T\x1d<n\x80\xd8\xadF\
\xdb\x10\x02\x95\x01*ps\xbd\xef\xc4\xa8\x8bg\x88\x9a\
\xa7s\xfa\x92V\xa1i\x00\xa0\x85CW\xaf\xd6\xb6H\
U\x927\x96N`\xcc\x9afvX\xe0\xca\x8c\xca\xf1\
\x0c =\x8a\xe9\x02=k@[o\x80\xd3&(a\
\x82\x1c\xd2\x07R\x00V\x08\xa8\x13\xa8\x02\xa0J@\xaf\
\xf9\x8d\x00u\x8d\x02\xf4\xde\x9d\xa0\x14\x84\xea2\xcbg\
h;A[M\x9b\xd6t\xc0\xea\xc5>\xd5`|\x1e\
G\xe3\xeb\xd1\xde\x1e\xb55\x96FT\xf3GW \x06\
F\xc7+M5\x9b\x00\xacKK\x9a\x9b\x80n\x10\xc8\
\x06\x87\x15@\xd4\xbc\xcc\xebKZ\x85~\xdc~\xabc\
&(\x17F~R~'\x9bq\x9a\x1b\x22\xd7\xd7\xa0\
\xc5]\xa4\xc3\x02H\x9d\xa1\x8a:\xaco\xa20\x17\xa3\
\xc02\x81\x96\x09T'\x90\x01w\xce'{;\xdf\x1a\
\xeb\xf4O\xcevr\x1e\xe8\x91\x0a\xb7\xe6\x86\xfa\x17\xc9\
\xcf\xc4\x92s]\x0a!\xb6\xb3\x0c=1\x84< )\
=\xb3\xbf\xe6X\xe7\xcf\xb53\xfa\xb4]\xf2\xed8\xee\
\x06\x1d\xd5\xa0\x0bFv\x95\x10\xbd\xa2\x0e\xf7\x8b\xb2\x07\
\xa8){5\xa9:\xa6\xe1\xfdD}\x8d\xb9Ns@\
\xd7\xc2\x0es\x83\xcak0\xbeL\xc0\xacD:\xdd\xee\
\xc8\xd8T\xa1\xef\xb2H\x02jB\x01\xd1.M\xee1\
\xd6\xbb\xe1\xeaD\xc8I\x0d\x9c\xb50rS\x09\xa3\xdb\
\x0b\x88d\x1b\xfe\x97@\x00\xd0\x00\xc9\x08\xd4\x16\x0bj\
\xb3\xd5\xd1y\xb7Q\xb7\xe3:k\xe9'o\xe0\xf5\x16\
\xa2\xeb\xcb\x88Z\x04u!\x02k1\x02U\xd6a\xd5\
\x19b9\xf4\xb9.\x90\x11\x00\xa3\x02I\x08\x10C\xef\
\x1dg\xdb\xba\xee\x16WC\xa0\x1d\x8bT%\xf9\xd3\xd2\
\xa7HY\xbb\x1d\xf3\x86\x16\x06AU5\xa0\x01\xc0$\
p\xc6\x00@\x80\x06 \x22}o\xaf\xbb\xad\xebn\xf1\
\xd5\x01\xabF&VN\xc6o(\x8f\x83i\xb3_[\
}\xe1a\xacw\xc3\xf7\x7f\x86\x80\xe6\xdcPz;\xbb\
N\x15\xb4\x9c\xdb=\x85\x1b\xfc\x8c\xf5n\x04\xb6s\xd1\
\x84\x13\xb5\x8f2\xd3\xa1\xa9\xc1\xe7X\xefF \x0a\xb0\
\x13\xb4\x1a\xc2\x88\xba\x9dP\xf6\xae\x81\xa9!\xa4\xa8\xdb\
\x09\x5c\x01v\xbc\xaa!\xec\xa8\xdb\x09\xfd,\xcb\xb5\x1a\
\x06\x10u;\xa1*\xc0\x8e\x93\x1a\x06\x19u;\x03=\
\xcd\xec\xaa\x86\x01G\xddN \x89\x90\x17,R\x95\xe4\
\xf6\xd2\x09\x8a\x99\xe47\x9b\xf3\xc3\x10\xce\xb3\x9bh\xc2\
\x89\xda'\x99\x9b]\xed\x06C``s\xc0\xe5\xca\xff\
;@)ua\xd8\x8d\x18\x1a\x0a\x8bLZt\x1b\x94\
\x1c\x19v[\x06\x8d\x02\x8e\x884\xb6\xae\xee\xbe\x17~\
\xbfe\xaf\x129\xcc\xcc\x13\x83l\xc8\xc0'A\x85E\
a\x1cH\xed\xcb\xbf\x0a\xd8\xe6\x80MO\x9d~\xf5\xfb\
\xae\x86V\xd4[\xce\x03]\xce_\x06\xa9\x86\x81(\xa0\
-\xeav:\xae\x02\xdf'5t\x8a\xba\x1d\xc7\x13\xb8\
\xb0\xd5\x10\x9a\x02\x14\x16\x05x4\xf5H\xfeX\xafb\
\x8ey@K\x0d\x02\xbc\x12\x5c\xeb\xc2E\x09^\x11\xad\
\xb1\xcd\xc9y\xc0\xe5+Na\xa8!P\x05\xf4\x19u\
;\xae2\xc1\xcbY\x0dn\xa2n\xc7\xf3KnA\xa9\
\xc1\xb7\x02<D\xdd\x8e\xe7\xbd\xc0\xe5\xa0\x06\xafQ\xb7\
\x13\xc8k\x8e\x0b\x7f\xd8r\x8f\x129\xcc`\xd7\xdf\x09\
yR\x80\xcf\xa8\xdb\x09d7\xb8\xe9\xc9\xd3\xc7\x88\xa2\
[\x07\xa1\x86 \xa2n'\xf0\x17]\xdd\xaa\xa1o\x05\
\x04\x18u;\x81\x9f\x07\x84\xa1\x86\xa0\xa3n'\xd4W\
\x9d\xfbQ\x83\x83\x02\x96D\xe1@\x18\x8e\xb7\x08\xf5D\
h\xd3\x93\xa7\x8f\xb1\xa1o\x13\xe0\xa8\x87\xeaG\x85\x1a\
[\xc3t\x1e\x18\xe0\xcb\xee\xe7\x0fm\xb9\xd7\x82<\xd7\
\xae\x86\x0e\x0aX\x02\xf0\xe8\xd8\xbe\xbc\x97Ns\xcd\xc0\
\xce\x047\xfe\xf1\xf4\xd1>\xd4pT\xa8\xb1uP\xce\
\x03C\xfa\xdc\xc1\xae\x86K\x0a\x18h\xd4\xed\x0c\xed{\
\x8f\x85\x83\xd7\x8eKD=\x97\x9a*@\xa8\xf1\xdb\xd4\
C\xcb\x8b\xc3h\xc7\xff\x00\xe7\xac\xb0w\xce\x5c\x1c\xda\
\x00\x00\x00\x00IEND\xaeB`\x82\
\x00\x00\x04\x85\
\x89\
PNG\x0d\x0a\x1a\x0a\x00\x00\x00\x0dIHDR\x00\
\x00\x00 \x00\x00\x00 \x08\x06\x00\x00\x00szz\xf4\
\x00\x00\x00\x04sBIT\x08\x08\x08\x08|\x08d\x88\
\x00\x00\x04<IDATX\x85\xed\x96]h\x1cU\
\x14\xc7\xff\xe7\xde\xdd\xd9\xeel61\xb14\xb61\xd8\
\xd4Z\xb1\xc5\x84\xd8\x92Pl\x8a\x96\xd2R\xe3&5\
\xb0(\x95X}\xb0\xf6\xc5>\x09\x8a\x22\xbe\x89/\x96\
>\x09)M\x0dQ\xa9\x0dh\xd2V\xabU+\x08U\
\x08\x16\xa1*\xb6\xb6E!\x84\x90D\xc2\xee&\xbb\xdd\
\x9d\x9d\x99{|\x98\x99\xcdt\xb3MvS\x15\x84\x1e\
8\xdc\xf9\xb8\xe7\x9c\xdf=\xf7\xcc\xb9\x03\xdc\x91e\xca\
P\x1c\xda@,\xb2\xebv\xfd\x88\xe5\x1a\x1aF\xe4\xa8\
\x08j\xe7\x06cU\x87\xfes\x80\xc1.\xfd`\xcd\x9a\
\xa6\xf8\x8e\xfd\xafB\xab\x8a\xbc}<V\xb5c\xb9\x00\
T\xa9\xc1\xfb\xdd\xd1\x8e\xaah\xf5\x97[\x9fzQ\x87\
\x91F6\x97\xc3\xe8g\x1f\xa4\xd8\xe2-\xbd\xa7g\xaf\
W\xea\xaf\xa2\x0c\x1c\xef\x0e7\x06\xa5<\xb3\xf9\x89^\
\xdd\x9c\xbc\x82\xe4\xe8I\x04\xad\x0c\x9a\xb7\xed\x892Y\
_\xf5\xc5kk\xfe5\x80\xbe\x18\xf4\x00\xc47\xad\xbb\
\x9f\x89j\xca\xc0\x8d?\x7f\x02@\x98\xfb\xf5k\xd4\xae\
\x5c%\xd6=\xdc\xde\x10\xce\xe7\x87\x87\xe2\x90\xff8\x00\
\x03\xa4\x93~bC\xfb\xae\xb5u\xf74\x8a\xf4\x95\xef\
\x00\x22Gm\x0b\xa9\x8b\xc3X\xbbq\xb3\xb6\xb2\xa1\xa9\
\xdd0\x22\xefV\x02P\x16\xed\xba\xbd\xfa\x9b\xf5\xeb[\
\xf6o\xdc\xf6\xe4\x8a\xd9_\xbe\x8022`e\x01\xca\
\x02\x94\x0defa\xce\x8c\xa1\xb1\xad385~\xbd\
\xb9\xb3I\x8d\x8f\xfcn^*\xc7\xf7\x92\x19\x18\xe8\xd2\
;\xa3uk^k\xd9\xfdl8}\xed\x02T.\x0d\
\x00 \x22\xf8k\xd8LL s\xf9[<\xf2X\xb7\
\xae\x05C\xef\x0dv\x87\xdbo\x1b\xa0\xbf+\xfa\xa0\xa6\
\x85?n\xeb9\xa8\xe7'.\xc3JM\x15\xde1s\
\xd1lFv\xec\x12\xd4\xf4U\xb4n\xdf\x13\x01\xc9\xcf\
?\xec\x09\xdf\xbbl\x80\xbexmM\x00\xf6\xf9\xb6\x9e\
\x03\x11if`L^\x05\xdc\xa0\xc4\xec\x96\x80;\x16\
`\x18s\xbf\x9d\xc7\x0a\xa9\xf0\xd0\x96\xedw\xb1-\xce\
\xf5\xc5\xa0W\x0c0\x14\x87\x0c\x9b\xf9S\xcd;\x9f^\
U}\xf7j\xca\xfcq\x11\x04\x86 \x86$\x86\x94@\
@0\xa4\x00\xa4`H\xa1 9\x0fI\x0c\x02#\xf9\
\xe3\xa7\xa8o\xb8O6\xac\xdft\xbfN\xfa\x09^\xa4\
\xdf\x94\x04\xc8\xe7\x22\x87\x1b7mmol\xe9\x08f\
\xae\xfd\x00\xc1\x16\x04\x94\x03 \x18\x82\x14\xa4`\x04\x84\
\x82\xb0\xd2 s\x0e\x92lH\x01\x04\x04 \x94\x81\xe4\
\xe8I<\xd0\xfah\xa8\xba\xbea\xe7\xe0^\xfd\xad[\
\x01, \x1b\xec\x8e\xec\xab^\xddt\xac\xe3\xb9\xd7\xc3\
D\x00\x9bY\x90\xb2AB`\xf6B?\xd82\x00\xdb\
\x80\xca\xcc\xc0N\xff\x05(\x1b\xcc(h]\xe7\x1b`\
\x06\x94{o3\xe1\xfb\xe1cY3=\xbb\xaf\xf7\xcc\
\x8d\x91\xe2x\x81\xe2\x07\x8a\xf1\xd1\xec\xd48\xce\x1e~\
\xb9\xf0\x08\x80\x88\x1dz\x07\x82\x14@6\xec\xb9\x09P\
6\x81\x00\x01\x90\xf3\xc1\x15;\xad\xe1\xec\xc0\x11\x10\xc1\
\x04\xb3\x0d\x00\x0c\x0a\x83h\xb8\xd4\x82\x17\x00<\x7f:\
s\xd3\xa4\xbe\x03\x08\x86&#y\x02C\xc0\x86J\x8d\
A\x18\x09\x90p\xdd1\xc0p\x83+@8\xfd\xc9V\
do\xd0\xacP\xca\xf3\x13\xd4S\xb9R[\xb0\x00\xa0\
X^:\x0as\xa0\x0b (pr\x0c\x94K@J\
w)~\x00\x05\xd8p2 \xc0v.\x18N\xbc0\
\x92H-\xea\xbc\x1c\x80\x82X9 3\x0d)\x00!\
\x9c\x95z\x00\xcaW\xe6T\xe1\xf9Z6\x00g\x93N\
`\x81\x02\x04\x91\xb3\xf7\xa4\xdc9\xa8\xfc|/\xfb4\
\xe4|\x06Bj\x853H\x0a  \x9d\xd1{F\xa8\
<\x03\xe5\xff\x0f0\x83\x89\x9ce\xc2\xad|Uh\x8e\
\x85Z@q\x87^B\x16\xdb\x82\x00\x00\xcd\x9b\xc3\xf0\
}jn\xca\x15\xe6\x0b\xd0\xfb\xee\xbd\xf8\x9f\xfc\x9c\xad\
s_[\x00\xf2\xeeX\x16\x80\x17X\x03\x10tG@\
\x86\x10y\xfc\x95\xf9t\xfbR\xedoD\xca\x81\xa0\x99\
\x8c\xaar\x03\xe7]\x1f\xde\xb5U\x1c\xcc/nkY\
\xa08\xd5\x7f\xe4V\x99*!\x14\x9cN\xe6\xd9g\xaf\
|\xd76|\x1bU\xaad\xa8(\x03\xc5\x1a\xf09\xf3\
\xec\xd9ul\xbb+4K\xa8\x97\x81\x9b\xaad\xa9\x9a\
\x0d\x94\x08*\xe1\x14\xaf\xff\x8f\x84]U>\x10?L\
\xc9\xfd/\x07`1\xbbb[\x0f\xe2\x8e\xfc\xbf\xe4o\
P(\xb0\x8b_\x05.2\x00\x00\x00\x00IEND\
\xaeB`\x82\
\x00\x00/\xf1\
\x89\
PNG\x0d\x0a\x1a\x0a\x00\x00\x00\x0dIHDR\x00\
\x00\x00\x80\x00\x00\x00\x80\x08\x06\x00\x00\x00\xc3>a\xcb\
\x00\x00\x00\x06bKGD\x00\x00\x00\x00\x00\x00\xf9C\
\xbb\x7f\x00\x00\x00\x09pHYs\x00\x00\x00H\x00\x00\
\x00H\x00F\xc9k>\x00\x00\x00\x09vpAg\x00\
\x00\x00\x80\x00\x00\x00\x80\x000\xe11\x9a\x00\x00/\x1a\
IDATx\xda\xed\xbd[\x90$\xd9y\xdf\xf7\xfb\
\xce\xc9\xac\xea\xaa\xea\xebL\xef\xee\xcc\xeebvf\x81\
\xbd\xcc.\x88\xc5\x85\x10A\x08\xa2D2 \x03\x0eK\
 \xf5@\x8a\x22CA\x81\x0a\xc3\x04@\xd0\xa0\x22\x14\
\x86\x1d\x8e\xb0\xc34\x1f\xc0\x07\xbf\xf9\x89v8\x1c\xe4\
\x0b\xa5\xd8 `K\xa2(\xd1\x84$\xc80HB\xe0\
bo\xdc].\xb0\xbb\xd8\x9dkOwWu]3\
\xf3\x9c\xcf\x0f'3+\xb3\xaa\xfa2\xb3=\x8b&\xa3\
Otv\x9e<\x99\x95\xb7\xffw?_\x9e\x03\xa7\xe5\
\xb4\x9c\x96\xd3rZN\xcbi9-\xa7\xe5\xb4\x9c\x96\
\xd3rZN\xcbi9-\xa7\xe5\xb4\x9c\x96\xd3rZ\
N\xcbi9-\xa7\xe5\xafl\x91\xe3<\xd9g>\xff\
_\x03\x1a\x0b\xe6>D6\xc4H\xdb\x88X\x11A\x8c\
\xc1\x88 \x84\xba\x18\xc1\x14u\x91|1\x183\xad\x8b\
H\xbe]\xa9c\xc0\x08F\x04#\xd3zy\x0e\x13\xda\
\x8b\xbaH\xf8MQ7\x12\xea\x180\x98\xfc\x1c\xcc\xfd\
\xc6\x88\x81\xf2|\xf9=\x98\xe9u\x8c\x08\xd4\xee\xb7\xf2\
\x8c\xb5}T\xee\xdf\x80*\xce9\xbc\xf78\xe7\xf2\xba\
+\xeb\xc5>\xef\x1c\xbe\xd8v^\x9dw#\xe7]\xd7\
;w\xads\xe1\xe2\xa8\xff\xdaw\xf9\xd5\xcf~\xe6d\
\x10\xc0?\xfe\xe5\xcf\xa3Jd\x8c\xf9\x18\xf0\x8fD\xcc\
\x8f\x1a#\xab\x22\xa6i\x8c\x98\xe2\xe5\x99\x0a\xb0\xc5K\
\xac\x13@xI\x07\x12@u\xdf\x0c(S\x00s \
*\xc7\x07\xc0\xaa\xe7\x9f^\x0f\xa9\x10\xd1B\x02\x5cD\
\x00\xa6v\xbd\x80\xb9\x99>\xd7\x82{\xbbS\x02p\xce\
\xabsY\xe2\xbd\x1b8\xe7\x9e\xf3\xde\xff\x9f\xaa\xfe\xff\
\x06\x19\xfd\xda\xe7\x7f\xf9\x07K\x00\xbf\xf4\x99\xcf\x82j\
\x84\xb1\x9f7\xc6\xfcw\xcb\xcb\x9d\xcd\xcd\xcd\xb3\xb4Z\
m\xa2\xd8\x06NZt9)\xb6fnA\xc2?\x01\
\x94\xca12\x7f\x8eiS8\xbeFh\xc6\xd4\x08j\
a[\x8d\xb8L\xfd\x98*G\xcf\xee\xab\x11\xd9\xe2s\
\x9a*1V\xae\x83j\x008_T}m\xbbls\
\x1e\xf5\x1e\x9f\xd7\xd3,c2\x99\xb0\xb3\xbbKoo\
o\xe8\x9c\xfb-\xef\xfd\x7f\x8f\xd0\xfb\xa7\xbf\xfa+?\
\x18\x02\xf8\xf4?\xfe,Q3\x22\xcb\xdc?0\xc6\xfc\
\xaf\x0f>\xf8\xc0\xda\xc5\x8b\x17\xf0^I\x92\x04\xe7\x5c\
y\xac\xd6\xff-l\xd3\xda\x8e\xa2\xaa\x8b\xdb\x94\xc5\xa5\
$\x86\x9ct\xaa\xeb|\xdf\x81\xc7\xcc\xac\xcb\xe3o\xe7\
\xd8\xd9\xb5L_\xb5\xaa\xa2\xaa\x90\xaf\x15E\x95\xe9v\
\xd8\xc8\xeb\x94\xdb\xd6Z\xda\xed\x16\x1b\xeb\xeb\xec\xf6z\
\xbc\xf9\xd6\xd5\xd49\xf7\x1b\xce\xb9\xffI\x8c\xb8\xff\xe6\
\x8b\xbfzG\x18Fo\x87\x00\xb0B\x96\xba\x0b\x0a\xff\
ts\xf3\xec\xda{\xdes\x89\xed\xed.\x83\xc1 \xbf\
\xf1\x9c\x97\x8f\xd5\xd2\xb8\xf3R\xdc\xd3;v\xbdp\xd1\
\xf2\xdaZ\xa9\xdf\xc9\x1a`ue\x85'\x9fx\x9c{\
7\xcf\xc6W\xae]\xff\xac\x88\xfc[\x81\xaf\xdf\xe9=\
\xde14\xff\xe83\x9f\x0bbZ\xf5\x1fFQ\xf4\xbf\
\x7f\xf0\x83OYc,\xdb\xdb;\x00D\xd6\xb2\xbe\xbe\
\xce\xea\xca2Q\x14!\x22\xf8*\xe5\x97\x14\xee\xd1\xe2\
\x05\xf9\x82#\xf6[\xf2\xe3u\xfaB\xcb\xe3\xe7~[\
\x1c\xab\xf5\xe3\xf7Y\xee\x0a\x01\xdc&\xe8G9\xc6{\
\xe5\xbe{7y\xec\xd1Gx\xe9\x95W\x19\x8d\xc7\xff\
\xcb\xfd\xf7\xbf\xe7\xd7\xae\x5cy\x89/\xfd\x93\x7fr\xdb\
\xf7\xf8\xb6$\x80\x11p\xca\xfb\x96\x96\x9a\xb6\xd3is\
\xf3\xe6-T\x95f\xb3\xc9\xa5\x87.\xb0\xbe\xbe\x16\x80\
\xf7\x1a\xc0\xf0\x8a\xaf\xbc\xf4\xa0\xef\xf2\xb6\x99zy\x5c\
\xa5\xbd8\xbex\x11\x05\xc0\xa1\xae\xf8\xfc\x1a\xe51*\
\x95kz\xd4\x83\x0f\xaf\x92\xbb\x84\xf9m\x03z\xfbk\
ekk\x9b\x87.LX^\xee0\x1c\x8d\xde\xff\xd6\
[//\x0b\xa6\x7f'\xf7\xfb\xb6\x08 R\xc8\xa0m\
\x8c\x05\x04\xe7\x1c\xc6\x18\x1e\xbc\xff<g66\xf0\xea\
q\xce\x1f\x08\xfe~\xf5)\x01\xe4\xc0.<6\x00\xeb\
\x0b\x09\xa0\xf5\xedE\x84U;\xf71r\xffq\x01\xbe\
\xb8\x0d\xa6D\xab\xa4Y\xcax<\xa6\x11\xc7\x00k\x82\
4\xee\x18\xc3cy\xfa\xf2%@\xa7\xdd\xe6\xcc\x99\x00\
\xfea\x9c\x7f\xa0\x14\x98\x01\xbf\xca\xf1\x8b\xc1\x9f\x95\x06\
\xfbK\x92\xe2\xba\xc7\x01\xfa\xed\x00y\xfb\xc4P\x07\xbe\
X\x17\xcfx\x1c\xe5X\x09\x00\xa0\xddnc\x8c\x9d\x02\
T\x13\xc93\x22z_\xb1_9\xfe\x88\xe0\xfb\xda\xef\
\xaa\xe7\xf3\xb5\xf6\xe2\x9ao\x17\xf8\xbb!\xde\x8f\x02~\
i\xcfpB\x09\xc0\x18\x99\x8a\xe2\x03\xc0\x9e\x12\xc5\xe1\
\x9c\xbaP\xefW\xc1\xaf\x02_\xbb\xae\xaf\xd9\x00o\x87\
s\x8e\xdb\x98\x9b\xff\xcd\xfe\x80\xcf\x13\x80\xe7\x98\xf0?\
~\x02(n\xf00\xf0\xab\x80\xcfq\xf2\xdb\x12\xf9y\
@\xc5\xf9\xe9\xf5*/\xfbN\xc1\x7f'\xc4\xfb4\x06\
p\x18\x11\x9c`\x09P\xd5Q~\x01\xa7/\xe4\xee\x03\
\xc0\xafr\xb3_`\xe8\xa9*\xce;\x9c\xf3dYV\
\xbbf\xed\xa5\xe7wW\x04\x80\x8a\x00\xceA`\x17\xa5\
8~\x96\x08\xeeT\x0a\xdc\x0e\xb7\xefg\x03\x9cp\x09\
\xb0\xc8\x9a?\xdc\xcd\x9b\xb7\xf8\xf7q\xf5\xf2c\x9ds\
$iZ\x02_\xbe`\xc0\x88\x10E\x11K\xcd&\xed\
v\x8bN\xbbC\xbb\xddbii\x89F\x1c\x13\xc5\x11\
T\xf5\xa9\x82\xf3\x8e$I\x99L&\x8c\xc6c\x86\xc3\
\x11\xa3\xd1\x88\xf1xL\x92\xa6\xa8*\x22\x82\xb5\x16\xa0\
\x8c\xdd\x1fU*\x1c\x89\xb3\x8f\xa4\x02N\xb0\x04\x08\xc1\
\x18?\x07\xd6\x1c\xf83\x5c\x7f\xb8\xc5?5\x223\x97\
\x91$)Y\x96\xd6\xf4\xba\xb5\x96\xe5N\x873\x1b\xeb\
lnnr\xf6\xcc\x19:\x9d6K\xcd&\xd6\x1aD\
L\x8d{g\x97YO%\xcb2\xd24e4\x1a\xb3\
\xd7\xef\xb3\xb3\xb3\xcbn\xb7K\x7f0 MS\xac\xb5\
Xkq\xce\x1d,}\x8e\x81\xeb\xff\xd2\xd8\x00\xe4\x80\
\xf9\x19\xeb[\xef\x00\xfcY\x0f\xc2e\x8e\xc9dRr\
c\xf1\x82W\x96\x97\xb9\xff\xfc9\xee?\x7f\x9e\xb3g\
\xcf\xd0ZZ\xc2ZS\x9e#\x80\xe9P\xcd\xe6b\x00\
sKE\x22\xa1`\x8c\xa1\xddn\xd1j-\xb1y\xf6\
\x0ci\x9a\xd1\x1f\x0c\xd8\xde\xd9\xe1\xd6\xadmz{{\
@8\xce9G\x92$w\x0c\xf8Ql\x80\x9a\xfa\x91\
\xb7\x1fc\xbf+*\xa0\xe6\x92\x1d\xa8\x0a\x0e\x0b\xf2L\
u|2I\x18O&\xe51\x22\xc2\xfa\xda\x1a\x17\xde\
\xf5 \x17\x1f\xba\xc0\xda\xeaj\x1eu\xf4%G.\xe2\
\xec\xc5\xa0\x07\x91Z\xbd\xfeAK\xbb\xd5\xa2\xb5\xb4\xc4\
=\x9b\x9b\xec\xec\xecpck\x8b^o\xafT\x0f\x93\
\xc9\x844\x0d\xd2\xe9\xf8\xb8~\xde\xbe8\x8erwT\
@\x01\xf21\x04y\xb24c4\x1e\x93Vt\xf0\xda\
\xea*\x97.>\xc4\xc5\x0b\xef\xa2\xd3\xe9\xa0\x1a\xa2c\
\xf50\xf0\xe1@\xce\x06\xa8\xaa\xf7p\xd4\xf3\xac\xad\xad\
\xd1Y\xee\xb0\xd7\xdb\xe3\xe6\xd6\x16\xbd\xbd>\x92\xdb\x1f\
\xa3\xd1\x18\xe7\xb2\xb7-\x0d\xf632\xe5$J\x80\xc2\
\xb0\xbas\xf0\xa7\xed\x93d\xc2h4.\xdb\x96\x9aM\
.>t\x81w?|\x89\x95\xe5eT\x95$M\xe6\
U\xcd!KU\xba\xcc/\xfeH\xe7\x9a=G\xbb\xdd\
\xe6\x81\xfb\xefg\xa5\xb7\xc7\xd6\xad[\x8c\xc6c\x8c1\
\x8cF#&\x93\xe4H\xe2\xfd \xc0\xab\xeb\xe3\x88b\
\xde5\x02X\x04\xfeQ\x22|\xd5\xba\xf3\x9e\xd1h\xcc\
$\x17\xf9\x22\xc2\xbd\xf7l\xf2\xf8c\x8fr\xcf\xe6&\
\x02\x15]{t\xe0\x8f\xc4\xd9\xd5\xce\xa3Z\x8f\xe2a\
\x84S\x10B\x8b\xf3\xf1}\xec\xecv\xe9\xed\xf5B\xa2\
\x891\x0c\x87\xa3\x5c%\x1c\x0c\xf8\xd1\xbc\x89\x5c\x02\x9c\
D\x02(\xdc\x99E\xe0\x1f\xd6\xa9\xa3\xaad\xce3\x1c\
\x0eK\x80\xe38\xe6\xd2\xc5\x87x\xcf\xc3\x97h6\x9b\
A\xb7W\xcf{\xe0BIp\xde\x07#2s\x19\xce\
\xf9\xc5\xfa\x9e\xc5q\x82E\xf7|\x181\xad\xae\xae\x10\
E\x11\xddn\xb7\xcc\x18\xda\xdb\xeb\xe3\xbd\xbb-n\xdf\
\x8f\x00\x8e\xab\xdcE#p6>\x7f\xb0\xbeWU\xb2\
\xcc1\x18\x0eK\xce\xeft:\x5c~\xec\x11\xce\x9f;\
\x8f\x08\x8c\xc7\xe3}\x01\xa0\x02\xb8s\x8eI\x920\x1c\
\x0d+\xbe\xfc\x84$Mp\x99\xc3\xe5\xa9W\x8b\x8a1\
\x06k\x0c\xd6Z\xa2(\xa2\xd1\x88\x89\xe3\xb0\x14y\x0d\
\xcc\xa8\xb3\xaa\xa7R%<c\x0c+++\xec\xf5\xfb\
9hB\xaf\xd7\xc3\xfb\xc2.\xb8\xf3P\xf2q\x11\xc1\
]Q\x01G\x07\x7f\xaa*\x5c\xe6\xe8\x0f\x06\x0c\x87C\
\xb2\xcc\xb1\xb1\xbe\xc6{/?\xce\xc6\xc6\x06\x93\xc9d\
_=]\x00\x9ff)\x83\xc1\x90n\xafG\xb7\xdb\xa3\
?\x18\x90$\x09\xde\xfb\x90\xaf\x97\xe7\xf5\xed\xf7\x02\xcb\
\xa4M(;\x8d\xbc\xf3\x14\x0e\xb7\xb5\x968\x8ei6\
\x1b4\x9bM\x1aq\x8c\x11SKH\xf1Z\x7f\xbeb\
\x091\x08!\x8a,\xab\xab+t\xbb\xbd\xd2K9\x0c\
\xe8E\xeb\x13m\x03\xc0!a_\xad[\xf9Z\x01\x7f\
oo\x8f\xc9$\xe1\x9e\xcd\xb3<q\xf9q\xda\xed6\
\xa3\xd1\xa8\xfebg,\xfdI2\xe1\xd6\xd667n\
\xde\xa4\xdf\xef\x93f\x19\xc6\x18\xe28\xc6\x18\x83w\x8e\
\xee\xee\x0e;\xdb\xdb\xdc\xbau\x8b^\xaf\xcb\xa0\xdf'\
KS\x8a\xccS\x05\xe28\xa6\xb3\xbc\xcc\xda\xda\x1ag\
\xcen\xb2\xbe\xb1\xc1\xea\xca*q\xa3\x81s\x8e\xf1x\
\xccp8,\x89%\x8a\x22\x9a\xcd&KK\xcd\x10\x19\
T\xe6C\xdf3\xb1\x90,M\x91\x5c*t\xbb\xbbd\
\xd94z9K\x98G\xb1\x01N$\x01\xa8R\xd3\xd1\
\xfb\xbax\x958\xfe`0`gg\x97\xe1p\xc8\xbd\
\xf7\xdc\xc3c\x8f<Bd-\xc3\xe1p\xc6{\x98\x9e\
g4\x1es\xe3\xe6\x16\xd7o\x04\xe0U\x95F\xa3\xc1\
\xd2R\x13\x97e|\xff\x8d\xd7x\xfd\xb5\xefq\xed\xea\
[\xec\xee\xee2\x1c\x0eJ\xfb!\xa7\xd3z0-\x7f\
\xa1b\x0cQ\x14\xd1\xeet8{v\x93\x07\x1e|\x17\
\x0f\xbe\xeb!\xee\xbd\xef>\xa2(&I&dY\xc6\
x<a0\x18\x94\xc4\xd6\x88\x1b\x18+S\xc3q&\
\xfaY\xd4\xbd\xf74\x9bMVVV\xd8\xdd\xed\x96\x89\
\xb3\x7ful\x80J^\xde\xac\xd14\x0b\xbe\xf7\x9e\xe1\
p\xc4\xad\xedmz\xbd\x1eg\xcf\x9c\xe5\x91w_B\
\x04\x86\xc3\xe1\x02\x03\x12\x92d\xc2\xf5\x1b7\xb9v\xed\
:\xfd<\xf9\xb4\xd9l\xd2i\xb7\x19O\x86|\xe7\x99\
gy\xf9\xa5\x17\xd9\xd9\xbe\x85\xb5\x96F\xa3A\xbb\xdd\
\xa4\xdd^\x0a\x00/0\x9d\xe7\xdfgP+\xc3a\x8f\
?\x7f\xf1Y^x\xe1;\xac\xae\xae\xf1\x9eG\x1e\xe3\
\xe1w?J\xb3\xb9\xc4h4\x22I2\x00F\xa3q\
\x19\x04*\xfa\x09\x16\xa9\x82\x02\xc0\xf1x\xcc\xf2\xf22\
\xcb\xcb\x1d\xba\xdd^M\xa4\x1fU\x1a\x9cX\x09\x80N\
u\xe8\x22C\xaf\x0a\xfeh4\xe2\xd6\xad[lm\xdd\
bmm\x95w\xbf\xfb\x12\x22\xc2`8\x9c\xb3\xf4\x9d\
sl\xef\xec\xf2\xe6[o\xd1\xeb\xed\xe1\xbd'\x8a\x22\
VVV\x00\xc7s/\xfc'\xfe\xfc\xc5g\xd9\xdd\xd9\
\xc6\xab\x0f1z\xf5\x0c'\xc9\x9c;\x87\x061\xbeH\
\x02\x04\x22)>\x1e\x81BO\x5c\xbf\xb1\xc7\xf5\x1bo\
\xf1\xe2\x8b\xcfp\xf9\x89\xf7\xf1\xeew?\x861M\x06\
\x83\xc1\x9cN\x96\x8a\xad\xb1_I\xd3\x94\xb5\xb5u\xda\
\xed6{y8\xf90\xee'\xf7TTO\xb0\x0d0\
\x1b\xcc\xd9/\xae?I&l\xef\xecp\xe3\xfa\x0d\x9a\
KM\x1e\xbet\x11+&\x07\xbf\xee\x8b\x8f\xc7c\xae\
\x5c\xbd\xc6\x8d\x1b7H\xb3\x0c\x11aii\x89\xd5\xd5\
\x15n\xde|\x8bg\x9f\xff\x16\xb7\xb6n\xa0\x0a\xed\xe5\
\xc0\xe9\xc5\xb5\x8d\xb1\xb4\xdbm\xcel\x9c\xe1\xbe{\xcf\
\xb1\xb9\xb9\xc9\xc6\xfa\x19\xda\xedv\x8d\xf3\xd34eg\
w\x9b\x9d\x9dm\xae^\xbb\xca\xad\xed-\xf6\xf6\xf6\xc8\
\xb2\x14\x98\x1a\x88\xa3I\x9fo\xff\xd97x\xeb\xcak\
\xfc\xd0\x0f\xfd0g6\xee-m\x97\xdb\xf1\xcb\xd3\x14\
\xbc\xdbf\xe3\xcc\x06\xcdf\x93\xd1h\x14\xde_\x01\xf4\
\x0c\xe8\x85\xce*s\x1bT\x8f%\xdd\xfe\xae\xa9\x80\xfd\
\xc0W\xf5diFw\xb7\xc7\xf5k\xd7QU.^\
\xb8@#\x8e\x19\x8e\x86s\x04\xb4\xd7\xdf\xe3\xcd7\xdf\
bo\xaf\x8f\x12\xc2\x9f\xcb\xcb\xab,\xb5\x1a\xbc\xf8\xd2\
\xb7x\xe3\x8dW\x89\xa3\x06\xf7\xdd{\xae\x8c\xe7GQ\
\xc4\xb9\xfb\xce\xf3\xd8#\x8f\xf3\xde\xf7\xbe\x8fG\xde\xf3\
(\xf7\x9f\x7f\x80\xb5\xd55\x96\x96\x96\x88C2\xe5\x5c\
q.t6\xf5\x07{\xdc\xb8q\x9d\xef~\xef\xbb<\
\xf7\xfc\xb3\xbc\xf0\xe7\xcf\xf3\xc6\x1b\xaf3\x1c\x0d\xcaO\
\xc2T\x1d\xcf=\xf7'<\xf0\xc0C\x5c\xbax\x19c\
\x0c\x83\xc1\xe0\xb6\xde\xd5x\xec\xe8\xeevY][%\
I\x92\x9ag\xb0\x08x\xaa*\xe0\x98\xf0\xba;q\x80\
\x05\x11\xbe\xb2\xf3\xc7{\xf6\xfa}\xae\xdf\xb8\xcep4\
\xe4\xe2C\x17h\xb5\x82N\xf5\x95>\x04\xef\x95\x9d\x9d\
\x1d\xae\x5c\xbdJ\x92$@0\xd0\xd6\xd7\xd7A2\xfe\
\xec\xd9\xff\xc0\x8d\x9bW\xb0\xd6\xe2I\x18\xa5c\xda\xed\
6\xef\xbb\xfc\x14?\xf17\xff6?\xf2\xe1\x1f\xe5\xbe\
{\xcf\xd1h4\xa6/\xad\x90>\x93\xc9\xe2\x9b\x17\x88\
\xa2\x88\xf5\xf5\x0d\xcel\x9c\xe5\xf1\xc7\x9f\xe0?\xfb\xf8\
'\xd9\xed\xee\xf2\xecs\xcf\xf0\x87_\xfb\x03\xbe\xf9\xa7\
\xdf\xe0\xd6\xf6\xcd\xf0\xc1\x8b\x87\xbf\xf8\xdes\xf4\xfa;\
<\xf1\xd8\x07Y\xee,\xd3\xeb\xf5\x02hGd\xcf~\
\xbfO\x14G\xb4\xdbm\xba\xdd\xee\x01\x04P\xb1ZO\
\xb2\x11\x08\x8b\xc1\xf7>X\xc6\xc3\xd1\x88[[[\xec\
nos\xe6\xcc\x06k+\xab\x8csW\xaf \x00\xe7\
\x1c\xb7\xb6nqck\x0b\x9f[\xc9b\x0cg\xd6\xd7\
\xf1:\xe6\x85\x97\xff\x84\xbd\xbd]\x96Z\x0d\xbcz\xe2\
(\xe2}O~\x80\xbf\xf3\xc9\xbf\xc7\x87\xde\xffaV\
VV\xf3\xa8bJ6J\xdf\xc6\x93\x04\x18\xdb\xed\x16\
\x1f\xf9\x91\x8f\xf2\xc1\x0f|\x88W^}\x89\x7f\xf1\xaf\
\xbf\xc2\xbf\xff\x8f\xff\x0f\xdd^\x978\xb6lw\xaf\xf2\
\xdcK\xff\x1f\x97\x1f\xf9aVWW\xd8\xdd\xdd\xcdC\
\xb5\xfb\x10A\xa5YU\xd9\xdd\xddess\xb3\xa6\x0a\
Jn\xaf\x00_\xd4K\x15p\x12\x09\xa0\x0c\xbf\xd6\xb8\
9pt\x9ae\xf4\xba]n\xde\xbc\x89\x8d,g6\
6\x98$\x932\x97/${8n\xdd\xdafgg\
\x07\x9f\xc7\xbbE\x84\x8d\xf5\x0d\xd4$\xbc\xfc\xea\x7f\x02\
\xf5\xac\xafn\xe0U9w\xdfy>\xf1\xf1\xff\x82\x1f\
\xfb\xe8\x8f\xb3\xba\xb2\x86\xf7\x9e\xf1x|\xdc\x8fU\x96\
G\xde\xfd8\x9f\xfb/\x1f\xe6o|\xf4o\xf1\xd5\x7f\
\xf94\x7f\xfe\xd2\xf3\xe1Y\xf1\xbc\xf6\xfd\xe7\xb9t\xe1\
\x87\x82\x9f\xbf\xbb\x1b\x02U\x8bh`\x06;\xef\x1c\xbd\
\xdd]V\xd7\xd7\x99\x8c\xc78\xef\xe6@\x9f\xcf\x09<\
\x9er\xd7\x8c\xc0\x02\xf4\xb2\xae!\xc6\xbf\xb5\xb5\xc5h\
8\xe0\xdc\xb9s\xc1\x13\x18\x0eKI\xe1\x9cggw\
\x87n\xb7W\x8aB\x11a\xe3\xccY\xa2\xa6\xf2\xea\xf7\
\x9f!cD\xdcl\x80\xc0\x87\xde\xfb\xd7\xf8{\x7f\xf7\
\xef\xf3\xe0\xfd\x17\x00e8\xba=\x1d|\xe7Ex\xef\
\x13Oq\xe1\xc1\x8b\xfc\x9b?\xfaW\xfc\xfe\x1f~\x95\
\xf1d\xcc$\xdb\xe3\xb5+\xdf\xe1\xd2\x03O\xd1Y^\
\xa6\xd7\xdd-\x8f?\xe4\xad\xd1\xef\xf7Yj\x85\x94\xb5\
\xfe\xa0_4S\x05>\xbc\xdfiW\xf1q\x94\xe3'\
\x00\xef\xcb\xce\x16_\xe1\xec$M\xe8vw\xb9uk\
\x8bf\xa3I\x1cE\xc1\xd7/\xc5\xbego\xafW\x1a\
{EY]]\xa3\xb5\xdc\xe0\x8d\xeb\xdf!\xf1\x03\xa2\
\x86\xc1\x18\xe5#\x1f\xfa\x18?\xf5\xc9\x9fe}\xed\x0c\
\x93dD)\xb0g\xde\xcb\xf1i\xcb\xb9'\xa5\xd1l\
\xf0\x89\x8f\xff\xe7\xb4:M\xfe\xaf?\xf8\xe7\xec\xf5\xbb\
\x8c\xd2.om\xbd\xc8\x83\xf7<I2i1\x18\xf4\
a\x7feP\xd2\x86\xaa\xa7\xbb\xbb\xcb\x99\xcd\xcd\x90]\
\x94\xb9\xf2:u\x02\x98\xba\xb2\xc7Q\x8e\x95\x00\x0a\xd0\
\x9dw\xb9\xce\x9fJ\x81\xe1p\xc4\xd6\xcd-\xd2\xc9\x84\
\xd5\xe5e\xc6\xe3\xf1\xf4\x18U\x86\xc3!\xfd\xc1\xa0\xa2\
\xfb\xa0\xd5j\xb1vf\x8d\x9b\xbdW\xc8\xfc\x90\xa5f\
\x0bc\x0c\x7f\xfd\xaf\xfd->\xf1\xe3\x9fb\xa9\xb9\xc4\
dr\xf7\xc4\xbd\xee\xbbQ)\x22|\xec#?N\xbb\
\xdd\xe6+\xbf\xff\xcf\xe8\xf7{$n\xc0v\xff\x0d\xd6\
7.0\x99\x8cI&\xc9\x91l\xc2\xe1p@{\xd4\
\xa1\xd9h2H\x07\xb5\x0bO\x8d\xc3\x13\x9b\x14:\x0d\
\xf0\xf8\x9a\x04P\xd24e\xaf\xd7\xa3\xbb\xb3\x9d'Q\
f\x0c\x87i\x99;\x98&\x09\xc3\xd1\x08\xf5Z\xc6\xe7\
\xad\xb5\x9c9\xbbI?\xbd\xc6(\xbdE\xb3\xb1\x84\x11\
\xcb\x0f\xbf\xff\xa3|\xfc\xc7>\x89\xb5\x96$M\x8e\xef\
\xf6\xdffy\xdf\x13\x1f\x04\x85\x7f\xf5\x87_a8\x1a\
0Nw\x18\xbb\x0ek\xeb\x1b\xdc\xb8~\x0duG\x08\
\xde\xa8\xd2\xeb\xeerv\xf3^\xc4Hi\x00\x87]S\
\xef`j\x00\x9e\xa0\x8c\xa0\xd2\xf8\xd3\xe9\x10(\x85\xf8\
\x9fL\xc6\xec\xee\xec0\x1e\x8fB\x07O.\xfa\x8bc\
\x8b\xbe\xffj\xd98s\x16i&\xec\x0d\xdf\xc26@\
u\xc2\xc3\x97\x9e\xe0\xa3?\xf21T<\xe3tx\x5c\
\xb7>\xf3 w\xfe\xd3\xc7\x1ey\x9c[{\xd7\xf8w\
\xdf\xfc\x03\xbc\xcb\xe8%o\xb2\xd9z\x8cNg\x99\xee\
\xee\xf6\xe1c%(\x0c\x07\x03VV'\xc4Q\xc48\
\xcbj/\xb8\xf4\x0bT\x8f\xcd\x13<\xe6\x8fC\xeb\xc3\
\x9f\x14\x09\x9a\x83\xc10\x84h\x9d'\x99L\xe6\xdc\xc3\
\xea\xd3\xa8\xc2\xd2R\x8b\x95\xf5e\xfa\xd9\xf7\x10\xeb\xb1\
\xc6\xb2\xbez\x86\x8f}\xf8'i4\x1a\xa4\xd9\x1dr\
\xfem\xbe\xb4\xdb}\xc7\x22\xf0\xd4\x13\x1f\xe6\xda\xd6\x9b\
\xbc\xfc\xbd\xe7\x11\x1c\x03\x7f\x8d\x95\xb5\x07\xe8\xefuI\
\x93\xe4\xf0L^\xe7\xe8\xef\xf5XY[\x87<\xffa\
6\x18tb\x8d\xc0\x82\x00\x9cse\x16N\x9a\xa6\xec\
\xed\xed\xd1\xef\xef\x85\x0f)F\x19\x87ud\xac\xae\xaf\
\xe3\xa2=2\xd7\xa7!-D,\xef\x7f\xecG\xd9X\
\xb9\x87$Y\xe0\xd7\xdf=K\xef(O]\xdb\xb2\x12\
\xf1\xa1'\xff:7on1\x18\xf4q:\xc2\xc7\x03\
:\x9dU\xb6\xc77\x8et\xb6\xfe^\x8f\xe5\x95\xb5\xdc\
\x18\xcc\xeaQ@N\xac\x11X\xf4\xf4Q\x1a\x81\xde+\
\xe3IBwg\x9b\xf1h\xc8QtV\xab\xd5\xa6\xb3\
\xdabb_\xc3\x18\x85h\xc2\xd9\x8d\xf3<\xf4\xd0E\
\x12?\xbcs\xe3\xe7\x1d$\x92\xf5\x8d5.=\xfc\x10\
\xcf\xbd\xf2-\x04H\xd9\xa2\xbd\xfa\x00;\xdbRF5\
\x0f*.\xcb\x18\x8d\x86X\x1b\x91\xa5\xe9\x5c0\xe8D\
\x1a\x81E\x08X\xa4\xea\x06:\xc6\xe3\x11\xbb;;$\
I2u\x86\x16\xd2AH\xb5\xda\xbc\xe7>h\x0e\xf1\
vH1\xbe\xd8\x85\x07/\x12\xc5\x96${\x1b\x16\xbf\
\xccW\x17\xf4\x02\x1fK\x11\x11.<p\x91\xef^y\
\x9eI2F\x19bZ\x13\x96Z\x9d\xd2-<\xece\
\xee\xf5\xba\x9c\xdd\xbcg\xda#X\x0b\x08\x9dH\x090\
\xf5Q\x0b#0s\x8e\xe1`\xc0^\xafK\x9a\xa6\x8b\
\xf3\xd8\xa7\xde\x0dq\x1c\xb3\xbc\xb6L\xd6\xb8\x89\xa8E\
\xb2\x88\xa5f\x8b{\xd7\xdeE\x96\xb8\xdb\xeb\x03\xaf\x01\
~\x10\xe1-\xba\x97\xb7\xff\x82\x97\x9768\xdb\xb9\x9f\
k\xc3\xb7\x10#h\xb4Ggu\x99\x9b\xd7\xaf\x86H\
\xdf\x817\x14\x08`\xe3\xecf\xfe\xb1\x8b\xab\x98I'\
\xdc\x06\xa8\x11@\xae\xff\x87\xc3A\x9e_w\xc0oQ\
\x96WV\x89;\x82\x8b\x07\x88z\xd4\xa4,\xaf\x9f\xa5\
\xb9\x14\x07\xf1\x7f\xc83\x17\xf4\x15\x127\x99\x19^p\
\xc1\xf8\x82\xb5\xebS\xba\xa0\xa0h\x91.6\x13\x85;\
j\x11\x116\xcenp\xbd\xf7\x06\x02x\xd9\xa3\xd9Y\
\xc5\xc6\x0dF{\xddzhh\xc1\x0d\xf9~\x9fd2\
A\x8cA]V\xb9\xbeV<\x82\xb7_\xee\x8a\x11\x08\
\x82\xaa'MC\xec\x7f<\x1a/\x1e\x0f\xb2\xd2\xa8(\
\x9d\xce2\xb24\x00\x9b\x86=\x91\xa7\xb3\xd2\xc4\xdb\x94\
\xc4\xef\xdf\xa9S\x02\x9f#\x1e\x86\x04\x94\xda\xbe\xb0k\
F\x12,\x8a\x1aj\x05l\xa1\x14\xb7Z\xe9\x91;\xca\
\xcb\x17\x11\xda+M\xec\x92\xcb\x138\x04i\x8di\xb5\
\xda\xeclo\x1d\x14\x1b\x04 %e\xd0\xef\xb3\xbc\xb2\
\xb28A\xe4\xa4\xa9\x80\xa2\xf7/\xb8x.'\x80\x84\
\xbd^\x97$M\x0e\xfd\x8c\xc9ZK{\xb9\x836\xf6\
\xc2\xcb\xc9\x22\x04hH\x87lr\x80\xf8\xaf\x00\x1e\x06\
\x83,\x07\x1b\xad\x11\xc4\xf4\xe0\xeaM/|\x12\xa6\x9e\
W\xd5\xfd\xa2\xf4\xbf\x8f\x02\x80 D\xda$\xd2\x16i\
\x96\x22\xa2\xd0\x18\xd1\xea\xb4\xc3'\xe5\xfe\xe0\x13(J\
\xbf\xbf\xc7\xca\xeaj=\x0aHa\x00\x9eH\x15\xe0\xf3\
/yBXx2I\xe8\xef\xed\x91&\xe9!\x04\xa0\
\xc4\x9de\x9a\x9d\x08\x8d\x87S\x04\x09\xc0&\xd9\xa4\x16\
\x22\x9e\xe5\xf4\x92\xe3\xabk\xadH\x01eJ\x05Z\x00\
\xb4\x1f\xfeZ\x03<o\x9a\x06_\x8eL\x08a\x5cD\
#&\xf4h\x22hc\xccRg\x03TH\x92\xc9\x81\
!\x01Ue\xd0\xdf\x9b\xe1\xfa\x1cz\x7f\xe2U@ \
\x80d2a0\xe8\x93\xd6$\x80,\xf8\x9dgu\xad\
\x81mz4\x9a\x80q\x10\x87\x5c\xbe,\xda#\x91^\
\xcd\xed)G\x057E>\x7f1\xd0\xf3\x94 \x10A\
+\x04Q\x8eA\x5c\xa7\x83*\xee5\xf1_\x13\xfd:\
\x8d\xbe\x85l\xdf<\xe9\xa5R\x9f\x87_Hm\x1f\xdf\
\x1a\xa0q\xee\xfa\xf9\x88\xb8\xb5\x81\xc9\xc3\xd8\x8b\x98\xa2\
\xd4N\xaa\x0c\xfa\xfd\x905\x5c#\xb6\x5c\x02\x9c\xc4|\
\x809\x02H\x12F\xa3!Y\x9e\xc7w\xd0\xef\x1a\x8d\
\x06\xd2HP\xc9\xc0\x17I\x95\x90\xa4\xe94T\x9c\x83\
k\x8c \x0aF\xf3Q\xb85\x07_\x17\x11B\x00\xa3\
 \x8a\xeaK.\xaf_\xa1\x82i\xa8}Z/\x80.\
\xbfK\xf0\x8a\xcf\xdb\xab\x84P\xa3*\x09\x5c\xaeN\xc1\
\x17\x09\xa8\x0e\xd3\xc8\x88\xa28|#p\xc8;\x19\x0d\
\x87e\x7f@5\x09\xe4D&\x85\xd6\xd3\x9fCP(\
I&e\xb7\xe6A.\x9c\xaa\xd2h6\x03\xd7\x8b\x83\
q\x1b\xd4\x00\xcax/#i\xba \xfasp\xcb\x91\
\xb8\x8d\xe6#{S\x1b\x9a}\xaa\x1e**\xa1\xa2\xff\
k6AAi\x14\x86\xde\x94\x10@Q?\xed\x7f)\
\x9f\xd1Om\x9er\xdbW\x89'\x5cw4Hq\xa3\
(\x7f\x16\x01\x9b!\x8d\x94\xb8\xd1(?z=\xa8\xa4\
YJ\x9a\xa6\x98r|\xa2\x22+\xf4\xe0\xf7\xf9\x03!\
\x80)\x11L%@\x18$\xe1h\xfe{\x1c\xc7\xa8I\
PI\xa1\xb5G\xe1\x87\x8d\xac02m\xac1\x18+\
\x18kP#\x18[\xa8\x01A\x8d\x80\x09\xc4\x811\xa5\
j\x10#5;\xa1\xb4\x11*e*rgE\xffT\
\xe4{U\xc8A\xa6\x90\x00.7z\xdd\xd4\xf8\x0dC\
\xbc\xe7\x09\xbb\x02\x03\xb9I\xb6\xd4\xad\xb8\xa2\x0av\x99\
8\x8a\x8e\xe4\xca\xf9|\xa0\x8bF\x1c\xd52\x85O\xa4\
\x04\x08\xa0k\xa9\x0f\x8bN\x9d3g7\x19\x0c\x06\x07\
\x1a<Q\x14\xb3\xb2\xb6\x8a3\xbb@V\xc2\xa2\xc00\
\xed1L\xbb4\x1bM\x8c\x0aV%\xcc\xf4\x11\xe6\x01\
\x093\x87\x94\x84\x10\xc0\xd7|\xbb\x9c\xfd\xc3\xd4\x5c\x83\
zN^\xfe\xaf&\xf6+\x22^%\x80\xac&\xff\xde\
A<\x1e\xc5\x8b\x86u\xbe\xb8\xb2sk:\x8a\xd7`\
\xb2\x83JJ\xf9!\xb7(\x1a\x8dX\xdbXcmc\
#\x10\xcc\xbeoEY^^\xc9\xbf\x88N+\x92\xf5\
XsB\x8f\xdf\x0b\xa8F\xa9V\xd7\xd6x\xea\x83\x1f\
&\xcb\xb2\x05f\xf7\xb4\xe7PU\x99L\x86\x0c\xb3[\
,9EF\x9d\x12%g\x84Q\x94a\xda-\x8c\x11\
2#X;\x05\xd8\x98j\x9d\xa0\xff\xc3L2\xb9\x8a\
\xa0\xc2\xfd9\x0e\xe5?\xean^N\xb95}\xaf\x8a\
/E\xbc\xe2\xbd\x84A\xa7\x1dy;8\x0f\xde\x99\x9a\
d\xc8\xb2\x94\xd1.\xa8k\x971\x0f5\x0e\xd7\xdc!\
^^\xe2\xf2\x93\xef\xabM'3\xfb9:\x14\xe3\x0e\
e\xf8\x99QF\xa6\xef\xf9\x84\x10\x80H\xdd\x06(n\
.\x8a\xa2\x9a\x1f[\xf5g\x9dw\x0c\xfa}\x86\xc3=\
\xf6\xf6\xba\x0c\x06=\xce_\x1a\x13\xe3!\xce\x03'\x02\
D\x86\x01\x8e\xc8&D\x91\xc5D\x82Z\x13\x88\xc0\x0a\
X\x83\xd8\xa0\x02\xb0\x85*\x08mS)Pq\x09\x0f\
\x08\xbfV\xdd\xbf\x02t\xef\x15\xf1\xb9hw\x1e\xad\x8a\
~\xa7\xb8,\xa4\xb3\x85mO&a=\x98\xf4\x99\x98\
]\xa8M\x98\x122\x95\xaf]}\x83\xac\xdf\xa4\xd5n\
\xd1j\xb5i\xb5ZXk\xe7S\xbf\xd0<^PI\
\x0b;F\xfd\x7fl\x04P\x94\x22\xfd\xab\x0avq\xab\
\x0b?sRE\xfdtn\x9c\xcced\x9a\x81\x09)\
T6\x12$2L\xa2\x09#\xf1,\xc5K\xd8\x9c\x00\
4\x0eD@d\x90(\xd4\xd5\x1aL\x94\x83n\xab\xf3\
\x14In\x04\x0a\x07\xf9\x01Zy\xd1&\xd7\xfd\xe2\xc2\
\x82\xf3\xe04\x10A\xa6\xf8\xcc\x93e\x1eo\x95,\xf3\
\xb8\xcc\xe3\xf08UR\x9f1\xa0K\x16%S\xa30\
\xff\x97\xa5B\x92\x82K\x0dq\x16\x87.r\xbf \xf3\
g\x16\xf4J\xa7\xc9\x89\xef\x0bX\x04\xf8\xdc\xbax+\
\x85|V\xc8\xd2 \xdaL\xd2\xc6`\xb1\xce`\x9dA\
\x9c0q`\x12\xc1F\x06\x9b\x03mm0\x0cm\x94\
\xab\x02\x0b\xd6\xe6nb\xae\x06\x00\x8ch\x0dv\x11e\
V\x07T^\xfb\x94\xfbT\xa7z\xdd\x05\xb1\xef\xf2u\
\xa8\x0b>\x0bk\x97\x19\x9c\x03\x97)\x93D\xd1q\x03\
\x93E\x95\x18\x81\xa06%M\xc6\xb8\xd4\xccH\xa5#\
\x02O\x95y\x8e\x07\xb3\xbbB\x00G\xfd\xc4\xb9\x9c\xc7\
'\x9fT\xc9'\x06\x08\xdc`r\x11_X\xfe\x88'\
\xd3\x09`\xc9\xcd\xfdr\xaa6\x95`\x00\xaa\x11\xbc\x04\
\x97K\xb4\x88\xbf\x09\x1e\xa9\xb8\x812\xf7Y\xdd4\xd5\
j\x9e\x00T\x83!\xa8\xc6\xd7\xc6:p\xa2xr\xae\
Gs\xee\xf7d\xea\xf1\x9a!6\x8f@\xd6\x828\x1e\
\x97*>\x83\xa8\x98BO\xf2\xfb\x91C\x80\xaf\xb4\x9d\
H\x09P\xfd\x12\x18\x8eF\x00P\x99\xff\x0fC6\x0e\
\xbe\xbf.\x0d\xd0\xd8@\xc3\x22\xb1\xc1\xc4\x06\x1b\x1bL\
l\xcbz\x14\x1bll\x89\xa2\xa2\x9e\xdb\x05b\xf2%\
\xf7\x16**\xa0T\x05\xcc\x7f\xc1[F\xd8\x8b\xe7`\
:\xda\xa9\xd7\x22\x7f1\x88\xfa,\x0d\xe2\xdf\xa5\x1eR\
\x8f\xa6\x1e\x9f:\xc8\xb7%uH\xb1/q8\x17\x00\
\x14#d\x13\xc1gAm\x95\xf3\x0fR\x84w\xf7\xe1\
\xf6\x92J\xa7\xf7x\xe2:\x83\xc2\xbd\xfa\xd2G=\x8a\
\x140\xc5tm\xf9\xb8<\xd9 \x18B\x96\x08\xeb\x9b\
\x98\xccL\x01-\x1c?5!\xb0\xe2\xc3\xa2\xce\xe0\x9d\
A\xd2|BH\x0c*\xb9T\x10\x83Gf\x88\x00\xaa\
}\x91\xfbq\xbf\xd7\xca\xd06\xf8r\xdb\xe76\x00\x99\
CS\x85,\x07=\xf3H\xea1Yeq\x0e\xeb=\
d\xb9D\x91\x84\xb4/\xe0\xeb\x06j\xcd\x00\x9d\x03\xbe\
N\x00%\x03\x9d4\x09\x00\x94\x91\xb1\xa3\x10\x00\xaa\xb9\
\xebf0\xd6`\x8c%\xedG\xa8\x17L\x14a\xd3\x0e\
V\x0dF\x83\x0d@d 3h$hj\xf0Q\xb0\
\xf4%2`\x03\xe0^\xa6\xb3\x93\x16\x937\x1a\xea\x12\
 \x00?o\x04\x96\xdcO]\xffW\x09\xa0Hdu\
\xde\xe32E\xb3\xe0\x15\x90y\xc8r\x22\xc84\x07\xdf\
c\xd3\xe9>\xaf\x0eg2\xc6]\x1059\xe1K9\
~q\x1d\xf4*QL\x81\xae\x0f\xbcq<\x93\xb1\xbd\
\xa36@5\xb5\x19\x0d@\x18c\xb1\xc6b#\xcbd\
\x14\xe1\xc6\x16Y\xce \xea\x22\x8d \xf6ml\x88\x1a\
\x968\x17\xfdQ\xc3\x10\xc56\xd4\xe3 =\x8c\x18\xac\
\x84\x89*\xad\x99\xaa\x80b\x12GS#\x02\x99\xb1\x01\
\xa6\x04\xe0\xd5\xe7\x12`\xca\xf5\xaeP\x03>\xd4]1\
\xe4\x5c\xea\xa7K\xe2H+b\xdf\xa4\x1e\x9f\xb8\x5c=\
\x04u\xe1\x9c2\xd9i`\x8c\xcd'\xaa\x0c\xc6\xe0A\
\xc0\xcf\x87\xd8\x99\xcb\xa4>\x11\x04P\x04O\x16\x0dw\
2\x0b|\xf5\x01\xc3\xb0*\x11\x91\xb5L&1I\xd7\
\xb2r\x9f\xab\xcd\xba9\x9d\xd5\xb3\x98\xc5\xd3\x94\xb6\x83\
\xb0`Q\x93\x83m*Q\xc3\xbc\x8dB\xefN\xbd\x80\
\x10\xe9\x0d\xc0\x0b\x82\xcf\x138 D\xeaL%\x0c/\
\x04\xaf\xc2\x17\xd3\xc5J0\xe0\xc2}\x85}a\x16\xd1\
i[\xa8C\xda\x13&]\x1b\xbc\x17\x13\xa4\x1ey\x9c\
\x7f?n\x9f\x05\xbf\xfa\xe1\xed\x89\x22\x00\xa8s\xffB\
\x02\xa8\x18\x5c\x85\x0a3\xc6`#K\x14G\x18\x89\x18\
\xddh \x8f\x8e1>F\xfa+\xc1\xe7\x8f\x82\xc8w\
\x91\x81H\xd0\xbc\x9eE\x06\x9b\x13\x8ae:\x9f\xb0\xa9\
\xac\xa5b\x08\x9a\x8aJ\xa8\x13\xc0\x22\xbd_\xa9\x17\xd2\
\x80\xa9A\xe8\xf3o ]\xa6!\x06\x90/>W\x0d\
\x92\xdb\x016S\xd4\xa5\xf8x\x97\xe1M\xc5O,\x8d\
\xa6\xc5X\x9b\xcf%<k\xdd\xcf\x83_\xcb\x05(\x08\
\xe0$\xda\x00u\x02\x98\xe7\xf6E\xdf\xba\x1b#D\xf9\
\xa0\x8cq\x1c3\xba\xd9 \x1d&46\x1c\xa69\x0c\
\xd6}ls\xb1_,\xb9\xf8\x8f\x0cV\x02'Y)\
\xd4@\xb1\x0e\xc9\x18\xc6\x80\x15\x8b\x15\xc1\x9aY\x22\xc8\
;\xd7\x0a\xdd\xae>\x8f\xf7hM\xec\x075\xe0\xca\xb6\
R\x0d8O\x96NUAi\xfd'\x1eM\x1d\xbe\xf4\
\x1224U\xfaoE!\xbe\x91\x0f&e\x8c\xd4\x18\
g\x11\xb7O\xc1?\xf1\x12 \xef\xa5\x9a\x01{\x11\xe8\
\xd5`\x87\x88`\xa3\x88(\x8a\x88\xe2\x88d\xd8`p\
%fy\xd3!q\x86i\x18L\xc3cc\x8bm\x04\
[ \x8a\x95\xb8a\x89,X\x036\xef\x12\xb6F\xb0\
\xa2a\xc9\x03A\x91\x08\x91\x15\x221Dfj#\x14\
V\x80B\x00\xd5{\x82=\xa7\xf9\x12\x08!\x18}\x9a\
\x13E0\x00\x8dz\x8c:\x8c\xf3\x90:H\x1c\x9ax\
4r\xa8\xf5x\xe3\x10\xe3\x11q@XO\xb6\x84\xe1\
\xcd\x08\x1bE\x81\x00\x8aA)\xab#\xa9\x15\x09\x9f\xb3\
\xe0\xff\xe5!\x80\xba_}\x10\xf0\xc5\xf1\x10&F\x8e\
\xe2\x988n\x10\x99\x06;\xaf6\xd8|lL\xdc\x10\
t\xd8\xc2\x0f\x1bA\xfc\xc7\x06\x22\x83\x8f\x83JH\xcd\
\x94\xe3MM\x02HY\xb7\xc6\x12\x19\x1b\xa4@\xe5\xf8\
)\x01(^M\xce\xd9B\xe6\x0d\xce\x1b25xo\
\xa7\x92\xa0\xc2\xfde\xbd\x94\x02\xb9\x0a\xc8\xd7>\xf5S\
\xf7\xd0\x8c@G\xec|\xd7\xa0\x93\x88\xa8Up\xbfa\
v\x1a\xdcE`\xef'\x01N^\x1c\xa0\xf2\x00%\xec\
\x07\x80\x1e\xeay\x88V\x84(\xca\xc7\xe4m\xc6\x8c\xb6\
\x9bt_Oi\xbf\x0f$v\x18<\x12\x81\x89\xc3b\
c0Q\xe8\xfb\x09b]s\x91\x9f\xaf\x8d\x84}\x22\
\xc4\xc6\x10\x95K\xf08\x0a\xfb\xa0\xb8\x07\x97\x83\xef\x02\
fd\xdec\xbc\x90\xf9`\x00\xba\x90\x06\x80\xf3\x8a\xe4\
\x92 X\x8ea\xa7\x8a\x0f\x91B\xf1\x18\xf1\x98`-\
 \xea\x10\xe3\x18\xdf\x14z\xafUE\x7f\xc1\xfd\x8b\xf4\
\xfc~\xe0O\xd3\xd2N\xa4\x04\xa8F\xd1f\x09`?\
\xe0\xab\x06P\x94\x8f\xc5\xdbh4H')7\x9fo\
r\xf6\xe1\x09\xed3)\xb6\xe1\x89s\xf1_\xae\xa3\x82\
\xa3s7R\x0cQQ7\x8a\x15\x88\x8d\xa1a\x95\xd8\
\x06B\x88\xad%6Q\xa9\x0a\x84 \xfe3\xefH\xbd\
#\xf5J\xea<\xa9\x87\xc4\x85\xbaSG\xe6]\xae\xf7\
]\xb0\x05|a\x138\xd2\xccc\x12\x87$\x0eI<\
$\x0e\x9f\x14m\x1e\x1d;n</\xa4\x83\x88\xa5\xa5\
\xa9\x07\xb0\xdf\xc4\xd6\xb3DP'\x80\xf0\x22\xf5$\x12\
@\x01\xec\xfe\x04p@\x983\xb7\x05\xe2\x5c\x0d4\x9a\
)\xa3[)\xd7\x9fu\x5c\xfa\xb1\xa0>\xfc$\xc6%\
\x11\x12\xdb\xa0\x0a\xac\xc1\xe5\xc0\xdb<\x06\x90\x193\xdd\
6\x96,_bk\x88\x8d\x10\x19)\xd7\xd6\x04O\xc0\
\xe7z?\xf5\x9e\xcc\x09\xa9\x17RoH\x9d\x0d\xb6\x80\
\x82\xf3\x12\x029*8op\xea\xf0jpjKC\
\xd0\xa5\x1e\x97\x04\xf1\xaf\x99C\x99 \xc6\xd3}\x03\xb6\
_\xb6DQ.\x01L\x18I\xb4\x08\xe6\x1c\x1d\xfc\x19\
\x1b\xe0/\x85\x17p\x04\xe0\xab\x86b\x18\xda5&\xcb\
\x1adY\xc6\x8d\xe7\x1c\x1b\x17\x13\xee}\x14\xc8\x047\
i\x84\xc8_dB\xd7\xaf1x\x0cN\xa6\xc1\xa0\xaa\
'\x10\x1b\xc1\x19!\xb3\x90\x19!2\x90\x86\x9f\x87\xce\
\x18)\x03u\xb9\xca\x16\xb2|\x09u\x83\xcb\xb3\x83\x82\
\xb4\x17\xbcJ\xbe.FC\xf1d\x99\xa9\xe8\x7fE}\
\x86,%L\xba\xf0\xfdo\x0a\x9aFD\xcd`\xfcI\
\xc1\xfd\xfep\xb0\xeb6\xc1_\x02\x09\x90+\x82\x85\xbe\
\xedA\xc1\xa0\xaa\xc1\x18\xe5j\xc0e\x19\xc3A\xc6\xeb\
_\xf7\xac\xdc\xe3Y\xb9/%Z\xf5\xc1\xfao\x98\xa0\
\x02\xa4\xa2\x02*\xea \xca%@\xc3\x08\xb1\xf54\xac\
\xa5a \xb6\x86\x865\xc4&\x2266\xf4\xcf{G\
\xea\x94\xd4\x1b\x12\xe7H\x1c\xa4^I\x9c'qY.\
\xfe\xebb?+\xea\xf9\x84\x95i\xe2H\x13\x87IB\
\x9d\xd4\x93\x8d\x1c\xaf\x7f\xc3\xd3\xbfjh4mn\xfd\
G\x94\x99Fw\x00~q\xec\xc94\x02\x8b\x1b\xf5\x15\
Po\x03\xf8\xa2.\x224\xe2\x06\xae\x19\x92D\x86\xd7\
=\xaf\xfe\xd1\x84'\xff.\xc4k\xf9\x91\x99\xe0|\x08\
\x00\x89\xc9\xc3q\xc5:\x84\xeaP\x91\xd0%k@\xac\
\x82Q\xd4\x06c\xcd\x19G*!\x98\xee\xbd'\xf3\x9e\
\xd4\xfb\xdc\x06\xd0\xd0\xa9\xe7\x82T\x08q\x01\xc9\xc5\x7f\
\xce\xfd>H\x02\xaf\x06\xe7\x14\x9f\x1a4\xa3\x1c\xe2F\
Uy\xf3[\x8e\xab\xcf\x84\xac\xa8\xc8F\xf9 \xd2\xd3\
4\xb39\xae>\x02\x11PU\x01\xc7\xd4\x19p\x8c^\
@\xbd\x97\xea(Q\xc0y\xf70\xd4\x8d54\x1a\x0d\
|\xfe\x91\xe9\xd6K\x9eW\xff(\xe3\xf2'\x95(\x06\
7\xb6\xa4{KH\x1e\xe0)z\x0b\xcd\x8c[h%\
\x88\xfd\xc8(\x91\xf1Xq\xb9\x81\xe8\x101\xe5}\x16\
\xee]\xe0l\xcdU\x82\xe0\xbc\x9d\x8a{U\xbc\xday\
W\xb0\x88\x06j\x86t\xc2\xc0NW\xbe\xe3x\xf5\xdf\
y\x0c!\xbea\xa3\x08#\x92'\x8b\x1e\x06~E*\
\xd4\xc0?\xe1q\x80\xa9\x1703\x1e\xffQ\x81\x9f\x91\
\x14\x91\x0d\x132\x14#\x89\xbd\xf5-0Q\xc6\xe5O\
\x18Z+)\x8d\x8e\xe6\x11>S\xbavU_\xbfP\
\x07\xb1\xd1\x10>\xb0\x12\x82BF0F1\xf8\xf2^\
\x8a\xc8^\xe6]\xee\x11d\xa4\xce\x91i\x96w\x00\xb9\
i\xf4O\xab\x1eA\x98\x902K\xf2\xb5s\xbc\xf9'\
)/\xfe~\x86&\x96\xb8\x11\x07\xf0\x8d\xa9\xccnr\
\xb8\x04\xa8\x05\x83\xf6#\x80\x93k\x04NA\x5cL\x00\
un\xaf\x1f_7\x18m>+\x87\xaa\xa2cx\xe3\
\x1b\x8a:\xc7\x0f}\xca\xd0^\xf3\x95\xce\x180&_\
rm`\x8adP#\xe1S3CP\x03\xa2\x90\xe7\
\x0bL\xefK\xa7y^\xde!>\xf8\xefF\x03\xf1\x89\
\xfa\xbc\xeer\xf7\xcd\xe5C\xe0\x85}\x129\xd4y^\
\xff\xe3\x84g\xbf\x9a\xe0\xc6\x11q#\xce-\xffi\xc0\
\x87#\x80_\xfb.\xa1\x06~=\x0e\x10~|\x82F\
\x09\xcb)\xa0&\x01n\x1f\xf8i\xb7h\x19\x1f\x88b\
\x9a\xcd\xb2\xc3\x96\xef\xff\xf1\x84l\x92\xf2\xd4O\x09k\
\xf7\x859{\xd2\x91a\xb4\xd7@|=*hDr\
\x15\x91\x07\x86\x8cb\xc4\x85\xde\xb9JgP\x99\xec\xa1\
\x9a\xeb|\x93[\xfe\x85\xf87s]\xc3D\x19fe\
\x0c\xa2\xa4c\xe5\xc5\x7f;\xe6\xa5\x7f3\xc1'\x968\
\x8e\x02\xf8\xc6\xce\x8b\xf4#\x83}\x88\x048i*\x00\
\xa6\x0f\xb4\x18\xf8\x83\xb9}\x96\x00*~D\x98\x9f\x87\
f\xde.\x5c\xfd\xf6\x84\xd1n\xc2S?\x05\xe7\x1f\x8d\
1MG\xa4)\x92\xd9\xba\x1d\x80\x09\x919\xf1\xb5\xf6\
jj\x18\x84\xe8^XB\xa2\xbf\xcc\x84\x7f\x8b\x8e\x22\
Q\x8f\xf8\x90\x07(q\x8aF\x9e\xee\x15\xc73_\x1d\
\xf0\xda\x1f\xa7\x18\x8d\x88\xe3\xd0\xb1e\x8d\x0d\xe0y\xcf\
aF\xddB\xd1\xbf\x1fQ0M\x089a\x04@~\
\xc3EJX\x950\xee\x00\xf8\x19\xe31\xb2\x114\x0b\
\x83_\xe8\xbe6\xe1\x1b\xff[\xc2c?\xe1y\xf4o\
4i\xaf\x0a\x06_\x8b\x03\xd4\x92C\xa4\x9eG\x10H\
ij\xbbL\xb9[\xe7c\xff\xde\xd7z\x02-\x8ed\
\xecx\xedO\xc6\xfc\xd9W\x07\xec\xbc\xa1DQ\x1cz\
)m\xd0\xf9Z\xb5\xf8\xf7\x15\xf5\x07sz\xbd\x83h\
\x96\x00N\x9a\x04(oz\x1e\xec\x03\x83A3\xa0\x97\
[\xe5a\xd3\xc0\x92\xb5\x96f\xb3Y~\xf7\x97\x0c\x13\
\xbe\xf3\xd5\x94\xab/\x0cy\xe2\xe3M\x1e\xb8\xdc\xa4\xd9\
*\x12:\xc2\xb9\xb3\xb1\x84lc/\xe5Wa\x22E\
\xc2\xc7\xf4\x1a\x01\xa3\xf0\x15\xaf\xd7\x90O\x88Q\xa4\x09\
X\xcd\xd3EBb\xe8\xcd\xd7\x13\x9e\xfb\xd7\x03^\xfb\
\xe3\x09\xd9\xd8\xd0\x88\xe32\xce/F\xa6\xbe\xfeQ\xb9\
\xfd\x00\xf1\xbf\xa8\xedD\x1a\x81%\xd7\xd6\xbc\x80\xdb\x04\
\xfe\x08\x06c\x11'0\x22XcH\x12\xcb\xd6\xcb\x09\
_\x7fm\xcc\xf9'\x12\x1e\xfd\xd8\x12\xe7\x1em\xd0^\
&\xd8\xf9\x11\xe0\xc1MB2Fq\x1b\xc5\x07\xdbS\
'$\x07\x02\x05\x03\xa6\xe91\xb1C\xf2\xd8A6q\
\xdc|}\xc2K_\x1f\xf2\xddo\x8e\x19nk>\xb1\
d\xa5\x83G\xa46\xad\xdd~\xe0\x1f\x0e\xf6\x94\xdb\x17\
\xb5\x9d\xc8\x94\xb0\xf2%Vn\xec(\xc9\x8e\xfbq\xfb\
\x81*D\xc0FQH\xb92\x06\x1b\x19\xd2$\xe3\xcd\
o\xa7\x5c}~\xc8\x99\x87\xc6<\xf4\xfe\x06\xf7?\xd6\
`\xfd|\xccR[\x89\x97\x05!\x03\x95\x99\x11C\x0a\
\xf3\xb2\xf8\x9fs\x99z&c\xcf\xee\xd5\x84+\xafL\
x\xed[C\xae\xbc\x980\xea\x06I\xd4h\x06\xf7S\
L>\x85L\xae\xef\xf7\x07\xfb`\x09p$\xf0\xab\x12\
\xe0\xe4\x11\x80\xce\x11\xc0\x9d\x03_H\x84}\x08 \xdf\
)\x22Dq\x8c\xb1\x16k3\xe28\x22\xcb2\xb6\xfe\
\x22\xe3\xc6\xcb#\xe2\xce\x90\xb5s\x86\xcd\x87b\xce\xbe\
+f\xfd\xbe\x88\xf6\xaa\xa5\xd91\xd8H\xa6\xae*\xe1\
[\xc0\xc9\xd01\xece\xf4\xb6Rn}?\xe1\xc6k\
\x09[\xaf\xa7\x0cv<\xea$WA\xa6\xccf.s\
\x0a\x8a\x8f5o\x0b\xfc\x83\x08`\x7f\x22\x08\xf7\xea\x8e\
K\x00\x1c\xbf\x04\x98\x02\x5c%\x80\xb7\xc1\xed\xe5\xe6b\
i\x02\xc1(\x8c\xa3\x90XZ\xe8b\xe7\x22\xb2I\xc6\
\xd6\xab\x8e\xeb/\x8fAF\x98H\x89[\x105\xa5\xcc\
\xc6-\xce\xec=d\x13O2\xf2\xa4\xe3\xf0)X\x98\
-L\x88l\x8c\x89\x8b\x01(Lm\x18\x97\xc3\xf4\xfa\
\xc1\xdc\xcem\x83_M\x1b;Y\x04P\xb1\x5c\xab\x04\
p\xc7\xc0\x1f\xd1n\xa8\x01\xa1Z\xce\xe4im\x98\x00\
\xdaG\xae\xec\xb5\xf3\xce\x93\xf6=\x93^\xb5/~z\
O\x82\x80\xb1DV\x90\xa82\xe8T\xcdi,\xe6,\
>\xdc\xa8;\x92\xa8\xdf\xa7\x9d\x99\xf3\xccJ\xd6\xe3*\
w!\x10\xb4\xc0\x06\xa8\x80\xbdP\xdc\xbf\x1d\x83q\x86\
{\x8a\x17W\xcc\xf5\x17\xc6\x10\xf2\x18\xaf!_/7\
TK\xe0k\xeeV\xe5\xda\xd3[\x9b\x03c\x91\xa8\xbf\
c\xbd\xbe\x0fQ,T\xa9E9l\xc4\xf1\x1f\x14\x01\
\xe8\x11\x08\xe0\xf6\x80\x9f\x17\xf7s\x80S\xf7\x9b\xa7`\
\xd5\xdb@+\x9f\x87\x1b\x04Ee\xbak:4(\x8b\
\xc1>\x92\x0bw\x80\xae_(\xea\xe7E{\x95\xb0\xdf\
\x89r\x17S\xc2\x8e\x8f\xdb\x17\x01\xbf\x08\xfc\xf9^4\
f\x88bF\xc4\xd6\xda\xe7\xdb\x8e\x0a\xfe\xe1`\x1f \
\xea\xf7\x13\xf3\xefP\xb9\xbb^\xc01\x88\xf9\x039}\
\x1fn\xbf}\xf0\xf7#\x80\x19\x02;\xd4\x85\xbb\x1d\xa3\
\xee\x9d\xe7\xf6\xbbL\x00S\x22\xa8~u[\x05\xfb(\
q\x81Y\xe0o\x1b\xfcC\xb8z\x91\xee\xbf\xfd\xb8\xfc\
\xed\xbao'\x83\xdb\xef.\x01\xd48\xee\xf8\x8c\xba\x83\
\xf4\xfa\xc1\xa2\xfe\x0e\xc0_(\xd6\xeb\xfb\x0e\x15\xf5w\
b\xd4\xfd\x95 \x80\x0ax\xcc|\xf1\xba\xc8\xb8\x9b\xfd\
\xcd\xed\x1auG\xd1\xf3G\x05{\x7f\x03\xeed\x1au\
\xaa\xe5\x1b=\x81\x04P\xf8N\xb7)\xe6\xf73\xea\xee\
\x5c\xaf\x1f\xadm\x8e\xcb\xdf\x96^_\x0c\xfeq\x97z\
w\xf6\x0f\x90\x00\xb20>\xdc\xd8\xfb\x90\xc7\x17\xc71\
\xe3\xd1(\x1f7n\x1e\xf8#Y\xf0\xc7f\xd4\xed\xa7\
\xd7\x0f\xe7\xf6\x93n\xd45\x1a\x0d66\xd6\xc3\xf8\x8b\
\xd0W\xd5\xf4\xb0ag\x8f\x9d\x00\xc4\x837\x8a\xc0\x0b\
\xe3\xf1XU\x91s\xe7\xcf\xd1\xdd\xddE\x8c\xb9-1\
\x7f8\xf8\x0b\xc0>\x94\xb3\xef\x00\xfc\x85\x86\xdd\xc92\
\xea\x9cs<\xf6\xd8c<t\xf1\x12\xdf\xbfz\x0d\x11\
ya\x94\x0d\xfb\xadF\xfb\xee\x13@\xf1\x90O?\xfd\
4\xa3\xd1H~\xfe\xe7\x7f^\x7f\xf9\x0b\xbf\xf6\xff&\
I\xf2\xbd7\xdf\xbc\xf2\xf0\x13\xef}/\xbdn\x8f\xab\
W\xae\x1cI\xc4/\x02}\x11\xf0\x8b\x8d\xb4\xc5\xc40\
\x0b|\x1d\xfcy\x228\x1a\xd8\xef\x9c~?\xac<\xf0\
\xe0\x83\xfc\xfd\x9f\xfb\x07\xa4\xce1\x1a\x8d{\xd6\xda\x7f\
\xf1?\xfe\xda\x7f\xcb\xd3O?m~\xe7w~G[\
\xad\x96\xfe\xf4O\xff40?.\xf2\xa2r\xe8\x11\xbf\
\xf8\x8b\xbf\xc8\xce\xce\x0e?\xf7s?\x87\xf7^\x8c1\
FD\xac\xb5\xd6\x00VU\xed\x1f\xfe\xfb\xff\xf8\xd9,\
s\xff\xc3\x85\x0b\x0f6\xcf\xddw/\xaf}\xef{\x5c\
y\xeb-\xd24=\x12\xe8\x85\xbdp\xb0\xd8\x9f%\x12\
\xea \xc3\xd4\xee(\xdd\xcf\x92r\x8b\xd6\xea\xbf\xa9\xbd\
2C\xe0\xd5sLc\x19\xe5Q\xe5vu\xd4\xf1}\
\xeb\xe5[\x96\xba{\x5c^bZ/\xef\xa9r\x9f\xc5\
\xed\x1a#\x5cz\xf8a~\xe2'\x7f\x92\xce\xf2*\xaf\
\xbd\xf1}M\xb3\xec\xff\xb8g}\xf5K+\x9d\xf6\xd0\
\xabz\x11q\xce9\xa7\xaa\xde{\xef\xad\xb5\xfa\xe9O\
\x7f\x9a\xcb\x97/\xf3\xa7\x7f\xfa\xa7\xb7G\x00\xbf\xf9\x9b\
\xbfI\x92$\xac\xad\xad\xb1\xb1\xb1a\xe286\x80\x15\
\x11+\x22VU\xad\xf7\xde\x8a\x88\xb9\xb9u\xab\xf3\xfc\
K\xaf|>M\xb3\xffjcc\xbds\xff\xfd\xe7Y\
Zj2\xf3~\xf7-:W9\xe4\xb8E\xc7V\xa6\
\x8d)\xfb\x00\xf2\x0fG\xaa\xf52'pQ\xfd\xb0\xfd\
\xe5\xe4\x14\xa6~\x1d3\xfdH\xc5H1\x8cM\xf5\xb8\
|\xf8\xda|.%U\xadM\x9c\xad\xe54\xbb\xd3\xb1\
\x93\xa7\xfb}-\xc9d{g\x97\xad\xed\xed\xcc\xb9\xec\
\xe9\xe5\xd6\xd2\xff\xbc\xd6i_\xf7\xaaj\x8cq\xc6\x18\
'\x22NU\x9d\xaa:\xc0\x8dF#\xdf\xeb\xf5\xbc\xf7\
\x9e\xe5\xe5e~\xe9\x97~\xe9p\x02x\xee\xb9\xe7x\
\xf2\xc9'\xf9\xcaW\xbe\x22I\x92X\xc0\xa8j$\x22\
\xa6\x00\xdf9gU\xd5\x06i`\xcc^\x7f\xb0\xf4\xc2\
K\x7f\xf1\x89\xc1p\xf4\x0f\x81\xcb\xd6\xda\xa5b\x8c\x9f\
\x02\x98\xfc\x85H\xf5\xe5\xcd.\xf5\xf6\xea\x0b\xae\xb7\xed\
w\x8e*@b\xc2\xb5\x8a\x81\xa2\xa4\xbeoJ\x18\x95\
\xedY\xc2)\x97p-\x9d;Oq~#\xfb\xdf\x97\
\x99\x8e\x09\xa8\x84\xb1\x84\x8b\x99\xd5\x9c\xcb\x87\xca\xf5\xae\
R\xf7x\xe7\xb4\x18B\xb78.\xcb\xb2,\xcb\xd2\xd7\
\x05\xfe\xf9r\xab\xf9\xbb\xadfc7g\x05\xa7\xaaN\
D\x9c\xb5\xd6I\x18\x99\xa2$\x02\xc05\x1a\x0d\xff\xa9\
O}J_y\xe5\x15\x1e}\xf4\xd1\x83\x09\xe0\xb7\x7f\
\xfb\xb7\x01h4\x1aVD\x0aN/9?\xcb2\x0b\
Xc\x8c\x05\xacs\xce\x8a`\xad\x8d\xe4\xc6\xcd\xad\xb3\
7\xb6\xb6/\xa7Yv\x9f\x88\x18#\xc6\x88\x8816\
\xac\x8b\xc5T\xeaa1\xf9`^\x956\xc2(P&\
\xbcm#\xe1s\x9er\x9f\x08\xf5v\xca\xed\xf0\x81\x98\
Lg\x11@d\xba\x9f|\xc4\xa8b:\x89P\x0b\xb9\
B\x22^DT\x04\x0f\xe2%l\xfb\xbc\xdd\x8b\x10\xd6\
a\x9f\x22\xe2\xc2\xf1\xd3c\x8b\xe3\xcd\xcco\x8d1\x1e\
\xf0\xea\xbd\xf7\xaa\xbe\x10\xd5\xaa>\xafk\xfe\xa7\xe1\x18\
\xef\xbd\xf7.\xb4{\xef\x15\xedFF^l5\xe2\xab\
h>\x17\x89\x883\xc6\x94\x5c_%\x82\x82\x00D\xc4\
eY\x96y\xef}\x1c\xc7\xfc\xcc\xcf\xfcL\x89\xf5B\
#\xb0\xd7\xeb\xe1\xbdgmm-L\xe5\xb2\x8f1\xa1\
\xaa%\x95\xab*\xce9\xb3y\xf6L\xf7\xde{6\xbf\
)\x82U\xafAU\xa8Z\x11,\x88E\xd5z\xf5\x16\
\xc5*X\xcd\xeb\x08\x91*\x16\xb4\xdc\x07jC\xdb\xb4\
\xae\xaaV(~\xab\xf9\xbe\xd9c\xb1\xa8\x16\xe70\x95\
}\x86|\xad^\xf3OE\xc8\x87jD\x01\x1f\x80\x0f\
S\x00\xe4\xd9\xa3%\x17\x89\xe0\x82\xff\x93o\x83C\x8a\
\xfd\x92\xef\xcfG\x8e\x15\x09\xfb\x8b\xa5\xbe\x9d\x15\xdb\x9a\
\x9fG\x8c\x84s\x80\x13c\x9c\xc9\xdb-\xea$\x12'\
X'F\x5cn\xe6L\xc7\x98=B\xf1\xdek\x9a\xa6\
\xf4z=\x1a\x8dFm\xdfB\x02\xb8|\xf92\x9dN\
\x87g\x9ey\xc67\x9b\xcd9\xc0\xad\xb5\xb5\xbc\xb4\xea\
\xb0\xab\xf9bg\xad\xe4\xfc\xb7\x9a\x8b\xac\xdc\xa6\xd3r\
\xad^}\xce\xb9sV\xb5ji\xb9\xe5\xb6\x7f\x00I\
D|N\xe5\x96 \x11\x0aueKN\x87|\x06\x01\
\x0d\xc3\x88\x16\x89\xc1\xf5\xa1\xc2\xcaK\x95\x8b\x14\x04!\
J~\xbd|q\x12\x08\xa3 \x04_\x88\xdc\xb2Mj\
m\xc5\xf1\xb3\xdb^U\xbd\x09\xd2C\x01\xad\xbe\x1f\xcd\
\xdfKh\x93\xd2A\xa9<\xb3;\x0a\xf7\x17\xd7\x1b\x8f\
\xc7\xfa\xb9\xcf}\x8e\xaf}\xedk\xb5\x07\xde\xd7\x08t\
\xce\xf1\xd9\xcf~\x96\x8f|\xe4#DQd\x1a\x8d\x86\
)\xd4@\xc5\x084\xde{Kn\x1c\xe6\xc0\x17\x9ci\
\xa6\xdcI\xd1^k\xab\x1e\xa3\xaaf\xc1\xeff\xdb\xcc\
L[\xb1m\xaa\xdb\x15\xa0\x8dj\x1d\xf8\xca3\xcf\xae\
u\xc1\xbaX\xaa\x840K\x10\xbeB\x10\xc5\xf6\x94\x18\
\xeam\xb5v\x09\xea\xa3\xdaV\xab\xe7\xfbk\xc4S\x00\
Z\xfc\xb6\x00\xba0\x02s\xc2*m\x80$I|\x96\
e\xfe\x85\x17^\xe0\xcb_\xfe\xf2\xbeS\xe6\xec[\xbe\
\xf4\xa5/\xf1\xf5\xaf\x7f\x9d\xcf}\xees,--\x89\
s\xcex\xefK\x10\x0a1\xbc`\xdb\x14Fb\x05\xf8\
\x1a\xe0\xc5\xf6\xcc\xfeE\x00\xd7\xb6g\x80/\x01VU\
#\x22Ri\xdfo\xd9\xef\xf9u\xa6>\xb7\x14\x84\x90\
sg\x8d f\xb7g\x88\xa1zL\xb5\xad\x0a\xf2\x22\
\xe2)\x80.@\x9f\x93.\xd5m\xc0[k\xbd1\xc6\
\x8fF#\xfd\x95_\xf9\x15>\xf3\x99\xcf\xf0\x1b\xbf\xf1\
\x1b\x0b\xf1\xbd\xad\xf8\xe1\xcf\xfe\xec\xcf\xf2\xb5\xaf}\x8d\
_\xff\xf5_g}}]\x0a\xee\x12\x11\xe3\xbd7\xc6\
\x98\x1a'W\xb9\xbe\x0ax\x01\x9e\x88T\x8f\x9d\x037\
\xdf?\xc7\xd9\x95\xb6\x02\xd0Y\x8e_\x04\xb8\xe4\xbf=\
\xec\xd9\xb5\xd0D3D1K\x0c\xbe\x22\xb2}\xfe\xbb\
*a\xcc\x11G\x0e\xe2\x22\xe9\xe1\x16m\xcf\x12F\xb1\
]\x80\xee\xc3K\xf7\xc6\x18\xe7\x9cS@\xaf^\xbd\xaa\
_\xf8\xc2\x17\x8e\x14\x04\xbam\x02\x98-_\xf8\xc2\x17\
x\xea\xa9\xa7\xb8p\xe1\x02\xd7\xae]\x93N\xa7\x83\xf7\
\xde8\xe7\xc4\x18S\x80Q\x03\xb8\x00\xd6{?\xcb\xf5\
U\x10K\xf0\xc3\xfb\x94}\x81/\x00/tz~\xbc\
\xa8jQ\x87\xc5\xa2\xff\xb0R\x02\x9f\xdb*\x18cJ\
\x9b\xa5\x00\xbf\xb0c*\xdc_#\x88\xfc\x98\xc2;\xd0\
Y\x22\xa8\xa8\x96\x02\xd8\x1a\xa1\x14:?\xf7 \xd4{\
\xefE\xc4GQ\xa4{{{<\xfc\xf0\xc3\xdaj\xb5\
\xf8\xf2\x97\xbf\xcc\xef\xfe\xee\xef\xde6\x86\xc7\x97]8\
S\xbe\xf8\xc5/\xf2\xa1\x0f}\x88f\xb3)\x22\x82s\
N\xac\xb5\xa2\xaab\x8c1Y\x96I\xe1\xeey\xefK\
.\x16\x11\xe3\x9c3\xc6\x18\xc9\x89d\x0e\xf0\x0a\xd8s\
\x04P<W\x95\x00\xf2c\x90:[\xec?yP\xa5\
^\x18\xaf\xc5z\xc6\x90\xa5B\x0c\x05\xc05UQ%\
\x08c\x8c\xf7\xde\xab\xb5\xd6k\xf8\x84J\x01o\x8c\xf1\
\x9a\x9b\xc2Q\x14i\xce\xd9\x9a\xa6\xa9\xc6q\xacY\x96\
\xe1\x9cS\xef=\xbf\xf0\x0b\xbfp\xac8\xdd5\x028\
\xa8\x14b\xf8\xb7~\xeb\xb7\xb8\xff\xfe\xfbe8\x1c\x16\
\x01\x0f\xe9t:2\x99L\xb0\xd6J\x96e\x12E\x91\
\x8c\xc7ci\xb5Z\x92$\x89\x88\x88\x18c$\xcb2\
1\xc6\x881F\x9cs\x85:\x92\xdcC)\x08\x80\x10\
\xb9\xae\x11\xc1\xa1\xb1\xfb\xea1\x22\xa2\xb9\xc7\xa3\xb9\xcb\
\xab\xc6\x18uaFO\x15\x11\xb5\xd6\xe6N\xbc\xd7(\
\x8a\xd49\xa7\x22\xa2q\x1c\xebh4\xd2V\xab\xa5I\
\x92h\xa3\xd1\xd0,\xcb\xb4\xd9l\xd2\xef\xf75\x8a\x22\
-\xbew\xbcq\xe3\x86~\xfa\xd3\x9f.\xaf\xffN\x95\
\x1f\x08\x01\xdcn\xf9\xbd\xdf\xfb=\xda\xed6O?\xfd\
4\x1f\xf8\xc0\x07x\xf2\xc9'y\xe3\x8d7\xc4\x18\xc3\
\xbd\xf7\xdeK\xb7\xdbekkK\x96\x97\x97Y]]\
%MS&\x93\x09\x93\xc9DZ\xad\x16Q\x14\x95.\
l\x1c\xc7\x88\x88TG5\xaf\x16c\x0c\xde{\xcd\xb2\
\xac\xfcM\x9a\xa6\x8cF#Z\xad\x966\x1a\x0d\xa2(\
\xa2\xd7\xeb\xd1\xef\xf79w\xee\x9c\xb6\xdbmn\xde\xbc\
\x89\x88\xf0\xe0\x83\x0f\xea\xb7\xbf\xfdm\x9e\x7f\xfey\xbe\
\xf8\xc5/\xb2\xba\xba\xca\xf9\xf3\xe7\x7f\xd0\xaf\xf0\xb4\x9c\
\x96\xd3rZN\xcbi9-\xa7\xe5\xb4\x9c\x96\xd3r\
ZN\xcbi9-\xa7\x85\xff\x1f\xd1\x96L\xb2\x0d<\
\xd3F\x00\x00\x00%tEXtcreate\
-date\x002009-09-28\
T11:27:56-04:00\xdd\
\x14\xab\x14\x00\x00\x00%tEXtmodif\
y-date\x002008-09-2\
5T21:27:06-04:00\
\xa8F\xd0\x06\x00\x00\x00\x00IEND\xaeB`\x82\
\
\x00\x00K)\
\x89\
PNG\x0d\x0a\x1a\x0a\x00\x00\x00\x0dIHDR\x00\
\x00\x00\x80\x00\x00\x00\x80\x08\x06\x00\x00\x00\xc3>a\xcb\
\x00\x00\x00\x06bKGD\x00\xff\x00\xff\x00\xff\xa0\xbd\
\xa7\x93\x00\x00\x00\x09pHYs\x00\x00\x00H\x00\x00\
\x00H\x00F\xc9k>\x00\x00\x00\x09vpAg\x00\
\x00\x00\x80\x00\x00\x00\x80\x000\xe11\x9a\x00\x00JR\
IDATx\xda\xed\xbdw\x9c]\xc5y7\xfe\x9d\
9\xed\xf6\xedE\xab\xbabU\x90@\xa8\xa1\x02\xa2\x13\
c\xc06`;\xc6\xc6q\x0f\x06\xdb\x89\x13'\xb6\x13\
C\x9a_\xc7%.\xfc\x9cb\xc7\x1d\xe7%.`\xe3\
\x801`\x03\xc2t5PA\x05\xed\xaakW\xd2\xf6\
r\xeb)S\xde?\xce\x99\xb3\xe7\xde\xddU]\x09\x92\
_\x1e{>\xe7\xea\xee\xe5\xdes\xe6\xf9\xce\xd3\xe7\x19\
\x82\x93#2\xc1\xfb\xf2$\xff\xfb\xff\xa57(\x91\xd3\
\xfc\xfb\xff2\xfe\x7f\x08\xe9\xa7\xf8\xf9\xffe\xfc\xff0\
:Y\x00\xfc\xb7b\xfc\xd6\xad[,]\xd7\xa71\xc6\
\xa6\x03\x98M)m\x02P\x0b\xa0&xf\x13\x00\x8d\
<\x9b\x03\x80\x03(\x01\xc8\x02\x18\x12B\x1c\x96Rv\
\x028&\x84\xe8\x5c\xb6l9{\xbd\x9f\xebl\xd0\x89\
T\xc0\x1b\x9e6n\xdc@\xd2\xe9\xcc\xd4R\xa9xq\
&\x93YS*\x95\x961\xc6\xe6\x00h\x00`\x10r\
\xc6\x8f\xe8\x028\x0a\xa0]J\xf9\x12c\xeci!\xc4\
++W\xae*\xbd\xde\xcf>\x19\xf4\xdf\x06\x00/\xfe\
\xf4\xa7\x84\xc4\xe3 \xc9\x04V\xbf\xe9:\xb9c\xc7\xf6\
V\xcf\xf3n\x05\xf0\x16!\xc4R\x00\xf1st+\x12\
@7\x80'<\xcf\xfb1\xe7\xfc\x85K/]\xf3\xdf\
V:\xbc\xe1\x01\xf0\xcc]w\x11R]MHu\x15\
H:\x83\xc4\x8c\x19\x97\xe9\xa9\xe4\xa7l\xdb\xbe\x8e\x10\
\x12\x1b\xef\xbf\x91\xf2\x9cj\xac\x1d\x9c\xf3\x7f\xf7<\xef\
gW\x5cq\xe5\xd0\xeb=_\xa7JoX\x00<y\
\xcd5\x9447\x13\xda\xd0@Hm\xad\xb0f\xb7\xb6\
\xc4\x16,\xf8g\xc7qn\x22\x84h\xeas>\xafe\
\xf0\xff\xf2\xeb9\xa6\x1e\xce\xf9\xbfr\xc1\xbfu\xd5U\
W\x0f\xbf\xde\xf3w\xb2\xf4\x86\x02\xc0\x13\x17_L\xa4\
\x10\x80\x94\x94\xa4R\x88\xb5\xb5\xa54B\xae)\x0d\x0e\
\xbe-\xf1\xd9\xcf^\x03!\xa6\xa9\xbb\x96R\x8e2\x5c\
\xcap\x00\x18\x05\xc1\xeb@R\xcac\x1a\xd5\xbe\xc2\x05\
\xff\xdeUW]m?\xfe\xd8c\xe4\xfa\x1bnx\xc3\
\x1a\xd1o\x08\x00\xfcn\xf9r\xff>\x84\xa0RJ4\
\x5c~y\xfd\xf0\xab\xaf~ \xfb\xdak\x7f\x02`z\
\xfa-o\xd9\x11\xfb\xc8\x87/\x00\xe7\x00\x22\x0c\x17\x12\
B\x0a\x9f\xf1\xd2g\xf9(\x08\xce\x11\x04\xe4Do\xcb\
\x9dUU\xd5\x7f\xb6r\xe5\xca\xb5\x00\xf0\xc8\xaf\x7fM\
\xd4\x1d\x11\x10\xbc\xf5mo{C\x80\xe2\x0d\x01\x80\xdf\
.^L\x01\x10\xb3\xa6\xa6\xdajl\xfcT\xef3\xcf\
|\x94\x9af\x83\x1e\x8f\x83h\x1a\x92k\xd6\xbcH>\
\xf8\x81\xd5\x921\xea\xf3Z@\x08Q\x06\x80P\x02\x84\
B\xe0\xec\xaa\x81(3\xd5,\x92\xc8t\x06\xbf\xcf\xad\
\x98\xf5\xd3R\xa9\xf4\x97oy\xcb[\xfb\xfe\xebW\xbf\
*\x9boJ)n\xba\xf9\xe6\xd7\x15\x08\xaf+\x00\x1e\
_\xb0\x80\x80\x10\x92\x9e3G\xe7\xae{\xdb\xf0\xb6m\
\x9f'\x94\xce\xd0\x12\x09P\xcb\x02\xd14\x10B`M\
\x9f\xbe\x19\x7f\xf9\x17S\xb9\xe75\x09!\x03\xe6\xfb \
\x88\x02 *\xfa\xcf\x85!x<\x173\x0a\x06\x10t\
f2\x99O\xf6\xf5\xf5=\x0c\x09\x22\x95x\x0a>\xf2\
\xaew\xdd\xfa\xba\x81\xe0u\x03\xc0\xe3\xf3\xe6\x11\x10\x82\
\xcc\xa2E\xe7\x0do\xde\xfc\xef^6{\xad\x9eNC\
\x8b\xc5\xa0\xc5b \x9ao\xe7I!\x00!\x86\x8d\xbf\
\xfe\xeb\x9d\xa5T\xf2R!*V\xbf\x90\xa1=P\x09\
\x82\xb37i\x04\xe5\xfc\x1d_\x0aDIH!\xd2\xa9\
\xf4\xbfz\xcc\xbb+\x9f\xcf\xdb\xc1}J\xf5\xdf\xbc\xe7\
\xb6\xdb^\x17\x10\xbc.\x00x\xec\xbc\xf3Hj\xde<\
\xe2\x0e\x0d}0\xbbs\xe7\xd7\xb4T\xaaVO&\xa1\
\xc5b\xa0\xa69\xca|\xce!\x19\x03w\x1c\x18W]\
\xf9\x9b\xfc\x9b\xaf\x7f\xb3`\x9e>\xa1\xf8\xc7\xd9_\xf9\
\xd1UO\x08\x09\xff\xad@0\x1e\x00\xa2\xc6\xaaeY\
\xeb\x93\xa9\xe4\xfbz{\xfb\x0e\x04\x10\x90\x00$\x01\xf0\
\xbe\xf7\xbf\xff\x9c\x83\xe0u\x01\xc0\x93\xcb\x97W\xb1|\
\xfe[\xa5\xae\xae\xf7\xea\x99\x0c\xb4D\x02z<\x0eb\
\x18 \x94\xfa\xeb\x971\x08\xc6 \x5c\x17\xd2\xf3\x00B\
\x8e\xd8w\xdf\xd5i\xc7b\xab\xa2\x06`\x99\xfbw\x8e\
\x98\x1f\x82 `\xb8\x02\x02!\xa3 \x08\xe0\x88\xb2K\
\x00T.\xf8@Sc\xd3\x07{\xbb\xbb\x1f\x93RP\
\xdf\xa8\x91\x92J\x89\xf7\xdfq\xc79\x05\xc19\x07\xc0\
S+V\xcc\xcdvt\xfc\x8a\x08\xb1PK$\xa0\xa9\
\x95o\x18\x00\xa5\x90\x9c\x03B@z\x1e\xb8\xe7A\x06\
Cx\x1e\xc4\xec\xd9/\x0d~\xecc\x17H\xce2\x95\
\xab\xfe$\x98_\x04\xd0\x05?\xac{\x80\x102\x00`\
$2\x0f))e\x03\x80V\x003\x85\x103(\xa5\
\x9a\xff\xc7\x88\x88\x8f\x80\x80\x10\x02J\xa8\xff\x9aF@\
\x00\x02B\x10\x823z\x9fB\xf8\xa0\xe5\x82{I\xcb\
\xfa\x1c;\xd6\xfdM\xb8.!\xb6-\xb5RI\x18\x8e\
\x03\xb3P\xc0M?\xfe\xf19\x01\xc2\xa9f\x03\xcf\x88\
\xd6\xfd\xe1\x1f^\xd9\xf5\xab_\xdd\xaf'\x93\x8dZ<\
\x0e-\x1e\x87f\x9a\xfe\xaa\x17\x02`\x0c\x92s\x9f\xd9\
\x8a\xf9\x8cA\x04\xaa@n\xdf~\xb1\xf9\xf8c\xdbG\
\xae\xbaj\x098'jR\xc7a\xbe\x04\xd0\x0f`\x93\
\xa6i\xcfk\x9a\xb6\x01\xc0k\x9a\xa6\xf5\xde~\xfbG\
\xc5\x89\xee\xf3\x87?\xf8\xbea\x9a\xd6,\xaa\xd15\x85\
|\xe1\xe6B\xb1p\xa5\xa6i\x19J\xe9\xa8\xa8'\x04\
\x94R\x10BA)\x05\x95\x01\x18(\x05%\xa3\x0e\x88\
\x94\xfe\xdd({EH\x01!$\xa4\x14\xc6H\xbe\xf0\
\xb5)s\xe7N3\xf7\xed\xfb\xec\xc8\xc1\x83\xa0\xc5\x22\
%\xa5\x92\x90\xb9\xdc9\xe3\xc99\x93\x00\xbf\xbb\xf0\xc2\
\xdb\xb2\xbbw\x7f\xdf\x88\xc7\x13Z,\x06-\x1e\x07U\
+?X\x19\x92\xb1p\xb5\xcb@\x05\xc8\x00\x14\x811\
\x08\xc9yi\xe0=\xef9\x96_\xbad\xb6\xe4\x1cR\
\xca@\xe4J\x008D@\x1e2\x0c\xe3\xd7\x84\x90M\
\x7f\xfa\xc9ON\xcaL>\xf6\xe8\xa3M\xb9\x5c\xee\x96\
\xa3\xc7\x8e~B\x08q\x81\x16x'\x1a\xd5|\xe6k\
\x14\x9a\xa6\x81j\x1a\xb4\x00\x10J\x1d\x00\xf0\x19/\x04\
\xb8\xe0PF,\xe7\x1cRH0\xcePU]}_\
\xf3\xee\xf6\x8f\xe6^}\x95i\xa5\x92\xd4\xf2yq\xd3\
\xc6\x8d\xe7D\x02\x9c\x13\x00<\xde\xd6\xf6\xf1\xe2\xa1C\
\xff\xac\xc5b\xba\x16\x8b\xa1\xcc\xcd\x03\xc2\x15\xaeV\xbd\
PL\x8f2_\xca\xd1+P\xea\xbd\xf9\xe6\x9e\xe1\x8b\
/\x9e\x0a\xc6lB\xc9o,\x89{i,\xf6\xec\x9f\
\xff\xc5_\xb8gz\xbf\xdf\xff\xde\xf7Fm9_\x8c\
\x13\x00H&\x92:\xd5\xe8\x9b{\xba{\xee\xf2<o\
\x85\xae\xeb\x84j\x14\xba\xa6C\xd7\xfd\xa1\xe9:4M\
\x83Fi\xf8}\xca]\xe5\x9c\x833\x0e\xc69\xb8\x10\
\x10\xb6\x0d\xda\xdf\x0f\xfd\xe8\x11\xd6\x98\xce\xdcSe\xdb\
w\x8f\xec\xd8\x01Z,\x0aR*I\xc2\x18\xde\xba\x7f\
\xffY\x05\xc2YW\x01\x8fN\x9f\xfe\x99\xd2\xe1\xc3_\
\xd1\xe3q\xaa\x5c<\x1a\x11\xfbQ\xe6\x0b\xd7\x1d\xcbx\
5\xa4\xf4\xaf\x00\x08\x10oz\xf0\xc1\x16\xa3\xbf\xef\xcb\
\xf6\xd2e\xdf\xfb\xd3{\xee92\x99\xf7\xac)/\x04\
\xbe\xb1\xa9ty\xbe\x90\xe7\x94\xd2Gg\xce\x9c\xf9\xb8\
\xed\xd8\xb7t\x1e\xee\xfc\x22a\xa4M\x1a\xd2W\x0b\x94\
B\x93\x124P\x0f4\x00\x81\x90\x12Bp\x00\x04R\
\x02\x89\xae.\xc4\xb7l\x81\xbeo\x1f\xc8\xc0\x00\x84\xe3\
\xe8\xccu?\x9b\x9d2\xa5Dkj\xbe\x00\xce)\x11\
B\xc8s\x10\xcc\xd0\xce\xfc+&\xa6\x87\xab\xab?\xe7\
\x0d\x0f\x7fY\x8f\xc5\xa8\xae\xc4~\xb0\xf2\xa5\x94\xbe\x8e\
\x0f\xac|\xe9\xba\xa1\x0a\x00\xe7\x00\xe7 \x01\xf3I\x10\
\xea%\x00\x88\xba\x02\x8f\xc9x\xfc\xcfn\x7f\xe4\x91I\
\xcf\xc0]s\xed5\xe4\xbc\xf3\xce\x03\xd5($\xa4o\
\xdc\xf9\xd6\xbe\xd4\xa8\x06\x8fy\x00H\xfb\x85\x8b\x16\xfd\
8fY\xac\xa7\xb7g)!\xd4\xa4\x84\xf8j@\xd7\
\xa0\x05\x12A\xd74h\x9a\x06B)\x8c\x5c^6=\
\xfb,\xa9\xde\xb6\x0d\xc6\xd0\x10\xa8\xef\xdd\x04\xea\x82\x80\
\x0d\x0f_\x11\xab\xad\xed\x97\x9e\xf72a\x0cD\x08\xdc\
VW\x87\x9f\x0d\x9d\xbd$\xe3Y\x03\xc0\xe3\xd3\xa7\xff\
\x897<\xfc5=\x1e\xa7Z<\x0e-\x91\x80\x160\
\x1fR\x02Q\x0b\xdfuC\xbd\x0f\xce\xa1t\xbbZ\xf5\
\xe3,\x84\x97\xdc\xba\xbaw\xbc\xf7\xf0\xe1\xc2Y\xb9\xf7\
\xc7\x7fK\xee\xbb\xef>d2UX\xbc\xf8\x22?\xd8\
\x14\xfc\xcd\xd0\x0d\x98\xa6)\x0d\xd3 \xc9D\x82-]\
\xb6\xec\x85\x993g\xfe\xf6\xc0\xfe\xfdK\x1d\xd7i\xa1\
\xd4g\xb8\x11Q\x09\x94RX\xb6#\x9b7l\x80Q\
*\x11\x046\x04\x00\x95\xceTW\xe2tw_\xddt\
\xf9\xe5/\x96\x8e\x1d;\xacR\x9dg\x13\x00g\xc5\x06\
\xf8\xfd\xaaU\xef\x19\xd9\xbc\xf9\xc7Z\x22aj\xb1\x98\
o\xecY\x16\xa8\xa6A\x06.\x9e\x12\xf9B\xad|\xc6\
\xfc\xbfq\xee\xeby\x05\x80\xb1\xcc_'\x0c\xe3-\xef\
p\xdd\xc1s5'w\xdeq\x07\xbe\xf3\xdd\xef\x867\
\xf2\xe8\xa3\x8f\x12J\x09\x00\xa2\xd5\xd5\xd6\xd2\x8bW\xac\
0\x8a\xc5b\xe2\x89\xdf\xfd\xee\xee}\xfb\xf6}<\x95\
J\x19\xc9T\x0a\xf1x\x1c\x96iB\xa3T6m\xdd\
\x0amd\x84\xb0B\x01\xacP\x00\xcb\xe5\xe0e\xb3`\
\xd9,\xd4{\xbcT\xf2\xe7C\xcac\xb1\xc6\xc6\x15\xc2\
u\xbb\x09!\x82h\x9a\xbcq\xef\xde\xb3\xa2\x0e&\x1d\
\x00\x1b\xde\xf9\xce+\xba\x1f~\xf8Q-\x99L*W\
/\xd4\xf9R\xfa\x8cw\x9cp\xe5\xcbJK?b\xec\
\x8dC/I\xe0\xad\xb7Hy\xb6\x98\x7f\xbc9)\xbb\
\xa1M\x9b6\x11\xe6y\xe0\x9c\x93LU\x956c\xc6\
\x0c#\x9dN\x9b\x9b7o~\xcb\x8b/\xbcpO\x22\
\x91hH\xa7\xd3\x88%\x12h\xe8\xef\x175G\x8eP\
!%\x84\xe3\x80\xe5\xf3\xf0r9\xb0\x91\x11x##\
\xfe\xeb\x5c\x0e\xbcX\x04w\x1cp\xdb\x86U_\xffX\
z\xce\x9c\x9bs\xed\xed\x02\x94\x0aJ)n\xd8\xb3g\
\xd2A0\xa9\x00x\xe1\xca+\xdb\xfa\x9f\x7f\xfeE#\
\x9dn\xd4\x12\x09\xdf\xda7M\x80R_\x94\x07a]\
\xe18\x90\xae[\xe6\xe6!H\xf0\xc8\xf1W\xbd\x04\xf0\
S\x09|\xec\x16)\xcf\xb6\x93|\xbc9\x19sc;\
w\xec \x9e\xe7\x11!\x04\x9d3w\xae\x91J\xa5\x12\
===\xf3~\xfd\xf0\xc3? \x84\x9c_\x9dJ\xf1\
\xb9\x1d\x1d\xc40\x0cJ(\x85\xf0<p\xdb\x0e%\x80\
7<\xec\x83 \x9b\x05\xcb\xe7\xc1\x8bE0\xdb\x06/\
\x95\x90\x9e?\xffc\xde\xe0\xe0\xf7\x09!\x00\xa5\xe2l\
H\x81I\x01\xc0\xda\xb9s\x89\x96HT\xdb}}\xcf\
\x8ab\xf1B-\x1e\x87\x96L\x86q\xfdP\xec\xbb\xee\
(\x00\x02\x9d_\xe6\xe3\x8f2_\x00\xe8\x04\xd0\x01`\
\xa3\x04~#\x81\x0d\xb7\x9c\x9bZ/2\xce\xeb\xe8\xef\
\x8e{\x0f\xed\xed\xedDp\xae\xcd\x981\xc3J$\x93\
\xa9l6;\xf57\xbf\xf9\xcd\xbf$:;\x17\xb5v\
w\xa7\xf5\xaa*\xd0\x98_\xc1&=\x0f\xacX\xf4A\
04\x047\x90\x04,\x02\x02\xee\xba\xe0\xb6=\xd4x\
\xf9\xe5Kr\x1d\x1dG@\x88\xa0\xba.\xafoo\x9f\
\xd49\xa0g\xfa\x05\xbf\x9f?\x9f\xa4\x17, \xdc\xb6\
\xbf#\x0a\x85\x0b\xf5D\x02z*5\x1a\xde\x05|\xc3\
.\xb0\xf4\xe1\xba@\xc4\xd2\x87\x10\xbe\xb5/\xa5$R\
\xbeJ\x08\xb9\x0b\x84\x5c\x04`\xdeMR\xbe\xe9&)\
\xff\xe6f)\xd7\x9f#\xe6G\x89D\xae'\x5c(\xf3\
\xe6\xcd\x93\xf1D\x82\x1f\xed\xear\x00\x143\x99L\xcf\
-o\x7f\xfb\x9fN\xcb\xe5v\xb8##`\x85\x02\xa4\
\xeb\xfa^\x8c\xaeC\xb3,\xa8\xb92\x92I\xe8\x89\x84\
\x1f\x19\x0d\xdcd\xaa\xeb\xd0\x0c\xa3\xc6>v\xec\x8b\x00\
\x04Q>\xe4$\xd3\x19\x03\xe0\xaa\xdd\xbbe~\xf7\xee\
?w\x8f\x1e}\x97\x91LBO&}\xbdo\x18\xfe\
\xacE\x98\xaf\x5c>e\xe9+\x17\x8f\xe8z\x8f\xd9\xd0\
\xf0nb\x18\xcb\xde&\xc4\x97o\x12b\xc7MR:\
\x93\xfe\xb4\xa7N\xe3\x81`B0\xa4|\xc3\x8fwm\
\xde\xec\x00(\xc4-\xabOvu\x95\xdc\x81\x01x\x83\
\x83\xf0r9p\xc7\x01\x84\xf0\x19lY~\x22,\x00\
\x80\x9eH\xf8\xe9p\xcb\x02\xd5u\x10MC\xae\xa3\xe3\
\xdd\xf5\x97\x5cr\x19\xa4$\x10\x82\xfc\xee\xfc\xf3'U\
m\x9f1\x006\xdfv\xdb\x0a\xfb\xf0\xe1\x7f\xd4S\xa9\
\xf0A4\xc5|\xc6|w/`>\x027\x0f\x9c\x83\
\x04\x00\x80\x94\xfd\xb5\x97]v\xcd\x9b{z\x1ex\xab\
\xeb\xbe\x91\xca\xab\xd5r#\x15cB\xaa\xaf\xaf\x97\xd3\
f\xce\x94^w7+\x1e9\xe2\x80\x90\x1c/\x14l\
\xb7\xbf\x1fn\x7f?\xbc\x81\x01\xb0\x5c\xceW\x81\x9c\x83\
h\x1a4\xd3\x84\x8a\x8e\x86\x812\xcb\x82f\x9a\xa0\x86\
\x01\xcd\xb2\xb4\x9e'\x9f\xfcB\xaa\xad\x0dR\x08\x22\x18\
\xc3\x13\x0b\x17N\x1a\x08N;\x12\xf8\xec\xfc\xf9\xc4\xa8\
\xad\xcd\xf4>\xfa\xe8}F:\x1d\xd7\x93I_\xef\x07\
\xb1}\x95\xd4\x91\xae\x0b\xe98~\xa2\xc7\xf3\xc2\xc8\x1e\
\x09\xac\xfd\xc4y\xe7\xfd\xe5%O=\xb5\xf3\x5cp\xf4\
\x14\xa9\x92\xe1A~o\xcc\xeb1\xa4\xd9\xb6<\xf0\xa3\
\x1fy\xb5\xcb\x97\x0b=\x93\xe9q\xb7m\x0b#\x9c\xc2\
\xf3 kj\xfc\xb9\x0aV\xb9\x16\x8fC\x0f\x16\x89p\
\xdd\xd0H\xa6\x9e\x070\x06\x96\xcd^F4\xed\xcd\x10\
\xe2q\x00Tr~\xc2\x84\xd6\xc9\xd2iK\x80+v\
\xef\x96\xc2u\xbfLu}\xae\x9eJ\xf9+_\xb9{\
\xc1\xc3\x22\xea\xea)\xd1\xcfXh\xf1\x13J\x0fI\xc6\
~qv\xf9xF\x14e\xb8\xba\x9ep\xf5\x89l\x16\
^_\x9f\xe8\xbc\xef>\xee\xf6\xf5mv\x87\x86\xe0\xf6\
\xf5\xc1\xee\xee\x86\xd3\xd3\x03\xb7\xaf\x0fld\x04\xc2\xf1\
\xb5\x1c\xd1\xf5p\xf5\xeb\xf18\xf4x\xdcW\x0f\x86\x11\
\xda\x0b\xf9\xf6\xf6\xbf\xaa^\xb2$\xb8\xab\xc9\xb3\x05N\
[\x02l|\xf3\x9b\xdf<\xf4\xc2\x0b\x1f5kkC\
\xdd\x05M\xf3\x19\xcd\xd8\xa8\xd8\x0f\xfe]a\xf0\xa9\x87\
\xf8\xfd5\x07\x0f\xfew\xd9b5\x9eG0.\xb5~\
\xe8Cr\xdd\xbb\xde\x05o`@H\xce7\xb2\x91\x11\
\x01\xcei\x18\xf6f,\xf4x\xf4d\x12D\xd7}q\
\x1f\x8bA\xc4\xe3\xe0\xa5\x92\xff\xdauA\x83\x85\xe4\x1c\
;vI\xde\xb2\xd6@\x88\x17$c\xe4d\xee\xe3d\
\xe8\xb4$\xc0\x0b\x17]T=\xfc\xd2K\xdf\xd2\x93I\
M\xe9.\xa2\xeb\xbe\x5c\x8c\x1a}A\xa8\xb7\x0c\x00\xe5\
q\xfdM\xe7\x8a{\xa7@\xb2\xe2\xaa\x88Lp\x1d\x97\
J\x9d\x9d\xb0{z$\x8d\xc5\xb6\x81\xd2}\xa2P\x00\
\xcbf\xe1\xf5\xf7\xc3\xed\xeb\xf3\xa5\xc0\xf00x\xa9\xe4\
\xdb\x03\xba\xee\xeb\xfe g\xa2\x05v\x80\x92\x02\xd4\xb2\
(/\x14>M\x00\x09\xce\xc9\x13s\xe6L\x8a\x1dp\
Z\x00 \x86\xf1w\x84\x90\xd9\xa1\xd1b\x18~l;\
b\xf4!j\xf4U&uF\x13:\xfb\xce\x12\x13'\
\x8bN\x04\x86\x09\xe9\xeau\xeb\xa478\x88\xcb~\xfb\
[\xc7\xc8d\xbe)\x19\x83\xb0m\xb0|\x1elp\x10\
\xde\xc0\x00\xbc\xe1a\xf0B\x01\xd2\xf3\xfc\x02\x93@\x0a\
\x84\xe1\xf3\xc0\x1d\xa4\xba\x0eB\x08\x9c\x9e\x9ekR\xf3\
\xe6\xb5BJH\xc60\x19 8e\x00\xbc\xb4x\xf1\
E\xf9W_\xbdS\x0b\xd0\xaa\xc2\xbcc|\xfd\x00\x0c\
\xa1\xd5?\x96\xf9\x92\x00\xbd\xe7\x84\x8dgFQ\x10\x9c\
\x94\x0d\xa0\xe8\xc6\xa3G\xfdl\x8e\xeb~\x17R\xfe@\
2\x06\xe98\xe0\x85\x82\x1f\xfd\x1b\x1a\x02\xcbf!J\
%\xdf&\xd24e\xf9\xfb\xae\xa0e\x81D@\xa0Y\
V\x5cO$>\x00!\xa4\xe4\x9c\xaa\x8d2gB\xa7\
\x04\x80g\xa7N%No\xef\xd7t\xcb\x8ak\xa6\xe9\
\xdf\xa4\xa6\xf9\xcc\x0d\x00\x80\x88\x9e\x83\x10 \xe33\x1f\
\x04p\x04!oT\x00\xc8\x93|\xef\xa4\xe8m##\
\xdcll\xbc#6m\xda\xfb\xa1i\xbb\xb9mC\x14\
\x0a\xe0\xd9,x>\x0fQ*\x01\x9c\xfb5\x04J\x0a\
X\x16\xf4\xc0\x10\xa4\x86\x01\x1aT\x1c\x0d<\xff\xfc\xad\
\xf1\xa9S\x0d\x12\xa9\x8f8\x13:%\x00\x18\xb5\xb57\
\xf2\xfe\xfe?P7\xa9D\xbf\x0a\xf5\xaa\x9c~\xd4\xdf\
\x0f\x83=c\x01\x10\x13\x84\xac\x98l\xceM\x22\xc9\x8a\
\x01\x8c\xef\x15\x9c\x14\xdd\xd8\xd3#\xae?|\xf8\xbe\xba\
K.YR\xb3r\xe5\xed<\x9f\x1fb\x85\x02x\x10\
\xfa\x95\x9e\xe73\xc40|\xd1\x1fHW\x15\x0f \xba\
\x0eB)D\xb18\xd7\xed\xef_\x1d\xa4\x93\xcf\x9d\x0a\
\xd8\xb8r\xa5n\x1f<\xf8wT\xd7C\xddD(\xf5\
W7ca\x88W\xban\x18\xe8!J\xef\x0b1&\
\x9aB\x00XB|\xf7\xe1X\xec\x96oM\x9dz\xc6\
\x01\xa9\xb3H\x93\x1a\x7f]\xb3v\xad\xad'\x93?\x9c\
y\xc7\x1d\xd7\x81\xf3#\xbcX\x04\xb7m\x7f\xde\xe0\xbb\
\x84!\xe3\x035@\x0d\x03Z\x103\xa0\xba\x0e\xa3\xa6\
\xe6=\xf07\x15\x90\xa7\xce\xd0\x0e8\xe9\x89w\xba\xba\
\xde$\x8b\xc5\x8b\xa9\xa6\xf9b)0LT\x09w\x99\
\xb5\x1f\x88\x7f\x8cW\xc9S.\x09\x1aR\x8e\xf3\xcb\x85\
G\x8e<\xf9\xed\x9933\x93\xce\xba3\xa7\xe8\xca?\
eCp\x22\x8aM\x9d\x0a\x9e\xcfo\x9e{\xf7\xdd7\
\x0a\xdb\xee\x93\x8e\x03\xe1y\xfe\x5c\x05j\x80*; \
\x22\x01\x94\x1a\xc8\xef\xdc\xf9\x07\xa9y\xf3L5\xf7g\
B'U\x11\xf4L2\xa9\xf1\xe1\xe1\xff\xa0\xba>M\
\x8b\xc5\xfc(V,\x06\xaa\xeb\xbe\xdb\x17D\xfb\xc2M\
\x1c\x01\x10\xc2\xd5?\xca\xfc\xeck\xd5\xd5\xdb:S\xa9\
\x01K\x08\x02B\x86\xfa\x13\x89'\x7f\xd1\xd6\xe6=\xd3\
\xd8\xb8de[[l\xf6\xacYC{\x0e\x1e<+\
\x95>\xa7I\x93^3\xf1\xdd\xcd\x9b\xf1\xa9\x9bn\xa2\
m\x9f\xfe\xf4\x88Y_\xdf1\xf4\xe2\x8b\xb7\xe8\x99\x8c\
\xa6\x07\x91TeT\x0b\x95?Q\xd2U\x95\xcd;N\
\x95\x9eN?&\xf2\xf9\xa3\x00\xe4\x87\x9a\x9a\xc8\x7f\x0c\
\x0c\x9c\xd6\xbd\x9cT \x88\x00\xab\x89\x94\xabh \x82\
hP\xe6D\x82\x1c?\x82\xbc>\x18\x8b\xc6\xf8\xcb\x22\
VT\xca\x91\xdf\xadZ\xf5\xcb\xc2ek>\x08!\xe9\
\x8e\xa1A\x99\x1d\x1e\x1e8\xd6\xdbw\x05\x18k R\
\xe2\xa8m\xff9\x80\xfc\xea\xd5\xab_4\x0c\xe3'\x94\
\xd2\xdf>\xf3\xcc3}g\x85\xad'O\xca\xfa\x8fl\
\xe7\xac\x9c\x9eSW\x13\xb1)S\xc4\xe0\xbaur\xea\
\xbb\xdf\xfd\xfc\xd0\xbau\xbfv\xba\xbb\xdf\xa1$\x00(\
\x051\x0ch\xa6\x09n\x9a\xfe\x8e\xa9@\x05\x10JA\
-\x8b\xa6\xe6\xcf\xbfn\xa8\xafo#\xfc,\xe1i\xab\
\xa9\x93\x02\x00/\x16?\xa9\xc4\x8f\x8a_\xabL_\xe8\
\xee\x8d\x13\xf0\x91\x81\xb8\x07\x80\xde\xa9S\xefM\xbd\xfd\
\xed\xef\xbb|\xd1\x85\x9a\xae\xeb\x18\x1a\x1a\x22\x9c\xf3\x86\
\xd7^{\x0d\x1d\x1d\x1d\xe8\xec\xec\x82\xe7y\xa0\x94\xa6\
\x00\x5c\xe7y\xdeu\x00FV\xaf^\xfd\x0a\x80\xb5\xba\
\xae\xff^J\xb9\xf5\x85\x17^x=\x22\x87Q\x10\x00\
\x93 \x15\xcc\xfazh\xa6)\x01\xa0\xe5\x9d\xef\xfc\xe5\
\xfe{\xeey;\x84 \xfe.#\x0a\xa9\x8c\xc1\x00\x08\
\x22P\x01\x22\xa86\xee{\xfc\xf17\xe9\xc9\xe4\x17\x00\
\x10\xc9\xd8\xd9\x03\xc0\x0b\x99\xcc4\x9e\xcf\xdfH(\xf5\
\x19\xaf\xeb\xa0AA\xa3T\x96~\xb0\xf2\xa3a\xde(\
\xf3\x89\x94C\x07\xaf\xba\xaa\xb6u\xfa\xf4:M\xd3!\
%P]]\x03\x00X\xbd\xfa\x12\xb4\xb5\xb5\xe1\xe8\xd1\
c\xd8\xb5k\x17\x0e\x1d:\x84b\xb1\xa8\xb6YU\x01\
\xb8\x1a\xc0\xd5\x9e\xe7I\x00\xdd\xabV\xadz\x91\x10\xf2\
\x84\x94\xf2y\x00{\xd7\xaf_\x7f\xae2\x88'\x95\x08\
:Y\xd2\xfc\xde\x07\x02\x80\x88\xcf\x9cy\x04\x9c3\x08\
a \xa8,V\x00\xd0L\x13L\xd7}\x09\x10\x80\x00\
\x84\x80\x15\x0a\x17\xa6W\xael\xcc\xef\xd8\xd1w&\xee\
\xe0\x09\x01 \x8a\xc5\xdb\x00$\x08\xa5\xa3Q\xa9\xa0\xc4\
+\x0c\xfe\xa8\xb2\xae\x88\xf8'\x91\x0e\x1dC\xd3\xa7\xbf\
$\x96.}K]]\xdd\xd8\x89\xd0447OA\
SS3Z[[\xd1\xd5\xd5\x85\xbd{\xf7`\xef\xde\
}\x18\x1e\x1e\x8e\xee\xc0%\x00\xa6\x00x\xa7\x94\xf2\x9d\
\xf0\xab\x86\xf6\xaeZ\xb5\xea%)\xe5c\x00\xd6m\xd8\
\xb0\xa1k29~6Iz\x9e?g\x80(\xb4\xb7\
O\x95\x9c\x1b\x90A\x09\xbaR\xb5\x86\xe1\xab\x02\xc3\x00\
\x0fb\x01\x82\x06\xdb\xcf(M\x17\xdb\xdb/ \x84\xfc\
\x1e\x00yn\xe1B\x5c\xbes\xe7)\x03\xf3\xb8\x00x\
\xc14\xa9\xf0\xbc\xf7\xd2@\xf7\x10M\x0b7;\x90\xa0\
\x82\x97(\x83Oe\xf8*$\x00\x95\xd2\xeb\x5c\xb5\xca\
\x98>eJ-p\xfc\x1d\xbc\xd5\xd5\xd5\xa8\xa9\xa9\xc1\
\xec\xd9\xb3\xb1`A\x17\xf6\xef\xdf\x8f\x8e\x8e\x0e\xf4\xf5\
\xf5\xf9\xdfW\xde\x90\x81\x02\x98\x1b\x8c\x0f\x02(\xad\x5c\
\xb9r'\x80g\x08!;\xa4\x94\x0b\x01$\x83\xa1\xbc\
\x1d\x0f\xc01B\xc8F)\xe5K\x1b6l\xe8?U\
\xbeM\xf0\xfe)K\x05o`\x00<\x97\x93U\xcb\x96\
\xb1\x91\x97_.K\xf0\x87\xd26\x08\x02\xa9\x95O\x82\
\x01JAt\x1d\x99\x8b.Z3\xb2i\xd3\xd3 \xe4\
\xb4\x98\x7fB\x00@\x88\xc5\x04\xb8\x80\x04b)\x04\x82\
\xff\xb7Q\xe3/\xb2\x91#\x04A@n:}\xb0\xb0\
t\xe9\xa29\xb55'e\xabH)\x11\x8f\xc71w\
\xee\x5c\xb4\xb6\xce\xc2\xc2\x85\x0b\xb0o\xdf>t\xb4w\
\xe0\xc8\xd1\xa3`\x8cM\xd4\x99#\x0e`9\x80\xe5'\
\xfa\x9d\xe0\xef\xb9\x15+V<L\x08\xf9\xc6\x86\x0d\x1b\
\xb6\x9e\xec\x84\xadY\xb3\x06\x94R\xe8\xba\x8e\xfe\xfe~\
X\x96\x85t:\x8d\xa7\x9f~\xfa\x94&\xbe\xb4o\x1f\
X>/[n\xbb\x8dg_~y%\xe0/\xaaP\
\x02H\x892\xa3;0\xbc)!\x90\xc1\xc8m\xdbv\
q\xa0r\xc93\xb3f\x91+\x0f\x1e\x9c\x5c\x09@\x0c\
\xe3f\x08Ai \xfeU4Je\xfd\x94\xc5O\x22\
\x1b9\xa2\xc6\x1f\x91\x12\x9d\xcb\x96e[f\xce\x9cs\
\xaav\x93\x94\x12\xban`\xda\xb4\xe9hn\x9e\x82\x0b\
.\xb8\x00{\xf7\xeeC{{;\x0e\x1f>\x8cR\xa9\
\x14J\xa3\x130z\xf4y\xca\x81\x93\x06\xf0GR\xca\
[W\xacX\xf1sB\xc8\xdfm\xd8\xb0\xe1\xe0\x89\xee\
K\x88\xb0)\x05ihh\x90\x84\x10\xe8\xfa\xa9g\xd5\
\x0b;v@\x12\x82\x9e\xff\xfa\xafLa\xd7\xae\x8bc\
\xb3f\xf9\xf7\xa8\xee3X\xe5\xca\xee\x0a\xa5B\xb0\xa9\
\x84\x12\x02\xb7\xa7gN\xf5\xaaUza\xf7n~\xba\
v\xc0\x84q\x80u\xb1\x18\xa1\x89\xc4\xd7\xe18ST\
Q\x82\x8aJ\xa9r/\x95\xf8\x19\xe3\xfb\x07~\xbf\xd4\
\xf5\xa1\xdd\xb7\xdejMok\xcb\x9c\x88Y\xc7#J\
)\xe2\xf1\x04\xa6Nm\xc1\xd4\xa9-hii\x81\xae\
\xeb(\x14\x0ap\x1cgL\x9f\x00\xc30\x90N\xa7Q\
SS\x83\xea\xeaj$\x12\x09h\x9a6\xba+\xb7\x1c\
\x18\x1a\x80\x8b\xa4\x94\x1f\x9e6m\x9a>}\xfa\xf4\xad\
]~a\xe7\xb8\xd4\xd9\xd9\x89\x96\x96\x16\xa2\xbe\x8b1\
\x06\xd7u\xd1\xd9\xd9yJ\xcf\xf4\xdd\xdd\xbb\xf1\xe1\x9a\
\x1a\x0c=\xff\xfc'D\xa1p\xa3^S\x03\xa3\xba\x1a\
z:\xed'\x81\x08\xf1\xed\x04\xc7\x81\xb0m\x88R\x09\
\xc2\xb6!\x1d't\xb9\x85\xe3\xa4k\xaf\xb8\xe2\xfb\xa5\
\xbd{\x0b D\xfe8\x9b\x9d<\x00\xfc10G\x16\
\x0a\xff\x87PJ\xa9a\x80F{\xf7Tl\xed*\x8b\
\xfe\xa9\xb0\xaf\x94\xe8[\xb8\xf0\xa8w\xc3\x0d\xd3\xeb\xaa\
\xab')\x98B\x90H$\xd1\xdc\xdc\x84\xe9\xd3g\xa0\
\xa9\xa9\x09\xe9t\x1a\xa5R\x09\xa5R\x09\xb5\xb5\xb5\x98\
3g\x0ef\xcd\x9a\x85\xfa\xfaz$\x93I\xc4b1\
\xc4\xe3q\xa4\xd3id2\x19$\x93Ih\xc1\xdeD\
\xaf<\x8afI)\xaf\x16B\xbco\xea\xd4\xa9\xe6\xd4\
\xa9S\xf7\x1e=zt\xdc\x80\xd4\x91#G\xd0\xd2\xd2\
BT\xc3\x07!\x04\xa6M\x9bF\x8e\x1c9\xb5=\xaa\
\x1fiiy[a\xd7\xaeo\xea\xa9\x94\xa9WW\x87\
\x00\xd0,\x0b \x04*{(J%H\xdb\x86\xb4\xed\
08\x14\xa8`\xcd\xeb\xeb{P2v\x04R\xca\x8f\
45\x91{\x07Om\xcf\xcc\xc4\xb2K\x88+\x08!\
:\x8dZ\xff\x81\xf8Q\x15\xbd\xa1\xde\x0f\xb6s\x85\xba\
\xdf\x97\x00\xfc\xf0\xca\x95\x89Y\x0d\x0dt\xb2+\xba\xa5\
\xf4+p\x17.\x5c\x88\xb6\xb66\xb4\xb5\xb5a\xff\xfe\
\xfd\x00\x00\xc6\x18\x86\x86\x86\xe08\x0e\x5c\xd7\x0dW<\
!\x04j_\xbf\x02E,\x16C\x7f\x7f?\x86\x86\x86\
\xa2\xead\x9a\x94\xf2+\x00\xeeZ\xbe|\xf9\xab\x00\x8e\
\x008\x04\xa0\xc70\x8c\x03B\x88\x9et:=\xd4\xd2\
\xd2\xd2k\x18\xc6\xc8\x0f\x7f\xf8\xc3SrC\x7f\x15\x8b\
\xd1\x14\xb0\x9a\xe8\xfagr\xaf\xbc\xf2\x16-\x91\xd0\xca\
v@K\xe9o\x18E`\x0cF\x06\xa8\xeaF\x12\x18\
\xe2\x84\x80\x17\x0a\xe7\x11]\xdf\x08\x95\x939E\x9a\x10\
\x00F}\xfdu\xbc\xbf\x7f\xd4\xf7W\xfe\xbf\xb2\xf2#\
[\xb7\x95\xd8\x8fF\xfeJMME~\xc1\x05u\x86\
\xda\x1bp\x16HJ\x09\xdb\xb6q\xf4\xe8Q8\x8e\x83\
5\x97]\x8ek\xaf\xb9\x06\xf7\xddw\x1f\x1e|\xf0\x97\
e\xa2^\x01\x80R\x8a\x05\x0b\x16 \x9dN\xe3\xe5\x97\
_Fkk+Z[[\xb1}\xfbvxAaF\
@\x19\x00k\xa2\xbf\xe7\xfa\xfb\xf6\xd0\xdf\xdf\xcf{{\
{s\x86a\xe4\x97-[\xd6\xa7i\xda\xd1\x193f\
twvv\x1e\x22\x84\x1c\xd0u\xbdW\x17\xbc\xdb\xf0\
\xd8\xb1\x98\xe7\xe5V\x0d\x0d\x89\xf3{z\xde\x92v\x9c\
\xeb\xe18\x97\x02\x98\x0b\xc7\xd1\xc2dZ\xb0\x98\xa2\xdb\
\xe0\x95\xad\x152?\xd0\xfb\x94\x10\x88\x00 \x94R$\
\xdb\xdaf\x97\x0e\x1c\x10\x00p\xd9d\x19\x81;W\xad\
2s\xeb\xd7\xaf(\x8b\xfe\x05\x86\x88\x0cr\xffa\xe0\
'b\xf9\x87\xc6\x1f\x80\xc3\xcb\x97\x91\x96\xa9S\xcd\xb3\
\xb9\x9fcdd\x04\x1b6l@>\x9fGww7\
jkj@\x08\x90H\xa6*\x99\x09\xc0\x97\x0e\xd3\xa7\
\xcf\xc0\x97\xbe\xf4\x15\xe8\xba\x86O\x7f\xfa\xd3\xd8\xb6m\
+\x96.]\x8a7\xbd\xe9\x0f\xb0~\xfd\x06\xf4\xf5\xf5\
\x8d\xe9\x04VI\x94RM\xd3\xb4j\x00\xd5\x84\x90i\
\x9c\xf3%\x07\x0e\x1c\x08\x01\xe7\xfa\x99=\x01\xc0\xe1\x9a\
VX\x93\xcfo\xcb\xd8\xf65\x18\xcf{Q\x00P\x1e\
U\xc4\x98S\x8c\x0f\xdb\xd1(\x09\xa0\xee\xcb7\x04[\
C\xe0\x9c\x06\x8d\x0b\x80\xd2\xb6m\xb3)!-\xca\xea\
\xa4\xc16gP\x0a\xc29\x84\xda\xbd\xabD\x7f\xe5\x17\
\xc4\xe3lp\xf9rkn\x22~\xd6:wy\x9e\x8b\
\x8d\x1b7`dd\x04\xbd\xbd\xbd\x18\x18\x18\xc0\x0f\x7f\
\xf4#\xec\xddw\x08O=\xf9[\xb8\xae\x0bM\xd3\x91\
J\xa5\xa0iZ`0\xda\x18\x1e\x1eFG\xc7n\x14\
K6\x86\x87\xb3\x10B`\xfd\xfa\xf5x\xf7\xbbo\xc5\
\xdb\xde\xf6V\xac[\xb7\x1e\xa5R\x09\xae\xeb\xc2\xf3<\
x\xfe\x06\xd0p0\xc6BO\x00\xf0\xbd\x02\x9f\x8f\xa3\
\x86h\x00\x1a\x0a .)1c\x9c\x9b\xba/\xa0\xcb\
\xe7[I\xcd\x88J\xad\x94\xa4$\xd2?\xc0\x0f\x87\x91\
QO\xcc\xffH]\xf0\xfa\xb4\x22\x94\xe3\x02 \xb6p\
\xe1\xa2\xd2\xe6\xcd\xba\xaaP\xa1\x86\xe1\x1b\x7f$\xc8;\
(\xfd\x1fy\x88\xa8\xff?4g\x8e\x97\x9813v\
\x86y\x8a\x09\x89\x10\x82\xcd\x9b\xb7`pp\x08\xfd\xfd\
\xfd\xe8\xef\xef\x87\xe38\xd8\xbb\xa7\x03\xbbvnGm\
]\x03\xee\xbc\xf3\xe3\xb8\xf2\xaa\xabP]]\x03]\xd7\
\x91\xcf\xe7\xb1~\xddK\xf8\xcew\xfe\x1d_\xfb\xfa=\
hlh\xc4\xbe}\x1d!\xd3\x1e|\xf0W\xf8\xccg\
>\x837\xbf\xf9\xcd!S}\xa0y\x18\x1e\x1e\x0e\x99\
-\x84\x08\x8dN\xce\xb9\x0f\x12\xd7\x85\xed8\xf0<\x0f\
\xae\xeb\x86#\x00\x8b\xf6\xe8\x92\xea\xc5[\xf6\xef\xbf\xfb\
\x03\x87\x0e}H\x102?|\x0e`T\x05T\x16\xd1\
\x04\xf3\x1d2<z\x8d\x00\x83x^2\xe8F$\x9f\
on&\x97uw\x9f\xd2\x84\x8f\x0b\x00\xb3\xa5e\xa5\
\xbdukX\x9c@M\x13$\xe2\xeb*\x1f\xbf2\xe6\
\xaf\xa8\x7f\xce\x1c\xa7\xa6\xaa*.\xe5\xa4\xed_(\xa3\
\xde\xde>\x1c<x\x10\xb9\x5c\x0e\x03\x03\x03\xb0m\x1b\
RJ0\xc6\xb0t\xd9J|\xe9\x8b_\x86n\x1a(\
\x15\x1d\x94J\x1e\x08\xf5\x00h\xb8\xfc\xcak\xb1r\xf5\
e\xb8\xfbs\x9f\xc1\xb3\xcf>\x8d\xa8}R(\x14\xf0\
\xd8c\x8f\xe1]\xefz\x17\xfc\xfb\x1e\xed\x058uj\
\x0b\xa2-j\xfdfO\xe5\xae\xa7m\x97\xe0y\x0c\xaa\
7\x14!\x04\xd9\x5c\x0eBH8\x8e\x9d^\xfb\xecs\
\x7f~\xa4\xa7gO\x8b\xe3\xcc/{\x18\x15R\xaf\xd8\
)\x1d\xd6QT\xf4&\x1cmL\x19p]J\x0b\x80\
$\xfe\xd6\xb1\xc9\x91\x00\xd9G\x1eYL\x83\xa2\x0f\x1a\
\xa4#\xa9\xa6\x95u\xee\x88\xe6\xfa\xcbD\x16\x00V_\
\x9fM\x1aF\xf5\xd9\x90\xfe\x94\x10\xbc\xfa\xea6\x14\x8b\
E\x0c\x0e\x0e\x86+\x91s\x8e\xcb\xaf\xb8\x06\xff\xf0\xf9\
\xcf\xa3T\xb4\xc1J\x0e\xe2q\x1d\x86\xa1\x85\xc9+!\
%,\xc3\xc2?}\xf5\xeb\xb8\xfd\xf6\x8f\xe0\xe8\x91\xce\
2\x1d\xbfq\xe3F,]\xba\x14\xba\xae\xc3u]\xdf\
\x93p\x1c\x08!\xc1\x85\xff\x1b\x82\x8b\xb0m\xcc\x98\x8e\
\xe4\x81\x05\x1f\xbdW\x1ax\x1es\xe7\xcem\x1a\xd8\xb8\
QLu\xcaC\x0cDJ?\xa0\xa6J\xe9\x18+[\
P\xe1j\x8f^#\x83\x02\x86\x80\xdf\xc6\xe8\xb2\xde\xde\
S\x9e\xf11\xd1\x99]\x0b\x17\xea\x04\x98C4-\x5c\
\xfda\x91\x82\xfa\xe1\x88\xdbRV\xe9\x13|\xc7\xb4\xae\
.\xbdT,\x0cK\xd5$o\x12\xc7\xf0\xc8\x08:;\
\xbb\x90\xcf\xe7\x91\xcdfC\x1d]\xdf\xd0\x84\xcf|\xe6\
\xafP*\xda\x00\x01\xd2)\x0b\x969\x9a\xb9\x0c\x19B\
\x09t\xdd\xc0G>r\x87\xcfP\xd5tZ\x08\xb8\xae\
\x8b\xb5k\x9f\xc2\xc1C\x07q\xf4\xe8\x11\x0c\x0c\xf4#\
\x9b\xcb!_\xc8\xa3T*\xc1c\x9e\xdf\x9d\x14\x81t\
\xa6\x04\x9aFa\x9a\x06L\xd3\x80a\x1a\xd0uMI\
nH\xc80Pd\x9a&\xa5\xc1\xde\x89pD\xda\xe0\
\xa0\x22\x99\x16J\x80\xe0\xc7*\x99\x8f\xd1+9\xa5R\
\xe5\x0a\x1a#\x01\x08!-\x84\xd2\x06\xa5\xfbU\xf4\x0f\
\x84\x802\x06\x11a:\xc6q\xff\x00\xa0\xfa\xa9\xb5-\
&\xa5\xfd}7\xdep\x18\xcdS\xa6ig\x12\x06,\
\xbf7\x1c:t\x08\x85B\x01\x17^\xb8\x08\x0b\x17\x0a\
\xfc\xe67\x8f\x801\x86;\xef\xfc\x04\x0c\xc3\x00\xe3\x1c\
\x99\xa4y\xdcN\xde\x94H\x5c\xb8\xe8B4Oi\xc1\
\xd1#]~l#\x10\xe5\x9d\x9d]X\xb1b%\x0c\
]\x87i\x9a\xb0b\x16L\xd3\x84\xa6\xe9\xd0\x82~\x80\
Z\xd8\xe3G\x19f\x91//\xebR\x1f\xb4\x86\xe5\x02\
E\xcf\x83\xab\xebb\xdc\xbb\x8a\x02!\x22\xfe\xd5\xf7\xd0\
\x08\x08\xd4<\x84\xaf\xa5\xa4A\xb1\x02y\xb1\xa1\x01\x97\
\xf6\xf5\x9d\x99\x0d ]\xb7\x99\x12\x12\x0b\xa3\x7f\x96\x05\
\x18\x86\xef\xee\x01e\xa1^\xc5\xf8\xcaR\x19\xe2\xd8H\
=\xf2H}l\xe7N\xf7\x95\x9bo\xee\xb6g\xcel\
\x99:uj\xa0s\xcfD/P\x1c>\xdc\x89\xf9\xe7\
/\xc0]w\xdf\x0d@\xe2pg'z\xba{p\xe9\
\xa5k\xe01\x86T\xe2\xf8\xcc\x07\x00M\xa7H\xc4\x93\
\xb8h\xd1b\x1c>t0l\x0b'\x84\xc0\xc8\xc8\x08\
f\xcd\x9a\x89X,6z\x1cM9\x0c\x03&\x8c\xf2\
.\xe4\xbc\xfa\xb3\x8c\xf4\x01'\x04\x86\xa1\xa1*\x1e\xc7\
\x88e\x8d)\xe0\x1b#\x0d\x22_\xaaV?\x08\x19\xad\
\xadP\x92`T\xfd\x84O{\xc9)2\x7f\x5c\x00\xe8\
553xP\x91\xaa\xc5b \x96\x05b\x18\xfe\xee\
\x15\x04n\x8e\xba\xc9\xc8DK?\xd5z\x88\xf8\xdfY\
\x03 i\xee\xdfo\xe6\xff\xef\xff-<\xbad\x09\xe6\
\xb5\xb5a\xfe\xfc\xf9hhh@\x22\x918-\xf6s\
\xce\xd0\xdb\xdb\x03\xc6\x18^\xdd\xb6\x0d\xd9l\x0e\xdd\xc7\
\xba\xb1\xea\x92K\xfc\x0c\x1d$4\xfd\xc4\xc2\x86\x10\xdf\
\x1e\x981cf\xd0\xb6\xd5CMMmhP\x0e\x0c\
\x0c\xa0\xa5\xa5%\xec\xed\xcb\x18\x83\xe3\xb8`\xcc\x83\xe3\
\xf8\xb6\x01c\x1e\x18c`\x8c\x83s\x06\xa6\xf6\xfb\x01\
cl1B\x00N\xa8\x9c](x\x95\xd0,S\x09\
\x11W\x0f\x81\x8dA\xc6\xfbl\x85JP\xb4\xae\xa1\x81\
\xac>S\x09\x10\x9b3\xe7<\xb7\xbd\xdd\xaf\xfb\x0f\x1a\
<A\xd3B\xb7\x8f\x04h\x94\x15\x92\xc0\x989\xf3v\
\xf7\xd8\xb1\x9f\x08\x80\xba\xa6i\xd9\x965\xcd\xb5\xacy\
\x8f\xc5\xe3o;\xd6\xd55\xf3X\xd7\x11s\xc7\x8e\x1d\
\x98=\xbb\x15s\xe7\xce\xc3\xacY3\x91J\xa5\xcb\x5c\
\xae\x13\x91m\x9702\x92E.\x97\xc5\x97\xbe\xf4\x15\
\xc4b1\xec\xdb\xbf\x17\x1f\xf8\xe0\x87\xe0y\x0c\xf1\xb8\
~r\xba0\x98\xa2X<\x0e!\x05\xde\xffG\xef\xc7\
\x9f\x7f\xeaSx\xe4\xd7\x8f\xe0\xb3\x9f\xfd4\xf6\xee\xdd\
\x87\x91\x91,\x1c\xc7\x81\xe3\xd8\xe0\x5c\x04\xf79*\xeb\
*\xb5\xda\x89\xdc]\x9bsA\x19\x93\xe3\x02\x80\x90\xb1\
CJH\x05\x82\xc8<G\xafj\x87U\xe4\x91N\x99\
B\x00t,\x5cH\xe6\xee\xdc)yOO\x83\xa66\
&\x04\xcd\x0a \x84\x1f~\x0cn\xacLd\xf9`8\
\xa8WU\xfd|\xc1\xc1\x83~0\xdaq\x5c\xe4r\xaf\
\x01x\x0d\xc0C\xefX\xb1\xe2_v\xe5r\x9f\xed\xeb\
\xeb{goo\xaf\xb1{w;Z[[1g\xce\
\x1c\xcc\x981\x03\xf5uu!\xe2\x8fG\x9e\xc7P,\
\x16\xe0\xba.::^\x03c\x0c\x90\x12\xe9\xb4_Q\
\xaek'gj\x88\xc08\xcd\xe5r\xf0\x5c\x17--\
-\xe0\x9e\x1b\xf6\xf4;\xd2\xd55\xba\x1a'@\x8f\xac\
\x00\xae\x0c\x183\x111\xcfcq\xc6\xdc1\x00P\xf3\
\x1a\xd4Z \x12\xe7\x8f\x1a\xd6\xa1KX)\x15\x08a\
\x91\x7f\x9c>\x00\xb4T\x0a\xfbV\xae$\xec\xc8\x91\x19\
T\xad\xfe`\xf7\x8f\x0c\x8a0\xa2\xfa*\xfaSFS\
\xd3\x96\xb9\xdb\xb6M\x98B}p\xe3\xc6\xad\x00n\xbb\
j\xf5\xea\xaf\x1d\x1b\x1a\xfa\xfb\xe1\xe1\xe1\xb7n\xd9\xb2\
\x85\xb6\xb7\xb7c\xc6\x8c\x19\x98?o\x1e\xda\xe6\xccA\
mm-\xa8\x0a7\x8fK\x04\xb6m\xc3u\xdd2\xeb\
\x9d\x105i'\xf7\xd0\x8c\xf9\xfe\xfc\xd1\xa3G@\x08\
\xc5\xf7\xbf\xff}\x0c\x8f\x14\xb0v\xed\x13~\x18W\x19\
\x85\xc7\xf9\x8e\xca\x9f:\x91\x04p\x1d\x87\xd5\x96J\x18\
W\x02\xa80o\x10n\xa7A\x08\xb8\xcc\xd0\x902\xdc\
hS\xb6\xb7\x82\x90\xa0\xc9\x00\x91\xe44l\xedQ\x00\
TW\xfb-H\xf2\xf9:bY\xa3\xab_\xd7\xfd\x1f\
\xab\xb0z\xa2\x9b\xe5\xf5\xda\xda\x9d\xe8\xee>\xe1\x8f\xfd\
~\xdd\xba-\x00n^\xb5j\xd5e\x83\x83\x83\xffP\
(\x14\xae\xdc\xb5k\x17\xdd\xb7o\x1f\xa6M\x9b\x86\xb6\
\xb6\xf3\xd0\xd6\xd6\x86\x96\x96\xa9\xa1a\xa6hpp\x10\
{\xf6\xec\x09C\xb4\xd1\xf0lOo\xf7I\xfbAR\
\x02\xae\xc7\x91\xcbe\xb1\x7f\xff~p\xcep\xec\xd8\x11\
|\xe3\xeb_\x82\x8a\x5c\x1a\xa6\x11\xba{\x13\x03 \xf2\
\x83\xf2\xc4\xc7\xd4\x10\xc7\xce[\xae[]\x164S\xab\
_e\x5c)\xf5\x8b>U\xb7q\x15k\x89f\x0a\xa3\
\xfb,\xfd\xaa\xa1\x22\xf7_\x9fV\xd85\x84\x0cM\xa5\
\x88\x96HP\xaaii\x1a\x01@\xb4\x0c|\xa2`\x84\
\xb7w\xef\xe1S\xf9\xd1\xf5\xeb\xd7??c\xc6\x8ck\
-\xcb\xba\x81\x10\xb2\xc5u]\xec\xdb\xb7\x0fO=\xb9\
\x16\x0f=\xf40\x9e{\xeeY\x0c\x0e\x0e\x82\x10\xa0X\
,b\xdb\xd6\xad\xd8\xb2e3\x8a\x85\x02(\xa5\xa1\x04\
P\xe1\xd6];v\x9ct \x9c1\x0e)\x81\xdd\xbb\
w\xe3\xc0\xfe}\x81\x14\x91\xd04=\x00\x88D\x22\x9e\
\xf0\xdb\xc3\x1ew\x88\x09^\x8f\x1d\x10\x12Z._L\
J\x99\x1c\x03\x0cUng\x18 A\xc45\x1as\x19\
\x93/\xa8\x00\x00\xa14\x1f\xa8\x11\xb9\xa2\xa7\xe7\xf4\x01\
\xa0%\x93$u\xfd\xf5\xa6(\x16\xe3e\xab_\x85\x80\
\xcb\xce\xc7A\xa5\xabr\xca\xbb|\x9fz\xea)\xb9}\
\xfb\xf6\xdf\xd5\xd6\xd6\xae2M\xf3\xfd\x00\xf6q\xc1\xd1\
\xd5\xd5\x85\xa7\x9eZ\x8b\xc7\x1f\x7f\x0c\xbbv\xbd\x86\xf5\
\xeb\xd7\xa3\xaf\xbf\x1fBH\xa43i\xcc\x9e=\x1b\xa5\
R\x09\xd3\xa7O\xc7\xb7\xbe\xfd\xef\xb8\xf9\xe6[\xf0\xe2\
K/\xf8\x9f\xe1\xc7\x7f~!$\x8a%\x86R\xb1\x80\
\xa7\x9f^\x8b\xde\xdenD+{\x18cA\x9d\x80\x05\
)\xc5\x09\x86\x0c_\x8b\xc8\xebq\x07$\xd2CC\x96\
\x01T\x8f\xb1\xfa\x95\xe8\x0f\xca\xc0I$\xe8\x16\x8d\x0d\
\x105*\x0cAj\x9a\x9d\xd1\x1a\x81\xd3\x06@l\xf1\
b\x9a\xba\xe1\x86\x18\x912FM\xd3\xdf\x97\x1e\xdc\x0c\
\x89\x88\xa4\xd0(\x89\xf8\xa3T\xd7\x87O\xeb\xd7\x01\xac\
_\xbf\xde\xdd\xb1c\xc7}\xd5\xd5\xd5\x8b\x0c\xc3\xf8+\
)e\xbf\xe7y\xd8\xbau\x1b6l\xd8\x00\xce\x19\x0c\
\xc3\xc0\xfc\xf9\xf3p\xc1\x05\x17`\xc9\x92%\xc8\xe7\xf3\
\xf8\xe0\x07?\x8c\x1b\xae\x7f3\xee\xb8\xe3N\xf4\xf7\xf5\
\xe1\x91_?\x04\xd7\x9bx\xbf<\xe7\x02\xb9\x82\x0b!\
\x05\x9ex\xe2\x09\xbc\xf4\xe2\xf3\xf0<\xaf\xec\x00\x07\xce\
9\x9a\x9a\x9a\x02\xb0\x88\xe3\x0cY\xf1o~\xdc\xcfs\
)\xd182\xc2\x01h\x15a\xdcpK\xb8\x0a\xb8)\
\x89\x1b\xae\xfah\x84P\x81A%\xe2\x84\x00\xd1\xf5}\
\xcaZ\xd8<c\xc6)[\x81\x14\x00\xfa\xbf\xf2\x15b\
]p\x01\x81\x94&\xd5u\x83D2\x80D\xd3\xca#\
P(\x17\xff\x90\x12\xd4\xb2r\x1d\xb5\xb5gT\xf6\xb5\
i\xd3\xa6\xe2\xae]\xbb\xbeZ[[\xbb@Jy\x0f\
\x00\xb6s\xe7N\xc4bq,_\xbe\x1c\xf5\xf5\x0d\x10\
B\xa2\xb5\xb5\x15\x0d\x0d\x0dx\xf0W\x0fb\xd3\xa6\xcd\
\xf8\xc5/\x1fD\xb1X\xc0O\x7fz\x1f^z\xf1\x05\
0\xaeV\xa7Z@\x12%\x9b!W\xf0\xc0\x19\xc3\xd3\
k\x9f\xc4C\x0f\xfd\x0a\x07\x0e\xec\x0b\x13HQ)0\
{v+\x18\xe3\x01\x93\xc7\x0e\x151\x9c\xe8\xef\xe3\x0d\
&$\x9a\xfa\xfb\x93\xb2r\xee\x82\xd5\x1f\xee\x04\x8e\x9c\
\x986&D\x1c\x05A\xc4(\xe4\x03\x03{\x08!\x84\
h\x1a\x96\x1e>|z\x81 \x9aL\x82\x98&\x01!\
\x1a\xd1uJ#\xd5\xa8P\x1e\xc08\xb1hE\xc6\x94\
)E\xd6;9\xbd\x1e6m\xda\xd4\x07\xe0/\xe7\xcf\
\x9f\xbf\xcbq\x9c\xef>\xf7\xdcs\xda\xbcy\xf3\x90J\
\xfa\xeaS\xd34\x5cu\xd5U\xb8\xff\xfe\xfb\xf1\xfe]\
\xbbP*\x16\xc0\x18CO\xf7Q|\xfd\xeb_\xc5\xd1\
c\xbd\xb8\xfc\xf2+PSS\xe3\x97P\xc3\x0f u\
v\x1d\xc6\x8b/\xbc\x88'\x9f\xfc\x1d^\xde\xb4\x1e\xff\
\xfa\xaf\xff\x86+\xaf\xba\x0a\x1f\xff\xd8\xc7\xf1\xfc\xf3\xcf\
B\x08\x81\xda\x9a\x1a\xd4\xd7\xd5\x8fq\xf1\xa2$\xc9\xe8\
\x99`>\x9fN<\xe7\x9c11}d$V6o\
\xaa\xd0C\xad~\xd5\x11D\xb5\xdbQUW\xaa\xb3Z\
\xb4\xc9Vp\x15B\xf0\xe4\xe2\xc5{\x8a[\xb7\x9e\x96\
\x0b8\x0a\x80x\x9c\x10]'\x84\x10\xa2v\xa3(\xbf\
TV\xa4\x1f+\x01 \x01\xc4\x96/w\x0a\x8f?>\
)\x00P\xb4{\xf7\xee\x1f.X\xb0`\xd1\xc0\xc0\xc0\
'\x9f~\xfai\xdcp\xe3\x8d\xd0(\x85c\xdbhh\
\xf0\x0b>\x87\x06\x07\xca\xc2\xbe;w\xee\xc07\xff\xbf\
\x7f\xc2\x96-\x9bp\xc1\xc2\x0b\xd1\xd8\xd4\x04\xc7\xb1q\
\xech7v\xee\xda\x89\x0d\xeb_B__/,\xcb\
\xc4%\x97\x5c\x82D<\x86E\x17]\x84g\x9eY\x0b\
!$\x96-_\x1e\xc4\x08&\xa6Jc\xf3d\x00P\
744R[(\xa4\xc7\x04\x95\x03\xe3\x8fF\x1aD\
\x12J\xcb\xaa\x84T\x9d@\xd9\xfe\x8b@\x0aQJ;\
\x85mwK@\xe24m\x00\x1d\x00\x88\x1f\xed#\xd0\
4Bt]\x84\xb5\xe8\xaa>}\x1c\xd1\x1f\x11g\x9c\
\xe8:\x9b\xf4=\xd4\x00\xea\xeb\xeb\xff\xbeP(\xbc}\
\xf7\xee\xdd\xd3.\xb8\xe0\x02$\x12q\xec\xd9\xb3\x07\xcc\
cX\xb1\xe2b\xac]\xebo\xc6\x88\x82\xa0\xb7\xb7\x17\
?\xff\xf9O\x11\x8f\xc5QSS\x0b!\x04r\xb9,\
J\xa5b\xf89\xdb\xb6\xf1\x8f\xff\xf8E\x5c~\xc5\xd5\
x\xe8\xa1\x87\xc0\xb9\xc0\xdcys\xd1\xd8\xd8P\xbe\xfa\
\x09\xca\x8e\x8cS\x0c\x97\x91Po\xf4\x0c\xc1\xb2\xffP\
J\x08_=\x0e^\xbak\xd7n\x00\x97\x94\xefk\x0a\
\x5c?\xcb\xf2[\xeb\xaas\x13\x03\xfd/\x83\x14\xb1\xea\
\xb78^\xc7\x15\xa3\xb9\xb9=\xdb\xd1\xe1pM\x03;\
\xcd\xdaK\x1f\x00j\xe3\x81irbYN\x18\x91R\
\xa8\x0a\x1f2R+7\x0a\x02I\x08\x11'J\xc0\x9c\
\x0e=\xf7\xdcs\xc3\xe7\x9f\x7f\xfe\xb7GFF\xbe\xd4\
\xde\xde\x0e\xd3\x1c}\xc8\xa6\xa6f,Zt!6o\
\xde2zJW\xc0\xa0\x05\x0b\x16\xe0S\x9f\xfa\x0b\xfc\
\xecg?\xc3\xd3O\xaf-\xfb\x9b\xa2\x07\x1e\xf89\x1e\
x\xe0\xe7\x10B\xa0\xbe\xbe\x1e\xcb\x97-\x07\xe7<\xc8\
\x0c\x02\xa5R\x09\xb9\x5c\x0e\xb9\x5c\x16\xc5b)\x88\xff\
\x97\x97\x83E\x01\xa0i\x1a\x0c\xc3\x80\xae\xeb\xb0,\x0b\
V,&\xd7\xa4R\xce\xa5\x07\x0e\x0c4\xb6\xb7/)\
[\xfdJ\xa5\xea\xba\x1fp\x0b\xfa+\x93H\xcb\x9dp\
\xf5\x07;\xafI\x00\x82\xe8\xee\xab\xe4\x8a\x15/t\xad\
['mB0\xac\x9d\xde\xe1/\xa1\x04\x88\xadXA\
$\xe7\x5cK\xa7\x9d\xf2\x930I\x99\xc17\x8e\x0d\xa0\
\xc9R\xc98\x1b\x12\x00\x00,\xcbz(\x9b\xcd~\xa1\
\xbf\xbfO\x9b2eJ$\xda\xca\xb1`\xc1\x02\xb8\xae\
\x87\x1d;v\x84\xcc\x10B\xe0s\x9f\xbb\x0b\xd7]\xf7\
&\xb4\xb4L\xc3\xd3\xbf\x7fz\xdc|\x832\xe6jk\
kq\xcd\xd5W\x83\x10\xbf\x98\xb3\xab\xab\x0b=\xdd=\
(\x96JA\x94\xb1<\x0d[\xf9\x1d\x13Q\xbd\xe7\xf5\
\xbc\xbd\xbb;)\x819\x18;g\xbe\xefo\x9a\x08[\
\xeb\xab\xbc\x8b\x0a\x00\x05\xddU\xc3QQ2\x06\xc6\xb0\
o\xcb\x96\xa7\xbb8\xa7\x83\x84\x88\xbf>\xcd\xc3$B\
\x008\x9b7\xc3Z\xba\x14\xc4\xb2\xec\xf0\x86+\x8b\x11\
\x03\xa3*\xd4\x83A\x04\xca~\xf6\xd9\xccd\xb4,\x1b\
\xf7\x06u}/\x80C\x83\x83C\xb3\x9b\x9b\xa7\x94M\
\xba\x94\xc0E\x17-B2\x99\xc0\xa6\x97_\x01\x0f2\
r\x0f<\xf0\x00f\xcdj\xc5\xfd\xf7\xdf\x0f\xcex$\
\xa2Zn\xbc\xcd\x9e\xdd\x8a\x95+WA\xd34tw\
\xf7\xa0\xbd\xbd\xbd\xac\x9ax<\xc9q\xb2\x00\xe8\xa7t\
`\x90\x90\xaeZ)\x97W\xfeM\xc5\xfe\xc3#\xf4\x82\
\xb0\xbb\x0a\xb8\x85\xadu+\xfa-\x86}\x97|@\xf7\
t56\xee:f\xdb\xf4hg\xe7x-lN\x0d\
\x00\xd04\x09\x004\x91\x18\x11\xc5\x22B\x10 \xa2\xef\
#\x85\x0a!@(\x85\x18\x1cl\x9e],\xbez6\
\x00\xf0\xf2\xcb/{S\xa7N\xed*\x14\x0a\xb3\xa5\x18\
{\x80\x94\x04p\xde\xec\xf3\xd0\xd4\xd4\x84m\xdb^\xc5\
\xa1C\x87\xf0\xc8#\xbfF\xc7\x9e}8tp_\x10\
\x8c)gX}]\x1d.\xba\xe8\x22?\xe5\x0b\x89\xfe\
\xfe>l\xdf\xbe\xfd\x84\x0c?I\xe6\x0b\x00\x8c\x11\xd2\
\xfc\xa3X\xec\xfb\x9f+\x95\x161\xc0,\x03\x00\xa5~\
\xa5U\xb0\xfa\xb5d\xd2O\xbb+\xff\xbf\xb2\xcb\xba\xda\
z\x17\xe9\xbd\xd4[U\xf5\xe2Z\xcbr{\x8bE\x9d\
\x01\xb8\xa8\xb6\x96\x1c\xe3\x5c\xf4\x8e\x8c\x9cz:\x98\xf8\
\xcd\x1e%\x00\xa954\xf4\xca\x03\x07B\x00H\x8c\xd6\
\xa0#\x1a\x09\x8c~\xc9\xec\xd9\xad\x08\xc4\xf0\xd9 )\
e\xd6\xb6m0\xce\xc7\xf7v$\x10\x8f\xc7q\xc9\xea\
\xd5X\xb4h\x11\x8etu\xe1Xw7\x00\x09\xc3\xd0\
\xa1i:\xd2\xe94\x1a\x1a\x1a0m\xda4\xa8>\x05\
\x5cpx\x1e\xc3\xce\x9d\xbb\x8e\xc7T!\xa5<\x08\xa0\
W\x08\x91\x97R\x968\xe7%)\xe5\xb0\x10b\x88s\
>\x1c\xbc\x9f\x97Rf9\xe7#\x9c\xf3\xbc\x94\xd2\xfb\
\xa9\x94\x1e\x80\xa3\x7f\x0c\xfcq\x1c\xa8\x8b\x03U\x1a!\
IA)\xa1\xa6\xe9\x8b\xfeT\x0aD\x1d\xae\x11t[\
U\x12 <_!\x0a\x00\xce\xa1q\x8e\xe7\x93\xc9'\
\xb6\xf6\xf7\xa7\xb3\xc3\xc3^\x81sO\x16\x0a\x9e\x0dp\
M\xd3\x04\xf7\xbb\x89\x9f\x14\x10F%\x80?\xb3Rk\
j\xeac{\xf7\x86\x09\x08\x02\xe5\xfb\x96\xd7\xa8+`\
HJ!\xb3\xd9\x05g\x8d\xfb>c\x0c?j\xc7\xc3\
\xcc\xdf\xb8\x9c\x02G,\x16C\xdb\x9c6\xcc\x993\x07\
\x5c\x8c\x1e-\xab\x0cE\x11\x14y\x00\xfe#\xb7\xb7\xb7\
\xc3u\xdd\x89\xaa\x88\xdcB\xa1\xf0W\x8e\xe3<\xea\x1f\
h\x22\xc19'B\x08\x15\xc8\x9b(4\x12\xd2O\x81\
\xa7\x7f\x01\xac\xa5\x00m!$\xbd*\x16\xbb\xe8\xa3\x86\
\xf1\xa7M\xf1\xf8\x02\x9aLBK\xa5F=\x00e\x00\
F;\xaeF\xcfZ\x18=95\xff\x0c![\x06\xfa\
\xfaR\xa5R\xc9-\x14\x0a.\xe7\xdc\x93>\xe0X0\
8\xc6\xefn6\x0e\x00,K\x06*@\xd2\xaa\xaa#\
\x08\xf2\xeca\xbc\xbf\xa2\xfa\x07\x8a\xf9\xc1\x93\x8b\xe1\xe1\
\xb3\x0d\x80z\xc0\x8f\xeaQz\xe2\x02\x92\xf2\x84\x9b\xaa\
\x08\x16c\xa6b``\x08===aM`%\x15\
\x8b\xc5\x7f*\x16\x8b\xbf\xa5\x94\xc6\xd4\xd7\x89\xf2r\x9f\
h\xc5jt\xd5E\xdf\x87\xaa\x03\xeb\xd44\xa7X]\
\xfd{}\xd1\xa2\x9dwuv>\xa2\xa5RU4\x91\
\xf0\xf5\xbf:XK1?83 \xb4\x01\x22\x8d8\
\x0ei\xda\x96\xbd\xae[r\x1c'n\xdb\xb6\x0e\xc0\x94\
R\xba\x00\xdc\xe0\xe7\xdc\x08\x10D0\x8e\x0b\x00\x10\x7f\
f\xa59o\xde\xbe\x92\xf2;+%\x80r\xb7*\x82\
\x0e\x22\x9f?\xbf\xf7\xbd\xef\x8d7\xfe\xe4'\x93\xde\xc0\
\xa9\xad\xad-\x99\xcdf[R\xa9T`\xe5ON\xad\
\xb9\x94\x12{\xf6\xec\x09_W\x92\xe38?*\x16\x8b\
\x0fPJM\xc5\xcc\xc0\xdd\x15\xd2\xdf8\xa0\x98\x1e}\
=Q93(\xa5H$\x12d\xf6\xacYf\xeb\xf2\
\xe5#(\x95z\xb5d\xd2\x07\x80:gAu\x5c\x0b\
\xda\xeeEU\x80j\xc1C9\xc7\xef\xe3\xf1\xdf\xd9\xb6\
m\xda\xb6-\x84\x10\x1a\xe7\x9c\x05\xbc4\x02\x00\xe8\x00\
\x1c\x04U\xfa\x8aM\x13\x02\xc0Z\xb4H\x16\x1e~X\
\x1a\xf3\xe6qZW\xd7-9\xf7\xc0\xb9\x11\x9e\xd5\xab\
\x9a\x13D\xb2N\xb2\xdc&hvw\xed\x9a\x0e\xff\x94\
\xafI%)e\xab\x10\xa2\xb9\xa6\xa6z\x8c\x0f~\xba\
D\x08\xc1\x91#G\x90\xcf\xe7\xc7\x15\xfd\xae\xeb\xfe\xbc\
X,\xfe3\xf1\x89\x13B\xb8\x94\x92\x03\x08\xaf\x11\xe6\
GA0\x91$@,\x16#---\xe4\xf2\xcb/\
\x17\x97\xacZ\x9567mJ\xd1t\xda\x17\xff*\xf8\
\x13l\x07W\xcc\x87\xe3\x84\xfa\x9f\x04*\x80I9\xb2\
\xd64_\x82m\xd3\xa0f\x91H)\x09\xfc\xad\xfe\x0a\
\x04z\xf0o-\x00\x82R\x0dc@\x10\x16\x84\x10\xbf\
e\x19\xd3\xcf;\xaf\x9bZV\x1f\x18k\x896zR\
\x16\xbf\xba\xaa\x8d\x8b\xc1SjZc\xe3\xd2\xb3\x01\x00\
\xdb\xb6\x97\x01 U\x99*\x88Ir5=\xceq \
0t+\x01\xc59\x7f\xbaP(|!\xd8I\xcc)\
\xa5\x8cs\xeei\x9a\xe6q\xce9\xca\xc5\xeax\xab\x1f\
\xf0\xa5\x85\xac\xa9\xa9\xc1\xcc\x1930\xa3\xa9\x093\xd2\
iR}\xfe\xf9\xfa\xb5\xd7^\x1b\x9b\xadiM\x5c\xd3\
\xea4%\xfeU\x10G5\xddp\x1c@\xb5\x8f\x8d\xaa\
\x00!\xb0\xd30^:,\xc40\xf3<\x9dsN\x82\
\xfbW\xf6\x08\x8d0^\xbd\x8e:s\xa8\x04\xc1(\x00\
,K\xf2\xde^A\xeb\xebKZ}\xfd\x1ea\xdb-\
\x921\xbf&@I\x80\xa0bEDV\xbfT\xefu\
u]\x0b\xe0\xe7g\x01\x00W\x06\x91\xb5\x13\xc6\xe9O\
\x86\xd4\xde\x82\x09\x0c\xbf\x91b\xb1x\xb7\xae\xeb\xae\xae\
\xeb\xdc\xb2,\x8f1\xe6QJ=M\xd3\xf8\xc8\xc8\x08\
\xa3\x94r\xa5\x02\x22\xa7{W\x1a[2\x16\x8b\xa1\xa9\
\xb1\x11\xb3\xa6NEkc#\xa6%\x12\xf4\xaa7\xbd\
Io]\xbc\x98\xba?\xfe\xf1\xb5v:m\xd2\xe0\xb4\
\x10P\xea3\xdfq|\xdd\x1ft\x02\x09\xfb/\x07\xc1\
\x1f\x9ds\xfc6\x95\xfa\x15\x18\xd3\x82\xc3\xc5\xd5-\x94\
\x95\x0eV\x8cJ\xc9Tv\xaf\xa12'\xb1\x98\x14\x03\
\x03\x9cP\xea\x19\x8b\x16m\x83\xe3\x8c\xe6\xff\xa3\x1d\xaa\
\x00\x09\xd3\xf4\x90N\x0f\xcbL\xa6\x0f\xa9T/t=\
\xcfw\xee\x5cs\xf0\xae\xcfM\xeaa\xd4s\xe7\xce\xa5\
R\xca\xa5\xe9t\xda\x7f\x12u\xba\xe8\x19\x0c\xdb.A\
u\xf2P\xd1@\xc5G\xc6\xd8\x8f\x92\xc9\xe4\xc1L&\
Shll\xcc\xa7\xd3\xe9\x82eY\xc5x<^\x92\
R\x96,\xcbrt]w)\xa5J\xa4\xf2\xc8\xb5L\
*\x94J%\xf9\xda\xee\xdd\xf2\xbf\x1e}T\xdes\xef\
\xbdrNS\x13\xb9`\xd5*=)D\xcay\xee\xb9\
w\xe8UU\xa0\x89\x84o\xfd\x03\xbe\xae\x0f\x98\x8f\x88\
\x0a\x90A\x18\x98p\x8e\x02p\xf0\xe5X\xec\x15H)\
T\xadAD\x82U\x96\x1a\xe8\x00,\x00\xb1\xe0j\xa2\
\x5c\x22\x00\x88J\x80x\x1cbx\x98\x03\x10\xe6\x92%\
/9O<\xf1I0\x06\xe2\x9f\x02&Q\x95\x19f\
\xcb\x96i\xee\xfc\xf9q\xb7u\x96\x10\xf1\xb8)\x08\x89\
I\xc1]ds\x82\x1c8\xd0l\x1e><\x03\xc0\x81\
\xc9\x02\x80m\xdb\xcdB\x88\xf9555\xe0\x93\xd0\x1b\
\x9f\x10\x82\x83\x07\x0f\x81W\xa8\x92 \x84\x9c\xaf\xae\xae\
\xfeV2\x99\xb4\xab\xaa\xaaD,\x16\x13G\x8f\x1ee\
\xa5R\x893\xc6\x84\x94R\xd8\xb6}Z\x22h\xc7\xbd\
\xf7\x92)\x17^\xa8\xe9\xban\x8d<\xfa\xe8\xf5\xd2q\
\xdah*\xe5\xc7_\x08\xf1\x0dne\xf8\xd96\x84m\
\xfb* \xda{I\x08l\x8f\xc5~7\x04\x94\x5c\xd7\
\x8d\x05\xcf0\x9e\xfb\xa9\xdeS 01\x0aT\xa5\xbe\
B)\x10\x02\xc0Z\xb2D\x16\x9fxB\x02\xf0\x8cE\
\x8b^\x95R\x0e\xc0u\xeb\x90Je\xe5-\xb7\xec)\
.Y<\xc3\xd3\xb4j\xee\xbaDr\x0e\x11l\x14\x95\
 1\x91J\x01\x8b\x16A\x9b7o5\xee\xba{\xd2\
\x00 \x85XA\x0813\x994&c\xa7q\xb1h\
\xa3\xbb\xbb{\xdcdN&\x93yd\xe6\xcc\x99\x87/\
\xbc\xf0B\xbd\xa3\xa3C\x16\x8bE\xc1\x18c\x96e\xa1\
\xa7\xa7\xe7\x8c~\xbc\xc54i\xcd\xb2e&\x1f\x1e\xce\
\xe4~\xf6\xb3?\xd3kk\xa1\xac\x7f\x00a3(Y\
*A\x96J@\xa9T\xa6\x02\x02\xeb\xdf[[_\x7f\
\xbf\x18\x19\x91RJ!\xa5T.\xe9xq\x88J\x10\
\x18\x185\x0e\x19\x22\xd1\xfc\xb2\x8d!$\x1e\x97\xee\xbe\
}\xcc\x9c={\xd0\x98={\xbd\xb4\xede\xfcO\xff\
tg\xb1\xba\xeaJ\xc9\xb9\x06\xa6\x8ev\x0f\x18\x14\x11\
\x9fR\x08\xb8\x96\xf5^\x00?\xdd\xf6\xf8c\xe4\xa2\xeb\
o8m\x85]__OR\xc9$\x06\x06\x07\xafJ\
\xa5R0\x0c\xf3\x8c\xdd?\x7f\xf5\x1f\x0c\x13<Q\x0a\
r\xeb?\xee\xec\xec\x94G\x8f\x1e\xe5\x9a\xa6\x09B\x88\
$\x84\xc8\xc3\xa7Qe\x13\xa5\xe1\xfb\xee#\xe6\xfc\xf9\
\x1a\x00}\xe8\x9e{>\x01!f\xab\xe8_X\xf8\xa1\
\x98\x1f\x88\xff0\x07\xa0<\x00\xce1bY/w\xd4\
\xd5\xed\x14CC)\xc6\x18\x91R\x1a\x01\x83\x95\x1a?\
\x19\x10\xe8\x185\x181.\x00`\x18\x1c\x84\xb0\xc4\xad\
\xb7\xfex$\x11\xcf\x17R\xc9?\xa4\x5c\xd0\xd1}r\
>xFK\xa3\xc2\xbey\xe0\x9c_\xb9{\xc7\xf6\x99\
\xc5l\xf6\x94\xaa\x84\xa3\x14\x8b\xc5\xa8\x94\x92\x16K%\
\x02`EUUU\x19\xd0N\x97\xf2\xf9<\xfa\xfb\xfb\
\xa0J\xbf\x15(\x00@\x08q\xa4\xaa\xaa\xea\xc5\x91\x91\
\x11\x22\xa5\x94B\x08)\x84\x10\xde\x19\xf6\xe2\x07\x80l\
O\x0fm\xba\xe2\x0a\xa3\xf0\xd4S\xcb\x8bk\xd7\xdea\
\x9cw\x1eh&\xe3G_\x01\xbf\xeb\x97\x02@\xb1\x08\
Q,\xfaF`\x00\x00\xb5u|\x7fc\xe3\xbf\x09\x80\
q\xceK\x84\x10!\x84\xe0\x18]\xd9\x13\x81@\xbdG\
#\xa3\xbc,\xa1l\xf2\x97/\x97\xde\xe0 \x07\xe0\x1a\
\x7f\xf0\x07\x9bF\x9a\x9b\x97\x0a.\xe8h\xdc#\x00A\
\xa0A\xa2FTP\x02\x9d\xb0=\xf6\x9e\xa5\x97\x5cz\
:\xdc\x22\x94R\xca9\xd7FFF\xcc\xfe\xfe\xfe&\
)\xe5\xfc\xea\xeaj_\xdd\x9c\x81\xe1\x07)\x83\xd5?\
z\xbfQ)\xd0\xdc\xdc\xfc\xe4\xbcy\xf3\xdcE\x8b\x16\
iuuu\xc4q\x1cb\xdb6)\x16\x8b$\x95J\
\x9dv\xa6\xfb\xd9O}\x8a\xf0LF\xa3\x96U5\xf8\
\xc5/\xfe\xb3VW\x97\xd02\x19\xdf\xf5S\xdd\xd6\x1c\
\x07\xb2X\xf4G\xa9\x04\x04R\x80D\xbb\xaf\x03\xfbz\
f\xcf\xfeM]u\xb5\x1b\x8b\xc5JB\x88\xa2\x94\xb2\
\x84\xd1\x88\xdf\xf1TTY\x0d**\xc2\xd7c\x03\xeb\
\x99\x8c\xb0\x07\x07=JH1\x1e\x8b?\xc5\x98\x17\xec\
\x8d\x93e!VY!\x05\x84\xf4\x87\xed\xd8\x7f\xbcu\
\xeb\x96\xd8\xc6\x0d\x1bNe\xe2\x08\x00\x1a\xc4\xfc-\xc6\
X\x9cRz!\xd5\xb4\xead2\xe9\xc7\xef\xcf`\x8c\
d\xb3\x18\x1a\x1a\xf2\xef\xbb\x82\xf9RJTUU=\
T*\x95\x12\x8c1S\xd34\xc3q\x1c\xdd\xb6m\xa3\
P(h\xb6m\xab\x00\xcbDC\xa3\x94\xd2D,F\
g\xd4\xd5\x95=sixX\x9b\xf9\x81\x0f\x18\xbdw\
\xde\xf9\x0dp~\xbeVS\xe3'\x7f\x22\xc7\xec)\xbd\
\x1f\x82@5\x83\x8c\x9c\xbc6\xd8\xdazO\xd7\xf6\xed\
\xc5\xba|\xdeK\x00\x0e\xa5\xb4$\xa5\xb4#\x00\x98(\
\xe6?\xee\xde\xd2\xe8\x07\xc6\xf6\x07\xc8dPr]\x16\
\x03\xbc\xaa\xaa\xccC##\xc3\xb7SJuJ\xe9\xb8\
?1\x8e*8\x8f\x80\xdc\xb8b\xe5\xca\x07\xd7\xad{\
\x89\xac^}\xc9\x89\xa4\x81B\xa6!\xa54\xe1\xbb,\
\x06\xa5\xf4\xb2d\x22\x01\x8d\xd2\xe3\x16i\x9e\x10Y\x84\
\xe0\xf0\xe1\xc3c\xc4~\x04\x08\xc3\xa5R\xa9\xbd\xbd\xbd\
=Y*\x95D6\x9be\x9csQ,\x169\xe7\x5c\
\xf9\xcf\x98`\x82\x83\xaf\x92\x823&\xe3\x80\xb8n\xd6\
,1\xbf\xbe\x1e\xf3\x1a\x1aH\xcd\xa5\x97j=\x7f\xfb\
\xb7\x1fc\x07\x0e\xbc\xdbhm\x85VU\xe5G\xfe\xd4\
I+\xb6=\x96\xf9\x11\xf1\x1f\x14\xe4\x1e\xd8\x91H\xdc\
7\xdc\xdfO\xfav\xed\xe2\x16c\x92\xf9'\x87VF\
 OD\x951\x80\xb1F \x00$\x1b\x1a\xe4\xe0\xe0\
 /\x14\xf2N2\x99z\x95\x10\xb2\xd5\xf3\xbc\xe5\xba\
n\x84\xe5R\x0aC\xa3;\x95T\xc9\xb4\x0f\x82b\xa9\
\xf8\xd9m[\xb7>\x94\xcb\xe7NF4)\x03\xc5\x84\
\xef\xb3\xc6\x00PB\xc8\xc5\xd5\xd5\xd5~\xf0\xe7\x0c\xf4\
\x7f6\x9f\xc7\xd0\xd0P\xd9\xce\xdb(i\x9a\xb6}x\
x\x98\x15\x8b\xc5T\xa9Tb\x9cs\xc1\x18S)\xd5\
\xe8$O8\xa9RJ\xe10\xc6\xdb\x07\x06\xf8\xfel\
V\xe4\xe2q\x99\xbc\xfez\x5c\xfc\xfc\xf3\xd7\xba/\xbd\
\xf4\x05\xad\xb5\x15\xb4\xa6\x064\x9d\x06\xb1\xac`\x7f\x9a\
\xeb3\xbdP\xf0G\xb1\x08\x14\x8b\xa3F`\x10\xfe\xed\
\x995\xeb+\xfb9\xb7\x87\x84 \xbdR\x92^)5\
\xcf\xf3\x94TR\x11?r\xbc\xfb\xc3\xd8\xbc\xc5\xd8@\
P\x19g\x08\x81\xebz\x8cRj\xd7\xd6\xd4\xfe\xd8s\
\xfd\x9a\xfa\xa8\xc1\x17\xc1\x7f\xc8|!\x04\x04\x17p]\
w\x85\x90\xf2z!\x04\x9e|\xe2\x89\xe3\x19&\x8a\xf1\
q\xf8m\xdd\x13\x00b\x84\x90\x0c\xa5tAU&\x13\
\xa8\x97\xd3\x13\xfdRJt\x06\xab\xbf\xb2\x9fpDr\
=_,\x16\x13\xf9|\xdeb\x8c%\x18c\x09\xcey\
\x22\xb8\x9f\x14\xfc\xa6\xd2\xc7\x1b)\xf59BH\xca4\
\xcd\x94\x9bJ\xa5\x1a\xba\xba.lx\xfe\xf9\x1fh\x8d\
\x8d1\xbd\xae\x0eZu\xb5o\xf9\x03\xa3\xa2\xbfX\x84\
\xcc\xe7}\x00T\xb8~\x841\xb8\xa6\xb9\xf5\xc9\xea\xea\
\x9f\xed\x98>\xdd\xdaZSc\x1c\x10\xc2\x1a*\x16c\
\xc1|\xa9\xe0\xce\x18\xcb~\x1c\x10(\xe6\xab\x80UH\
\xe3\x02\xa0\xa6\xa6Fz\x9e\xc7\xb3\xd9\xacS[W\xf7\
(\xe3\xec\x98\xc7X\xd0vU\x94}\xb7\x0c\x00\x15N\
h \x05FF\x86\xbf\xa0\xeb\x86Y,\x15\xf1\xedo\
\x7f+\xbc\xb9\xfa\xfaz\xa2\xf9;?\x8d\xe0!\xe2\x01\
\xe3\xe3\xf0W\xbfI\x08\x99j\x18F\xb3\xdf\xa5C\x9e\
\xf2PQ\xb2|\xa1\x10\xea~\xc5\xfc(\x088\xe7\x9c\
1\xb61\x9f\xcf\xebB\x08\x831fp\xce\x95\x1aR\
Q45\xe1\x13\x8dD0\x92\xa6i\xa6\xd3\xe9tf\
N\x221\xe3\x86\xe7\x9e\xfb\x89V[\xdb\xa0\xd5\xd7\xfb\
\xab?\x99\x04\x09z\x14Ke\xf8\x05\xab_\x04\x00@\
D\xfck\x8c\xf1\x87\xe6\xcc\xf9\x9bG\x850\xb7l\xd9\
\x12?r\xe4H\x22\x9f\xcf'=\xcfS\xe0\x8cc\x82\
\xe8\xde8\x12 \x1a\xb1\x8c\xaa\xb5\x89\x8f\x8d#\x84H\
\xc7q\x98i\x9a\x03\x99t\xe6g\xae\xebw\xc5\xe0<\
\xd8\x08\x19\x09A+/ \xdc\x0e\xc5\x05\x18c\x8b=\
\xcf\xfd\x88m\xdb\xb0m\x1b\x1f\xfd\xe8G\xc9e\x97\xad\
!\xf1xL\x93R\xaa\x08\x95\x9a@\x15\xae\xd4\xfd\x9f\
&\x17%\x93I\x1a\x1eJy\x82\x11\xed\x02\x9eN\xa5\
\xd0\xd6\xd6\x86\x86\x86\x06\x1c:thBp\x04\xa3\xdd\
q\x9c\xc3\x9csZQ\xe8\x11\x15\xb1\xc73\x00\x95\x04\
\xb3t]\xb7\x92\xc9db\xce\x94)u\x7f\xd9\xd9\xf9\
\x9dD*u\x9e\xde\xd4\x04\xad\xb1\x11ZUU\xe8\xf6\
I\xc7\xf1\x19\x9f\xcb\xf9\xa3P\xf0E\x7f\x85\xeb\xd7\x11\
\x8f\xff\xea\xa7\x8e\xb3\xedHggjhh(\xe9y\
^\x8a1\xa6\x0e\xc0P\xf3\xa5\x5c\xc0\xf1\x82A\x95\xcc\
\x8f\x86\xacC\x9a\xb0Wpcc\xa3\xec\xea\xeadv\
\xa9\xc4\x1a\x9b\x9a\xee\xed\xed\xeb\xbb\x9d\x10\x92\x06\x00J\
\x82\xcd\x0b\x91\x8e\x19\xca+\x10j\xb7\xac\x94\xb0m\xfb\
\xf3\x84\xd2\xdfp\xce;5\x8d\x12\xcb\xb2\xe8\xc0\xc0\xa0\
.\x84P\xcc\x8f\x8a2\xa5\xcf8!dIUU\x95\
\xafr01I)\xa1Q\x8a\xda\x9a\x1aL\x9d:\x15\
\x8d\x8d\x8dH$\x12`\x8c\xe1\xa1\x87\x1e\x0a\x1b<V\
\x16\x83\xaa\xab\x10\xe2\xa1`O\xa0\xfa\xc0D\xc1\x94\xe3\
\x914\x0c\x83&\x93I2\xa3\xa5\xc5\xfc|.\xf7\x85\
\xe6x|\x19ml\xf4\x99\xafD?\xa5~\xc4/\x10\
\xfb\xa2P(\x17\xff\xb6\x1d\x8a\x7fW\x88\xbe/VU\
}\xa3\xaf\xb77U(\x14\x88m\xdb$\xc8\xfcE+\
\x91\xa2b\x7f\x22\xe6\x8b\x80\xf1\x1e\xcaS\xc2\xe1\x84\x9c\
\xf0\xa4\x83#G\x8fx\xe7\x9d\xd7\xb6?\x95J\xfd\xbc\
\x90\xcf\xdf\xee\x1f\xe4\x10l\x1a\x896'\x09\xe3\x02b\
\xd4-\x14\xa2\xbe\xba\xaa\xea\xden+v\x83\xae\xeb|\
\xf7k\xbb\xf5b\xb1\x18e~,@q\xd4\x98!\x94\
\xd2\xf9\x99Lf\xc2\xec\x9f\x90\x12\xa9T\x123g\xcc\
\xc4\xb4i\xd3\x90H$F\x99L\x08\xf6\xec\xdd\x8b\x03\
\x07\x0f\x96Y\xfe\x95\xe2\x1f@\x07c\xeca!\xc4i\
w0\x0b\x0e\x8b\xa0\xc9d\x92\xce\x9a1C\xff\xa2\xe3\
\xdc=\xcf\xb2\xae\xa6S\xa6\x8067\x83\xd6\xd6\x82(\
\xd1\xaf\xf4~>\x0f\x91\xcb\x01\xb9\x1cD\xa1\x10\x06~\
T\xee_cL~/\x95\xfa\xf2k\xb6]rl\xdb\
\x0a\x1aT\x93\xa0\x8c\xad\x92\xe1\xc7\x03\xa8Z\xfd\xaaB\
\xc8\xc3\xa9H\x00\xf5\xfdR\x82\xf7\xf5\xf5\xf1\x86\x86\x86\
o\x0e\x0c\xf4\xbf\x07\x04)\x00\xa0T\x0b&4\x18\xa8\
\x10\xb1\x01\x10\x1c\xc7\xb9\xba\xb6\xb6\xe6K\x86a\xfe\xd5\
H6\x1b\xb5\xf4+3T*>\x9d\x89\xc5b\xad\x96\
i\x96Y\xff2\x08@\xd5\xd7\xd7\xe3\xbc\xf3\xfc*`\
\xd5M$\xea&\xda\x8e\x83\x1d;v\x84\x96\xbfbz\
\xf4\x0a \xc7\x18\xfb[!\x84\x8a\x8b\x9f\x16\xf3\x0d\xc3\
 UUU\xda\xcc\xe9\xd3\xf5\x7f\xb0\xed\xcf.1\x8c\
\x1b\xc8\x94)\xd0\x9a\x9a\xa054\x80\xa4R~\xba\x97\
s?\xbe\xafV}.\x07\x91\xcf\x03\x85\x02P*\x85\
\xcc\xa7\x8ca\xa3\xae?\xfc3M{\xc6\xb3m\xdd\xb6\
m)\x84 \x15\xc9\xab\x13\xddoT\xf4G\x99?f\
\xf5\x9f\x10\x00\xd3\xa6M\x93\x1d\x1d\x1d\xa4\xa7\xa7\x87\xd5\
\xd5\xd5\xedK\xa5R?\xc9\xe7\xf3w@\x02\xbaa\x80\
R\xb5\xb2\xd4\x04G\xdcB>\x9a\xaeL\xa7\xd3\x7fQ\
SS\xedr\xce\xbfN\x08\x89K)c\x130_\x12\
Bf\xa7\xd3\xe9\x84T\x0c\x0b\x8aR\xea\xeb\xebq\xfe\
\xf9\xe7\xa3\xbe\xae\xce\xb7\xf0\x811\x19BB\x08\xf6\xee\
\xdd\x8b\xfd\xfb\xf7\x1f/t\xcc\x85\x10\x9f\x17Bt\xe0\
$ON\xad$J)L\xd3$555t\xee\xfc\
\xf9\xa9\xbf\xc8\xe5>\xb1\xcc4\xdfF\x9a\x9bA\x9b\x9a\
\xa0\xd5\xd7\x83\xa6\xd3\x80\xae\x8f\xc6\xfa\x0b\x05\x88\x5c\x0e\
2\x9b\x0du\x7fh\xf9\x07\x00\x18\x91\xf2\xe0?\xa4\xd3\
\xdfpm[s\x1cG\x041\x7fr\x9cg\x99\x88\xf9\
\x22`\xba\x13\x8c\x09#\x86'\x14\x7fs\xe7\xce\x95B\
p\x91\xcdfE<\x9e\xf8\xaam\xdb\xc3\xb6c\xc3s\
]\xbf\xdb\x86\x10\xa3\xe6@\xc4\x13\x88\xee\xbbg\x1e\xc3\
\xc2\x85\x0b\xff\xfa\xe3\x1f\xfb\xd8\xdf\xe8\xba\xae\xe2\xd7Q\
\xe6\xab\x9bw\x1b\x1a\x1a.\xab\xae\xae\x0e\x8cI\x8eT\
:\x85\xd5\xabW\xe3\xd25kP[[{\xdc\xa2\x10\
\xc7q\xb0s\xe7\xce2\xdd_1\x04\xe7\xfc\x1e\xc6\xd8\
Z)\xe5)3_\x9d\x0f\x94L&iss3\xbd\
\xee\xba\xeb\x96\xfd\xd9\x9f}\xf2\xde\xc5\x0d\x0d\xb7\xd0\xe9\
\xd3\xa1M\x9d\x0a\xbd\xa9)4\xfa\x88\x94\xbeq\x17\x18\
}P\xcc\xcf\xe7GC\xbf\x8e\xa3B\xbe\xf9\xbf\xc9d\
>{\xccql\xc7q\xa4\xe7y$\x22\xfaO\x87\xf9\
n\x04\x00J\xfc\x8f\x99\xbc\x93\x9a\x84\xef|\xe7;x\
\xdf\x1f\xfd\x91\xb4K\xa5|\xa6\xaa\xca\x1c\x1e\x1e\xbe\xd2\
\xdf)4\xfa\xcbB\x0ap\xd5,\x81\xab\x86\xca\xc1U\
\x0ap\xc61}\xfa\xf4U\xf5\x0d\x0d\xe6+\xaf\xbc\xf2\
r\xe0\x09D\x99\xcf\xae\xb8\xe2\x8ae\x97\xadY\xf3\x97\
===\x96i\x9aX\xb0`\x01\x96.]\x86T2\
y\xc2d\x10\x01\xd0\xd1\xd1\x81W^y\x05\xc5`c\
\x0b\x10\x1e\xf2$\x00H!\xc4?\x0b!\xfe\xf3d\x9f\
;J\x94R\x18\x86AR\xa9\x14mmm\x8d\xbf\xf7\
\xbd\xef\xbd\xe3\xdak\xaf\xfdL<\x99\xacN;6\x92\
\x9aF\xb4\xba:_\xec\x9b\xa6\xbf\xa3\xd7\xb6}c/\
\x9b\x85\xc8\xe5 FF \x02\xc3/\x14\xfd\xae\x0b\xea\
y\xfc_\x12\x89\xcf?J\xe9f\xcf\xb6\xe18\x0e8\
\xe72\xb8\xf7\x932DQn\xf4\xb9\x00\xec`\x1c7\
_p\xd2\xc7]1\xc6\xc08\x13\xc4%\xdf\xf4\x5c\xef\
6H\xcc\x91B\xc00\x8dH\xb5nyr\x88\x07`\
\x10\xd2w\x1d\x19g\xb8\xf4\x92K\xee4\x0c=\xf9o\
\xff\xf6\xad{\x82\x88\x96$\x84\xb0\x9bo\xbe\xf9\x86w\
\xdfz\xeb\xdf\xff\xe0\x87?\x88\xd5\xd5\xd7c\xd5\xaaU\
H\x06=\x01NF\x00r!\xb0\xbb\xbd\x1d\x03\x03\x03\
*\xcc\xeb\xcd\x9f?\xbfg\xf5\xaaUl\xc6\xcc\x99\xd5\
/o\xda\xf4\xd0\xc3\xbf\xfe\xf5\x7f\x9c\xca3\x03\xa3{\
!,\xcb\x22UUU\xe4\x92\xd5\xab/|\xfb;\xde\
~wuu\xcdl\xd34\x103M\xb8\xcb/\x96\xfa\
\xc6\x8d\x802\xf8\x84\x08W>\xb2Y_\xecg\xb3\x90\
\x81\xde\x97\x11\xc3Os]<fY\xf7\xfe\xa7i>\
\xe9\xfa\x16\xbfT.\xed\x192\xbf2Y4\xee4\x9e\
\xf4d\x5c\xbaf\x8d\x5c\xbb\xf6)\xe1\xban\xae\xa6\xb6\
\xf6\xaf{{z~)\xa5$BJ\xe8\x9a\x06\x10\x84\
\x09#\xa9\x22q\x22P\x07Q\x10\x80a\xc9\x92%\xef\
\xfb\xecg?S\x7f\xef\xbd?\xfeZ>\x9f\xcf\xbd\xe7\
=\xef\xf9\x935\x97^\xfaa\xd7s5\xcb\x8a\xa1\xad\
\xad\x0d\xc9d\xe2\x84\xab~\x94I@WW\x97\xd2\xfd\
b\xc5\x8a\x8b\xbd\x9b\xdevSi\xda\xf4iS\x04\x17\
\x1a!\xc4\xfd\xe9O~\xf2\xf0\xa92?(\x0c%\xb1\
X\x8cL\x9d:\xd5|\xfb-\xb7|d\xd9\xf2e\xef\
5\x0d\xd3\xb4,\x0b\xb1X\x0c\x96e\x81\xcd\x9c!\xd9\
\xe1\xc3\xc2(\x165\x081\xea\xea\x05\x8c\x17\x15z_\
\xad|\xe2yx\xd90\x1e\xf9?\xb1\xd8w\x98\xe3\xc0\
q\x1c!\x84 \x81\xfa<\x15\xe6+_?\xca|\xa5\
\xfb\xc7X\xfeesw*\x13\x02\x00\x8f?\xfe\x18\x0d\
\x0c\x93\xff(\x14\x0a\xef\xb5\xac\x18L\xd3\x08,r@\
\x08\xff\x10\x05\xc6XY;\xb7h\x189b\x95g\x19\
cE\xd34\x9b\x95\xc1\xb7w\xdf>aY1b\x99\
\xe6I\xdf\x9b\x94\x12\x8f=\xf6\x18^\xdd\xbe={\xe7\
\x9dw\x88\xf3\xcf?\xbf*:\x81{\xf7\xee}\xe4\xcb\
_\xfe\xca\xdf\xc0\xb7=N\x9a\xf9\x86a\x90D\x22!\
W\xae\x5cy\xe1-\xb7\xdc|Wmm\xed\x1c\xc5x\
\xc5|#h\xa5\x9f\xe8\xed+5\xae[\x17\x93\xb6M\
\x84\xb2\xf4GFB\xf1/\xf3y\xdf\xe5+\x95\xc2\x82\
\x8f.J_\xf8pm\xed\x9f\xf4\x17\x0a\xc2q\x1cZ\
,\x16I$ u\x22\x17O]\xa3\xd6\xbe\x1d\x19\x13\
\x96\x82G\xe9\x94}\xe0\xeb\xaf\xbfA\xf8y\x12\xf2i\
\xc7v\x0e\xdb\xa5\x12\x1c\xdb\x81\xe7\x05\xb9\x82\xa0JI\
\x19\x86RH\x08\xee{\x05\x9cqp\xc6\xc3\xd7\x82\x8b\
\x0c%\xb4\x99y\xcc\xff\x1b\x17hnj\xa6\x04\xe0\xb6\
\xe3\xb8BJ1\xd1N\x8b\xe8\xe8\xec\xec\xc4\x9e={\
\xf8\xad\xefzW\xfb\x9c\xb69\xd5\x9e\xeb\x11\xf5[R\
H\xf6\xeb\x87\x7f\xfdC\x9c\xc2\xea7\x0c\x83\xc4b1\
2}\xfa\xf4\xf8\xed\xb7\xdf\xfe\xe7\xef\xfb\xa3?\xfan\
Mu\xcd\x9c\x98\x15C<\x16G<\x16\x87eZ\xf0\
\x13d\x14\x82\x0bdkk\xcdlc\xe3\xb0\x1c\x19\x81\
\x1c\x19\x19\xc3|\x19D\xfbT\xb0g@\xd36\xfe\xf5\
\x8c\x19w\x14\xa5\xcc\x0b!l\xcf\xf3\x1c!\x84'F\
{\xd2\x1e7\x01\x85r\x91\xef\xc0_\xf5j\x9c\x14\xf3\
q*\x93\x12\xa5\xb7\xbe\xf5\xad\xfc\xa1\x87\xfe\xabw\xda\
\xb4i\x1f>p\xf0\xc0\xa3B\x0a\xcb\x14\x1c\xbe\x81\x0f\
\xa8\x02\x92\xd1\xff\x8d\xd6\x0b\x8c\x9bP\x8aN\xbei\xa0\
\xbe\xbe^/\x96\x8a\xb2X(p\xce\x85\xeby\x1e4\
]\xd3bVL'\x84\x10\xd5\xa7W\xc5\x1dv\xec\xd8\
\x81\xc1\xa1\xa1\x5c\xdb\x9c\xb6:\x8f\x95W\xf1\xf4\xf7\xf4\
o\xeb\xd8\xd3\xb1\xdf0\x0c3\xda\xd0\xb9\x92(\xa5\xd0\
4\x8d\xf8\x87T\xc6\xc5\xa5\x97^z\xe9\x8d7\xde\xf0\
\xe9L:3C7tXq\xbf4\xdd\x8a\xc5|\x17\
8\x88\xebs\xc6\xc0\x85\x00\xe7L;x\xfe|k\xf6\
\xbe}\xddVgg\xb3\xcc\xe7G#}\xd1`\x8f\xeb\
\xa2`\x9a\xeb\xbf\xb6d\xc9{\xb2\x83\x83E\xc6\x18-\
\x95J\x9a\xe38V\x10!\x8d\x96y\x9d\x88\xf9QW\
O\x19|\xe3\x06|&\x15\x00\x00 \xb8\x90\x83CC\
\xbfO&\x93\x7f\x9b\xcf\xe5\xbf*\x84\x80i\x88\xa0\xc3\
g\xa4\xa5\x9c\x8a\x0d\xa8\xaeY|\xac*\x18\x8fbV\
\x8c\xc4\xac\x98\xce\x18\xd3\x1d\xc7\xe1\xc5b\xd1\x1d\x1e\x1e\
\xce{\x9eW\xe4BHM\xd3H:\x9d6{{{\
\xe3\x9d\x9d\x9d\xd6\x9c9s\x0a\xf1X\xbc\x91\xb3\xf2\x8a\
\xdf\xeec\xdd\xed\x9c\x0b\xa2i\x1at]\x0f\xfa\x5c\xc8\
\xd0\xd0\x8a2_\xd341g\xce\x9c)7\xdft\xd3\
\x9f\xb5\xb6\xb6^\xa3\xeb:5L\xd3_\xf1V,8\
7@\x0b\x1bQ\xf8\xcf\xc4\xe11\x06\xe6\x1f0\x95x\
\xf5\xd2K\xf9\xdc\xde\xdeC\xa9\xce\xce\x99B%}\x82\
\x95/\x1d\x07N*\xf5\xcc/\xe7\xcc\xb95\x97J\x95\
x_\x1f\xc9\xe5r\x1a\xe7\xdc\x92Rr9\xf1\x84T\
\x8a\xfc\xe8\xca\xb7Q\xee\xeb\x8f\xeb\xeeMDg\xd4\xd8\
\xe3\x17\xbf\xf8\x05\xa9\xcad\xe8H6\xfb\xaf\xc3\xc3C\
\x1f\x8bY1\x18\xa6\xe1G\x09\xa5\x00\xe7\x02\x1e\xf3\xc0\
<\x06\xc6\x031\x1f\xb8\x87R\xc80zx*\x14\x04\
\x99$\xe7\xdc\xf3\x98'9\xe7\x22\x11O\xe8\x86ih\
R\xca1+\xa7P(\x1c\xfc\xfa\xd7\xbf\xf1\xdeb\xb1\
\xe8\xaa\x22\x90\xca\xdf\xa4\x94\xca\xda\xda\xba\xd8\x9b\xdet\
\xedm\x17_|\xf1\xfbM\xc3L\x99\xa6\x01+\x16C\
,\x16\x0f\xf5\xbd\xae\xeb>\x00\xe0\x87\xa3\xb9\xf0c\x1c\
\x8c1xA\x0b[\xd7\xf3\xc09\xcb\xb5=\xf3\xec\xc1\
\xe9O>5]\x16\x0b\xd5\xaa\xe6\xdfmj\xfa\xc5#\
\xe7\x9f\x7fG{k\xab\xb3u\xcb\x16\xd2\xd1\xd1\xa1\x15\
\x8bE\xb3X,Z\xc1\xd9?*\xc13&@\x86\xd1\
t\xae\x8a\xeb+\xc6Wn\xfd:\xa5\x09=\xe3\xce.\
\x0f<\xf0\x00M\xa7S\xfa\xd0\xe0\xd0\xf7r\xb9\xfc\x07\
b1\xdf0\x22\x94\x04\xae\x1f\x07\x0b\x8cB\xc6Yx\
\xeeN\x99QxF\x87H\x9c\xe8\x01\x09z{{\xd7\
\xff\xe0\x07?\xfct\xa1X(i\x9aF)\xa5J\x12\
\xf0L&\x13[\xbdj\xd5\x0d\xabV\xad\xfa`<\x1e\
\x9f\xaai\x9a\x7fRH\xb0\x1b)f\xf9'\x86\xe8\x86\
\x0eJ\xd4\x16\xf3 \xe3\xc9\x19\x98\xc7\xe01\x0f\x9e\xeb\
\x85\x92\x801\x06OJ\x9e\x1a\x1a\xda\xd9\xban\xdd\x91\
\x9a\x1d;.\x14\x8d\x8d\x0f\xfef\xd6\xac\xbb\xf6\xa7R\
d\xc7\xf6\xedt\xff\xfe\xfdz6\x9b5l\xdb6\x03\
\xd1o\xa2</\x82\x083\xd5\xaa\x8f\x06x\xa2\x22\xff\
D\x85+g\x0f\x00\xf7\xdf\x7f?\x01$M$\x92\xa6\
m\x97\xbe\xda\xd7\xd7\xff\x89\x98e\x12]\x8f\x82\x80\x85\
\xadX}c\xcf\x97\x04\xcaM\xf4=\x80\xb3\x86\x01\x10\
JP*\x95\x0em\xda\xf4\xf2}\xdd\xdd\xdd\xdb)%\
$\x95J5\x9ew^\xdb\xca\xd9\xb3[\xaf\x8e\xc5b\
S\x08\xfc(\x9fn\xe8!\x00L\xd3\x82i\x1a\xd05\
\x1dT\xf3sU\x12\x12\x82\xfb\x06+\x8b2\x9c\xb1 \
]\xce#\xcf(\xc0!\xa5\xa4\xda?\x1d\xdb\xb1\xe3\x1f\
\xf7tw\xeb\x87\x0e\x1d\xd2\x0e\x1d:\xa4\xd9\xb6mz\
\x9egp\xce\xa3\x91\xd1\xca\x95_\xb9\xea\x1d\x8c\xbf\xea\
O\xbbfnRz;=p\xff\xfd\xc4c\x8c\xa6\xd3\
i}xh\xe8\xce\x5c6\xf7e\xd32\xe3*kX\
\xd9\x8f7\xda\x9d3ZOx6I\x9d\xbe\x09@\x04\
\xbb~\xc3g\xd7\x82}\x8fz\xd0\xe9\xcb0\x0c\x18\xa6\
\x09C\xd7C\xb1\xafx\xe2\xdf\xb7\xf0O\x09\xe1\xdc7\
\x02\xb9o\x07\x84.\xef\xa8\xdb\xcb\xf2\x85\xc2\xdfvt\
t|{\xef\xde\xbd\xe6\xd1\xa3G\xb5\xa1\xa1!\xdd\xf3\
<\x831f\x08!\xa2\xbbx\xa3\xae\x9fbj\xe5\xaa\
\x8f\xf6\x00P\x86\xde\x19M\xdc\xa45\xf7\xfa\xc9\x7f\xfe\
')\xd9\xb66\x7f\xfe|\xa3\xb7\xb7\xf7\x8a#]]\
?\xd0\x0dc\xaa\xae\x0e\x9c\x8c\xf4\xe3\xf5\x98\xe7\xbb\x81\
\x15=uO\xc7&8\xb9\x87\x1c\xed\xf57\xda\xf5\x94\
\x80P\x02J\xa82\x02\x11\x18\x8a\xd0\x0d\x1d\xba\xa6\x87\
\xefE\xfb\xf6\x97\xe58\x02f3\xc6B\xdbF\xa97\
!\xc4\xc0\xe1\xce\xceO\xec\xd8\xb1\xe3\xa9\xae\xae.3\
\x97\xcb\xe9\xa5RI1_\x13B(Q\xaf\xd2\xe0\x13\
\xe9z\xc5\xfchN\xff\xa4\xba\x7f\x9cS\x00\x00\xc0w\
\xbf\xf3\x1d\x02B\xf4L&\x13\xcf\xe5\xf3\xb3\x8a\xf9\xfc\
\xf7t]_\x19Z\xce2\xac\x16\x0a\xec\x01?\xe1\xa3\
Z\xb9(\x95\xa0j\x0b&\x81\xf3\x8a\xfd!\xf3\xcb@\
\x10\x01@\x14\x04\x9a\xa6\x81j\x14\x94je\xc7\xceI\
\xa8\xfe\xbf\x159\x0f\x1e\x01\xb2\x94`\x9e\xb7\xf3\x95\xcd\
\x9b?t\xf0\xe0\xc1#\x83\x83\x83f.\x97\xd3\x1c\xc7\
\xd1\x19c\x1a\xe7\x5c\x19\xab\xc73\xf2\x94\x95\x1f]\xf1\
\xd1\x8a\x9eI[%\x93\xde\xde\xef\xcb_\xfe2u\x1d\
\xc7\xf0\x18K\x11Bjc\x96\xf5\x99d2\xf9!M\
\xd3te\x81\xab\x83\x98\xa2\x87>(5\xa0B\xc6\xe3\
\xe4\xf0O\xef\x01\xc7;\x08\x9a\x04UM\xc1U\xf5\x0f\
R  \x84\x82j$\xfc\x8crk%FK\xdf*\
\xcb\xcb\x82\xfb\xe4\xbd\xbd\xbd\xf7m\xd8\xb8\xf1K\xbd\xbd\
\xbd<\x9f\xcf\xeb\x85B\x812\xc64)\xa5\x16\x94s\
G\xe7<Z\xac\x19\xad\xdcQ\x8cW\xef\x9dj\x09\xf8\
I\xd3i\xc7\x01&\x22\xc7qd\xb1Xd\xdd\xdd\xdd\
\xb6\x942gY\xd6\xd7kkkw7\xd4\xd7\xdf\xad\
\xebz\xed(C\xc6\xf6\xe2\x8bNfY\x9c (8\
9]\x1a\x0f\x04\x82\xf8v\x93b\xbe\x02\x00c\xcc\x7f\
/P\x11\x95\x14e~\xf4>\x19c];v\xec\xf8\
\x87W\xb7o\xff}\xd0\xbe\xc5\xb4m\x9b2\xc6h\x10\
\x80\x8af>\xa3%\xe7\xd1\x15\xefa\xac\xa8?+\x8c\
\x0f\xe7\xe3l|\xe9\xc7?\xfeq288\xa8\xbf\xf6\
\xdak\xb1\xfa\xfa\xfaL:\x9d\xae\xaa\xab\xab\x9b5c\
\xfa\xf4\xbfM$\x12\xab\xd4/\xab\xd5\x14=\x95\xbb,\
N\xa0\x5c\xc4\xc8f\xd4\xd3z\xc8\xca\x06W\xd4/g\
\xab\xec\x02Jh\x00\x04\xd5\x89,\x14\x18\xe5\x95E\xa1\
\x94\x82\x04\x01\xf1\x8e\x1e=z\xffK\xeb\xd6}sh\
h\xa8\xe88\x8e\xeey\x1e\xf1<O\xc5\xf5!G\xab\
f\xa2\xc6\x9dbpe\xd5\xce9a|8\x17g\xeb\
\x8b\xdf\xf1\x8ew\xd0\xae\xae.\xa3\xa7\xa7'^SS\
\x93\xcad2\x99\x9a\x9a\x9a\xd4\xf4i\xd3\xde\xde\xd4\xd4\
t\xa7\xa6iUa\xdb\xb6@\x05D\xd5Ae\x03\x84\
\xe8\x95\x9c\xcem\x93\x08#1\xba=L\x19\x88\xe3\xb6\
\x84\xad89\xac\xec\x1e\x08\x91\xc3\xc3\xc3\x1b^y\xe5\
\x95o\xec?p`\x97\x10\xc2P\xe7\x18\x07}{d\
dgQeivt\x95{\x18\xdbh\xe2\xac3>\
2-g\x8f\xae\xba\xea*\xed\xc0\x81\x03f\xa9T\x8a\
%\x93\xc9duuu\xaa\xa6\xa6&\xde\xd8\xd88e\
\xfa\xb4i\x7f\x92N\xa7\xdf\x84\xa08#\xb4\xae\x83J\
\xa0J\xbb\xe0L\xa5\x80z\xda\xf1\xc03FEL\xf0\
9\xf5\xf7|>\xbfc\xeb\xb6m\xdfnoo\x7f\xd1\
u]-\x22\xc5dPu\x14\x15\xf1\xd1\xb2l5\xa2\
\x22^\x8d1\xed[\xce\x05\x9dU\x00,^\xbc\x98h\
\x9a\xa6\x1d:t\xc8`\x8c\xc5L\xd3\x8cUWW'\
jjj\x12\xd5\xd5\xd5fsS\xd3\x85\xcd\xcd\xcdw\
\xc4b\xb1\x15\x00\xa8\x12\xad*\x88\x22*\xd3\xc8\x98\xbc\
\x80\x11\xa9\xb0\xee\xc9\xa8\xbc\x07\x09\x02>\x15\xef\x89\x91\
\x91\x91Wv\xbd\xf6\xda\x7fvtt<o\xdbvx\
o\x9cs\x11\xac\xf8h\x17\xb1J\xc6W2\xfdd\xb6\
\x9e\x9du:\xab\x00\x00\x80\xb6\xb66b\xe8\xba\xd6\xd9\
\xd5\xa5s\xce\xcdX,f%\x93\xc9Xuuu\xbc\
\xa6\xa6&\x9e\xc9d\x8c\x86\x86\xfa\xc5uu\xf5\xef\x8b\
Y\xd6J)\xa55*\x0dF}\xeb\xf1T\xc1\x19=\
\xf8D\xed\xed#oSB!\x84\xc8\xf6\xf5\xf5\xbd\xb8\
u\xdb\xb6\x9f\x1c<x\xf0U\xce\xb9r\xe1\x04!D\
\x06\xab\x9d\x0b!\xb8\x942\xca\xe0J\x9d\x1e]\xe9\x95\
\xad\xe4^7:\xeb\x00\x00\x80i\xd3\xa6\x11\xc30\xa8\
\xe7yZ\x7f\x7f\xbfa\x9a\xa6a\x9a\xa6U]]\x1d\
\xab\xae\xae\x8ee2\x99X*\x95\xd2S\xa9\xd4\xccL\
&sC2\x91\xb8\x96R:C\x95D\x0b9\xba\xd9\
d\xbcM\x1eg4\x01\xe3t@\x05\xe0\x0c\x8f\x8c\xbc\
\xbaw\xcf\x9eG\xf7\xec\xdd\xbbvddd\x88\x10\xa2\
\xca\xd7\x04\x00!\xfc6]<\xd2:.\xda4j\xbc\
\x95~2;\x8d\xcf9\x9d\x13\x00\x00@cc#1\
\x0c\x83\x98\xa6I\xb3\xd9\xacV(\x14\xf4d2i&\
\x93I\xb3\xb6\xb66\x96N\xa7c\xc9d\xd2\xd4u]\
'\x84\x98\xb1Xl^\x22\x91\xb8*\x1e\x8b-1\x0c\
c.!$\xae\xec\x02E\x93\x01\x80 <\xcc\x18c\
\xbdCCC\xbb\x0e\x1d:\xf4\xfbC\x87\x0e\xbd40\
8\xd8\x0d\x7f\x9b\x1a\x01 8\xe7\x5cu\x0a\x15B\xf0\
\xa0CG\xe5\xea\x1e\x8f\xe9\xaf\x8bn?Y:g\x00\
P\xd4\xdc\xdcL\x0c\xc3 \x96e\xd1b\xb1\xa8\xd9\xb6\
\xad[\x96e\xd4\xd4\xd4\x98\xe9t\xdaL&\x93\x96\xa6\
i\x86\x94R\xb7m[:\x8eC\xa4\x945\xba\xae\xb7\
UUU]P\x95\xc9\x5c\x90J\xa5f\xea\xba\xde\xa0\
iZ\x0a~\x9f\xdc\x13W\x0d\x93\xb0\x14\xa0\xc8\x18\x1b\
q\x1c\xe7Hoo\xef\x9e\xfe\x81\x81\xad\xdd\xc7\x8em\
\xeb\x1f\x188\xe2\xba\xae\x8d\xd1L\x5c\xa8\xa3\x83N\xa1\
\xca\xa0\xabd\xf2x\xa2\xfd\x0d\xcd\xf4\xb2yy\xbd~\
x\xfa\xf4\xe9\xc44MbY\x16\xf5<\x8f2\xc6t\
\xd34\x8dL&\xa3[\x96ePJu\x00\x9a\xe38\
\x9aj\xd7R(\x16\x85]*I\xd7u\xa9\xae\xeb\xb1\
T*U\xabiZ*\x9dN\xd7\xa6S\xa9\x16B\xa9\
\xa5iZm\xf8#Rr\xc6\xf9\x00\xe7\xbc822\
\xd2]*\x16Gl\xdb\x1e\x1c\xc9f\x87=\xcfS\xe5\
W\x95\x0c\x1fo;\xf5\xb8\x83\x10\xe2W\xc4Gw\xc7\
\xfc7`z\x94^7\x00(jkk#\xa6i\xc2\
4M*\xa5\xd48\xe7\x94\x10B\xd3\xe9\xb4N\x08\xd1\
\x18c\xd4q\x1c\xaa\x8a&\xf3\xf9<J\xa5\x12\x00\x10\
)%q]W\xf5\xfd\x9bh\xe2\xcb\xce\xb8\xc0\xd8\x15\
Z\xd9\xe77\x04A\xa0\xef\xa5\x94R\xe9~\xd5\x10\xe2\
\xbf-\xc3\xc7\x9b\x9c7\x0c-^\xbc\x98\x06\xc9\x18J\
\x08!\x9e\xe7\x85\x12\xc2u]\x92\xcdf\xe18\x0e\xf1\
<\x8f\x08!H\xd0\xc5\x8b\xe4\xf3yy\x125\xf4Q\
\x86\x951\xd00\x0c\x19\xb4^\x15\x84\x10\x19\xa8\x94(\
\xa3\xe58\xdf\xf3?\x82\xdeP\x00\x00\x80%K\x96D\
\x8b>I\x10\x1d$A\xa99\x09\x06\x02\x0fA\xda\xb6\
M(\xa5\xb0m{\xdc\xefS\xf6A2\x99\x94\x91T\
\xae\x0c\x0cJ\x19\x898\xfe\x8ff\xf4D\xf4\x86\x03\xc0\
\xf1h\xd6\xacY\xc4\xf3\x8b/\xc3c\xe4U\xa5\xef8\
\xbds\xcbh\x9c\xf7\xff\x7f\xc1\xe0\xff\xa5\xff\xa5\xe3\xd2\
\xff\x03k=\x1f\x1fo\x96X\x0c\x00\x00\x00%tE\
Xtdate:create\x0020\
10-02-11T15:44:2\
5-06:00\xfd>\x16j\x00\x00\x00%t\
EXtdate:modify\x002\
008-01-18T11:54:\
06-06:00\xa2\x84B\xc3\x00\x00\x00\x00\
IEND\xaeB`\x82\
\x00\x00\x04\x7f\
\x89\
PNG\x0d\x0a\x1a\x0a\x00\x00\x00\x0dIHDR\x00\
\x00\x00 \x00\x00\x00 \x08\x06\x00\x00\x00szz\xf4\
\x00\x00\x00\x04sBIT\x08\x08\x08\x08|\x08d\x88\
\x00\x00\x046IDATX\x85\xed\x96]l\x14U\
\x14\xc7\x7fwfwvKI \x02\xd5H\xc1\x14\x09\
\x1a\x02Ax\x10A\xc3\x8b\x90@%`$\x81\x10\x04\
D0D4>\x99\xf8\xe4\x83\xef>\xa9QC\x8c\x01\
_ !\xe1K@AA\x05I\xb1X\x22\xb6\x05\x84\
\xa2\x96\x80\x94\x8f~l\xbb\xbb\xb3;3\xf7\x1e\x1fv\
v\xbb\xb4\xdbv\x1a%\xbcp\x92\x93\xb97s\xef\xf9\
\xff\xe6\xcc\xb9\x1f\xf0\xd0\x1e\xb0\xa9(\x83v\xac\xa8\x16\
\xcb\x8e\x03 \x08\xa2\x83\x11\xe7Ho\xa6j\xd3\x8f\xe4\
F\x1a\x17\x8b\x02\x00\xf0\xd2\xbb\x1f\x83\xd6\x88\x0e\x10S\
pt\x80\x18\x8dh\xbf\xbf\xaf}~\xd8\xfd\xa9\x97\x9e\
\xe4$\xa0\xfb\xff\x03\x00Ew\xc3.\x8c\x9fC\x82<\
\xc6\xcf#\xa5v\x0e\xf1\xf3\x18/\xcb\xc4\xc5o\xa1@\
\xa2F\xb5\xa2\x03\x00J\x15|(\x93\x82nd\xf5Q\
\x03\x88\x94D*\xbf6\xa3\x0a7J\x80\x81\xc22\xa0\
'p_\x01\xa4\xf8\x85R\x96\x09A\xca\xb2\x22F\xdf\
O\x80P\xc8\x98\x02\x88\x14\xc5\xc3\xb6\x9f\x1f\xf6\xf7\xfc\
w\x800\xc5B\xff\xd7\x17\xa1D\x0c\xc6sG-\x0e\
\x15\x96\xe1\x8e\x15\xd5\x02\xa0\x94\xb8\x00\x22\xca)<\x0d\
b4\xcah\xc0\xa00\xa0\x0c(\x8d\xe4\xba\xb1\x95\x81\
p\x91\x18T\x22\xe1\xe5\xef\xec\x5c9&\x08cT\x01\
\xbcv03h\x09\x0d\xde\x07,\xd9V\xfb\xcc\xe2\x8f\
\xe6,YS\xa5\xc4\x14Rl4J\x04\x0b\x1d\x8a\x86\
\xee\xf5\xa13w\xb1\xd1Xv\xa1,m'\xc1\xe2\xb5\
obD\xc5E\x88\x0b\xd0xd\x97\xd7\xdb\xd3\xf1^\
\xa5\x0cT\x5c\xd4_\xad\x1c\xf3\xd9\xac\xfa\xcd\xafO\x9e\
Z\xe7\xf4\xb5\x1e\x07\xed\xa1\x8c\x87\xd2\x1eh\x0f\xc9\xa5\
\x08zn\x80\xef\x96\x02\x08ee\x22 V\x9cq\xcf\
o\xe2\xca\x85\xdfs\xff\x5ci\xde\xfb\xea\x81\xcc\xbaJ\
Z\x15k\xc0}4\xfb\xce\x85c;\x9b{S}z\
\xcc\xd49(\x09\xb0D\xa3\xd0H\xef\x0dL\xe7Ul\
\xed\x12\xb3\xc1\x0e=\x16z\xb1?n\xeer\xba\xee\xde\
1\xd7/7\xff\xed\xa72\x9b+\xe9\x0c\x09\xb0u;\
\xbe1\xa6\xfe\xd7\xfd\x9f\xa7L\xf5\x04I\xd6\xd4\xa1$\
\xc0t_C\xfa:\xb0-)\x09\xc6\x06\x8a[P=\
\xedY\x82\xe4\x04\x9a\x7f9\x91\xf6\x02\xbdt\xb8Ci\
\xc8U\xb0a_\xfa\xb6\x97\xebY\xd6\xb8o{.>\
y\x0e\xb6\x93\x80tGI\xc4\x1e(nA\xcc\x82\xc4\
\xc4)8O.\xa4\xf1\xc4a\xd7\x04\xc1\xea-Gr\
\xedCi\x00\xd8\xc3\xbd\xdc\x7f)\xb8Q?\xc5\xbd\x95\
Nu/\xa9\x9d9?n:Z\xb0$_\x12\xb4\x8a\
O\x0b,\x05Vr,U\xf3\xd6\xd2t\xf2x6\xdd\
\xd9\xf1\xe1\xfa\x03\xd9/\x86\x8b?\x22\x00\xc0\xfe?\xfc\
sK'uN\x0fPO?>{aL\xdfl\xc1\
V\xa6\x90\x05\xab\x1f@Y\x16\xc9\xb9k\xf8\xb3\xed\xaa\
\x7f\xedR\xeb\xe9u\x07\xb2\x9b?\x18)8\x117\x22\
\xc7\xc9lmoi\xbct\xab\xb3OW\xcd\xaaG\x85\
\xa2\xb6\xd5\x9f\xfe\xe4S/\xd2\x93\xf1\xe5B\xd3\x99;\
\x19\xc7Y\x15\xf5H\x8e\x04\xb0z\x0f\x9eX\xd4\xffv\
\xea\xfb\x9e\xacS\x83\xf3\xc4\xfc\xd2\xc9lY\x10{l\
&\xfe\xf8\x19\xfc|\xec\xa8k\x8cZ\xb6uOw*\
J\xdc\xc8\x00\x00\xeb\xf7f;\xd2\x9e~\xf9\xf4\xd1C\
\xae\xa9]\x80zd\x1aF\xc0$'\xc1\xf4\xa5\x9c\xfc\
\xf6\xb0\xebz\xf9m\x1b\x0ffZ\x89x\xd5\x83\xe1k\
\xc0\x06\xe2@\x02H\x02\xc9C\x97\xbd\xceE\xb5:\x95\
\xee\xba\xfdB\xdds\xcb\xe3\xa6\xab\x9d\xf8\xecWhj\
h\xc8_o\xffk\xcf\x96\xaf\xb3\x9f\x84\xe3\x9d\xd0c\
e0\x15\x7fI%\x00;\x9c\x1c/\x0bT\x84H|\
\xd3\x16\x5c\x5cT\xe3\xce\x10\xed\xd7M^\xb0\xca\xbe\xd6\
vY775\xb6\xbd\xff\x93\xfbv\x9f\x87\x15\x8a\xc6\
\xc28\xd6\x00\x1f\x042\x14\x80]\x16h\xa0\xc7\xcf\xde\
\xf4O\xcd\x1b\xdb\xb5\xcc\xcb\xe7\xc6_<w6\xfb\xe5\
\xf9\xdc\x86\x96\xdb&\xcd\xf0\xa9\x0f/\x13\xdcsk\xa9\
\x04 \x0cN\x9b\x94M\xd6\x19\x1f\xcf\xb6\xf9\xaeF\xdf\
}\xe3\xfc-\xbdqw\xab\xd7\x02\xf8\x80\x07\x04\xa1\xfb\
em]\xe6\xf7\xd8H\xc5RL\xa9\xc5\xbd)Ue\
^\x0eX\x844\xa1\x98\x09\x01\x86\xbc\xabE\xae\xd6\x88\
\xf3F\x7f%zh\x0f\xda\xfe\x05\xb7\xed#Q\xef\x1b\
\x9eZ\x00\x00\x00\x00IEND\xaeB`\x82\
\x00\x00#\xf2\
\x89\
PNG\x0d\x0a\x1a\x0a\x00\x00\x00\x0dIHDR\x00\
\x00\x00\x80\x00\x00\x00\x80\x08\x06\x00\x00\x00\xc3>a\xcb\
\x00\x00\x00\x04sBIT\x08\x08\x08\x08|\x08d\x88\
\x00\x00\x00\x09pHYs\x00\x00\x0d\xd7\x00\x00\x0d\xd7\
\x01B(\x9bx\x00\x00\x00\x19tEXtSof\
tware\x00www.inksca\
pe.org\x9b\xee<\x1a\x00\x00 \x00ID\
ATx\x9c\xed}o\xac]W\x95\xdfo\xad}\xce\
\xbd\xef\x9f\xfd\xfc\x9cL\xe2\xc4\x1e\x93(JL\x12\x84\
\x8aR\x89?\xf9\x00\x22\xa0\x94&\x04\x22\xe4\x22U\x9a\
6\xaa\xd4\x22\xd1\xa9\x08\x81A)#\x94\x96\x0f\xa3~\
\x80h\xa6\xa8\xa2L\xbfT\x1a\xb5\xdfFbh2\x09\
!\xb1M\xf9\xe7\xa0\x04\x5c &\xc1(8!vl\
\xc0q\x9c\xf7\xf7\xdes\xf6Z\xfd\xb0\xf6\xdeg\x9f\xfb\
\xee\xb3\x1d\xe2\xf7\xee\xb5\xfd\x96\xb4u\xce=\xf7\x9c{\
\xf7\xdd\xeb\xb7\xd7\xff\xbd/\xa9*6\xe9\xf2%\x1eu\
\x076i\xb4\xb4\x09\x80\xcb\x9c6\x01p\x99S1\xea\
\x0e\xac7}\xe7;\xdf\xb9\xaa\xdf\xef\xff\xb3\xa5\xa5\xa5\
\xab\xea\xba\xbeFD\xae\x11\x91k\x00\x5c#\x22\xd7\xaa\
*D\xe4\xb8\xaa\x1e\x07p\x5cDN\x10\xd1I\xe7\xdc\
\xcb333\x8f\xef\xdd\xbb\xf7\xcc\xa8\x7f\xc3z\x12]\
\x8aF\xe0w\xbf\xfb\xdd[z\xbd\xde\xde^\xaf\xf7\x81\
\xaa\xaa\xde[UUWD\xa0\xaa\xa9\xe5\xaf\x87\x9d\x8b\
\x08\x00\xac\x14E\xf1\xfd\xa9\xa9\xa9\x83\x9dN\xe7\xef\xf7\
\xee\xdd{h\xd4\xbf\xedB\xd3%\x03\x80\x1f\xff\xf8\xc7\
[\x97\x96\x96\xfezyy\xf9\x9fVUukUU\
\x1c\x99\xd9\xe9t\xb0u\xebVt:\x1dt\xbb]L\
LL`bb\x02\x93\x93\x93 \x22TU\x85~\xbf\
\x8f~\xbf\x8f\xe5\xe5e\xf4z=\xfc\xfe\xf7\xbf\xc7\x89\
\x13'\xe0\xbd\x87\x88\xa0(\x0a\x99\x9c\x9c|\xbe\xdb\xed\
>\xd1\xef\xf7\xff\xe3}\xf7\xdd\xb72\xea\xdf|!\xe8\
R\x00\x00\x1f8p\xe0a\x11\xf9\xb3\x85\x85\x85\xed\xde\
{\xa8*\x8a\xa2\xc0\xec\xec,\xb6m\xdb\x86\x99\x99\x19\
03\x98\x19D\x94\xce\x87\xbd\xce\x9b\xf7\x1e\xc7\x8e\x1d\
\xc3K/\xbd\x84\xa3G\x8fbyy\x19\x00077\
wb\xfb\xf6\xed\xffg\xe7\xce\x9d\xff\xfe\xb6\xdbn\xab\
F\xfc\xfb\xdf\x12]\xd4\x00\xd8\xbf\x7f\xff\x7f`\xe6\x07\
\x17\x17\x17\xaf\xad\xeb\x1a\x22\x82\x99\x99\x19\xcc\xcd\xcda\
zz\xfa\xbc\x18~6\x00\xe4\xf7\x10\x11^y\xe5\x15\
\xfc\xe0\x07?\xc0\x89\x13'P\x96%v\xef\xde\xfd\xaa\
\x88|\xf9\x13\x9f\xf8\xc4\x7f\x1f\xf5X\xfc\xb1tQ\x02\
`\xdf\xbe}\xef`\xe6G\xfb\xfd\xfe\xee~\xbf\x0fU\
EY\x96\xb8\xe2\x8a+099yV\x06{\xef\xd1\
\xef\xf7\xb1\xb2\xb2\x82\xc5\xc5E\x88\x08&&&0=\
=\x8d\xe9\xe9i\xcc\xcc\xcc\xa0\xd3\xe9\x9c\xf53^x\
\xe1\x05|\xef{\xdf\xc3\xa9S\xa7\xb0s\xe7N\xcc\xcd\
\xcd\x1d\xe9\xf7\xfbw\xde{\xef\xbd\xbf\x19\xf5\xd8\xbcY\
\xba\xe8\x00\xb0\x7f\xff\xfe\xbd\xcc\xfcwKKK]\xef\
=\x98\x19\xb3\xb3\xb3I\xcc\xe7\xcc\x22\x22\xbc\xf1\xc6\x1b\
\xf8\xedo\x7f\x8b#G\x8e\xe0\xf4\xe9\xd3XYY\x19\
j\xf0\xe5\xd7\x8a\xa2\xc0\xae]\xbb\xb0g\xcf\x1e\xdcz\
\xeb\xad\xb8\xfe\xfa\xebQ\x14E\xfa\x5c\x00\x10\x11\xfc\xec\
g?\xc3\x0f\x7f\xf8C\x10\x11n\xbc\xf1\xc6%\x00\xf7\
\x7f\xe8C\x1f\xfa\x1f\xa3\x1d\xa17G\x17\x15\x00\xf6\xef\
\xdf\xffWD\xf4\x85\x95\x95\x15\xe7\xbdG\xa7\xd3\xc1\xdc\
\xdc\x1c\x9cs\xab\x98~\xf4\xe8Q\xfc\xeaW\xbf\xc2\xd2\
\xd2RbnY\x96\xe8v\xbb\xc9\x18\x04\x00\xef=z\
\xbd\x1e\xfa\xfd>z\xbd\x1eVVV\xb0\xb2\xb2\x82\xba\
\xae\xd3s\x9dN\x07{\xf6\xec\xc1\xed\xb7\xdf\x8ew\xbf\
\xfb\xdd \xa2\xd4\xa7\x85\x85\x05|\xeb[\xdf\xc2\xe9\xd3\
\xa7q\xeb\xad\xb7z\xef\xfd\xdf\xdcq\xc7\x1d\x9f\x1b\xd5\
\x18\xbdY\xbah\x00\xb0o\xdf\xbe\xc7\x89\xe8\xce8\x83\
'&&\xb0e\xcb\x96\x96h^\x5c\x5c\xc43\xcf<\
\x83\x13'N\x80\x88\xb0e\xcb\x16l\xdf\xbe\x1d\xb3\xb3\
\xb3\x98\x98\x98\x00\x11a\xad\xdf\x9b3UD\xf0\xfa\xeb\
\xaf\xe3\xe4\xc9\x938y\xf2$N\x9d:\x05\x11\x81\x88\
\xe0\xdak\xaf\xc5\xc7?\xfeq\xbc\xf7\xbd\xefM\xd2\xa0\
\xaek<\xf9\xe4\x938z\xf4(n\xbe\xf9f\xad\xeb\
\xfa\xb1;\xee\xb8\xe3\xae\x0d\x19\x98\xb7H\x17\x05\x00\xf6\
\xed\xdb\xf7<\x80=\xfd~\x1f\x00011\x81\xa9\xa9\
\xa94\xe3\xeb\xba\xc6/~\xf1\x0b\x1c=z\x14\xb3\xb3\
\xb3\xb8\xe2\x8a+\xb0m\xdb\xb6\x16S\x01\xac\xc9\xfc\x9c\
\xf2g\xe2y]\xd7x\xe9\xa5\x97p\xf8\xf0\xe1$Q\
\xae\xbe\xfaj\xec\xdd\xbb\x17\xb7\xdf~{\xba\xff\xd9g\
\x9f\xc53\xcf<\x83\xb7\xbf\xfd\xedP\xd5\xff\xf7\x81\x0f\
|\xe0\x9f\x5c\x80\x9f\xbf\xae4\xf6\x00x\xea\xa9\xa7\xfe\
\x91\x88>\x12E\xf2\xe4\xe4d\xcbH;~\xfc8~\
\xf2\x93\x9f`ff\x06\xd7\x5cs\x0d\xa6\xa6\xa6\xd2\xb3\
\xf9o\x1b\xa6\xeb\xe3k\x00\xc9vp\xce\xa1(\x9a\x00\
i\x04\x01\x11AD\xf0\x9b\xdf\xfc\x06\x87\x0f\x1f\xc6\xc2\
\xc2\x02T\x15\x1f\xfe\xf0\x87q\xdf}\xf7\xa1,K\x00\
H\x06\xe2\xcd7\xdf\x0c\xe7\xdc\x0f\xdf\xf3\x9e\xf74\x08\
\x19C\x1ak\x00<\xf9\xe4\x93\xff\xc99\xf7PUU\
I\xecw:\x9d\xe4\x96=\xff\xfc\xf38~\xfc8v\
\xee\xdc\x89\x99\x99\x19\x00\x0d\xd3\xf3\xa3\xaa\x22\xc6\x07\xce\
'\x12\xc8\xcc(\x8a\x22\xd9\x0b\xc0j \x1c:t\x08\
/\xbc\xf0\x02\x98\x197\xddt\x13\xee\xbf\xff~l\xdf\
\xbe\x1d\x00p\xf0\xe0A\x1c9r\x04\xef|\xe7;\xb1\
\xb8\xb8\xf8\xf0\xfb\xde\xf7\xbe\xb1\xb5\x09\xc6\x16\x00O<\
\xf1\xc4?w\xce=\xa2\xaa\x14\x0d\xben\xb7\x9b\x18\xf1\
\xd3\x9f\xfe\x14+++\xd8\xbd{wK\xb7\x0f\xfe\x9e\
\x0c\x00/\xab\xea?\xa8\xeaO\x01\xbc*\x22\xc7\xcb\xb2\
<>??\x0ff\xbeVU\xaf!\xa2kU\xf5]\
\xaaz\x8f\xf7\xfem\xd1#\x88\xaea\x04\x1e`@x\
\xf1\xc5\x17\xf1\xec\xb3\xcf\x82\x99177\x87\xcf|\xe6\
3\xb8\xf1\xc6\x1b\xa1\xaax\xe2\x89'\xb0\xb2\xb2\x82\x1b\
n\xb8AO\x9d:u\xef\xfb\xdf\xff\xfe\x7f\xd8\xd0\x01\
<O\x1aK\x00\x1c8p\xe0mu]\x1f\x01P\x8a\
\x08\x88\x08SSS\x89\xd1\x87\x0e\x1d\x82\xaab\xc7\x8e\
\x1dC\x19\x1fm\x03\x11\xf9\x9d\xaa~CU\xbf\xf9\xc9\
O~\xf2'o\xa6\x0f_\xff\xfa\xd7\xdf\xa9\xaa\x1f\x13\
\x91O\x8b\xc8\x8e\x18N.\x8a\xa2\x05\x84\xd7^{\x0d\
\x07\x0f\x1e\x84\xf7\x1e[\xb7n\xc5\x97\xbe\xf4%\x5cu\
\xd5U\xe8\xf5zx\xf4\xd1G\xa3=R\x9d8q\xe2\
\xc6;\xef\xbc\xf3\xa5\x0b7J\x17\x86\xc6\x12\x00O>\
\xf9\xe4K\x00v\xc7\xbeu\xbb]8\xe7\x00\x00\xcf=\
\xf7\x1c\x00`nn\xae%\xd2\x01c|Y\x96P\xd5\
y\x00_\xf5\xde\x7fu\xef\xde\xbd\x0bo\xa5/_\xf9\
\xcaW\xa6;\x9d\xce\x03\x22\xf2\x17\x00\xb6\xcc\xce\xce&\
0\x02Hn\xe7\xf7\xbf\xff}\x10\x11v\xef\xde\x8d\x07\
\x1f|\x10\x13\x13\x138}\xfa4\x1e\x7f\xfcq\xdcr\
\xcb-\xa8\xeb\xfa\xe5\xdbn\xbb\xedmo\xa5/\xebA\
c\x07\x80o\x7f\xfb\xdb\xff\x9a\x88\xfe\xa7s\x0e\x22\x82\
\xb2,\x93\x9f\x7f\xec\xd81\x9c<y\x12W_}u\
\x9e\xb1K\xbez0\xde\xfe\xae\xaa\xaa\xcf\xed\xdd\xbb\xf7\
\xf7\x17\xb2__\xfb\xda\xd7\xfe\xa4\xae\xeb\xbf\x16\x91\x7f\
\xb9e\xcb\x16l\xd9\xb2%I\x02\x22\xc2\xb1c\xc7\xf0\
\xf3\x9f\xff\x1ceY\xe2]\xefz\x17>\xf5\xa9O\x81\
\x88p\xf0\xe0A\x9c:u\x0a7\xdex#\xe6\xe7\xe7\
\xef\xbf\xed\xb6\xdb\xfe\xe6B\xf6\xeb\xad\xd2\xd8\x01\xe0\x91\
G\x1ey\xad\xdb\xed\xceE\x1f\xbb,K\x10\x11VV\
Vp\xe8\xd0!\xec\xda\xb5\x0b\x00Z\xb3\x7fjj\x0a\
EQx\xef\xfd\x17\xee\xbd\xf7\xde\x87\xd7\xb3\x7f\x0f?\
\xfc\xf0\xe7E\xe4\xbfLNN\xba\xe8jF\x0f\xe2\xf0\
\xe1\xc3)O\xf0\xd1\x8f~\x14w\xdey'\x16\x17\x17\
\xf1\xe8\xa3\x8f\xe2\xa6\x9bnBQ\x14\xf3\xefx\xc7;\
\xb6\xaeg\xff\xde,\x8dUE\xd0c\x8f=\xf6\xa5\xba\
\xae\xe7\xa2K\x15\xc5\xbe\x88\xe0\xc5\x17_\xc4\xd5W_\
\x0d\x11\x81\xf7>\xb5\xe0\x19\x9cQ\xd5\xbb\xd6\x9b\xf9\x00\
\xf0\xc0\x03\x0f|\x85\x88\xeeZ\x5c\x5c|\xfd\xcc\x993\
\xc9\x9d\xf4\xdec\xcf\x9e=\x98\x9c\x9c\x04\x00\xec\xdb\xb7\
\x0f\xf3\xf3\xf3\x98\x9e\x9e\xc6\x0d7\xdc\x80\x93'Ob\
bbb\xcb\xd3O?\xfd\xe5\xf5\xee\xe3\x9b\xa1\xb1\x01\
\xc0\x81\x03\x07\x8a\xa5\xa5\xa5/F\x91\x9f\x1bZg\xce\
\x9c\x81\xaa\x82\x99[\x03^\x96%&&&*\x11\xb9\
\xe7c\x1f\xfb\xd8\xb77\xaa\xaf\x9f\xfb\xdc\xe7\xbe-\x22\
\xf7\xce\xcf\xcfW\xcb\xcb\xcb\x09\x8c\xaa\x8a={\xf6\x00\
\x00\xfa\xfd>\x9ez\xea)\x00\xc0-\xb7\xdc\x82\xc5\xc5\
E\xac\xac\xac`\xcb\x96-\x7fq\xe0\xc0\x81\xb1\xa9\xc4\
\x1a\x1b\x00\xcc\xcf\xcf\xff\xd7~\xbf?1==\x0d\x00\
\xad0\xeb+\xaf\xbc\x82\xa9\xa9\xa9\xd6\xccWU\xcc\xcc\
\xcc\x80\x88\xfe\xfc\x9e{\xee\xf9\xbf\x1b\xdd\xdf\x07\x1f|\
\xf0\x80\xaa\xfe\xf9\x993gPUU\x02\xe5\xcc\xccL\
\x92\x02O?\xfd4^\x7f\xfduLNN\xe2\xfa\xeb\
\xaf\xc7\xef~\xf7;t\xbb\xdd\x89N\xa7\xf3\xd5\x8d\xee\
\xefZ46\x00X^^\xfe\x17\xcc\x8cn\xb7\x9b\x8c\
;\x00X\x5c\x5clE\xee\xe2@\xcf\xcd\xcd\x81\x88\xfe\
\xdb]w\xdd\xf5\xb7\xa3\xea\xf3\x83\x0f>\xf8\xb7D\xf4\
\xb5\xa5\xa5\xa5T9$\x22\xb8\xee\xba\xeb\x00X\xa2)\
J\x81\x9d;w\xe2\xcc\x993\xf0\xde\xa3\xdb\xed\xfe\xd9\
\xa8\xfa<Hc\x01\x80G\x1ey\xe4\xda\xc5\xc5\xc5+\
r_\x1f0\xdd\xff\xdak\xafarr\xb2\xa5\xfb\x9d\
s(\xcb\xf2%\xe7\xdc\xc8#l\x0b\x0b\x0b_\xa8\xeb\
\xfa\xe5\xaa\xaaR\xff\xa6\xa6\xa6R\xb6\xf1\xd0\xa1CX\
YY\xc1\x95W^\x89\xa2(0??\x8f\xb2,\xe7\
\x0e\x1e<8\x16.\xe1X\x00\xa0\xae\xeb\xcf\xab*\xa6\
\xa7\xa7[~\xbd\xf7\x1e\xcb\xcb\xcb)\x94\x1bg\xd8\xf6\
\xed\xdb\xa1\xaa\x7f\xf9\x91\x8f|\xa47\xe2\xae\xe3\xa1\x87\
\x1eZQ\xd5\xbf\xec\xf7\xfb\xad>\xee\xd8\xb1\x03\x80\x81\
\xf8\xc8\x91#`f\x5cu\xd5UXXX\x88u\x88\
\x9f\x1fq\xd7\x01\x8c\x09\x00\x96\x96\x96>\x06\x00\xd3\xd3\
\xd3-\xdf>\x0eh~$\x22t:\x9d\x9f\xdc}\xf7\
\xdd\xff{\xa4\x9d\xce\xe8\x81\x07\x1e\xf8_\xaa\xfal\x94\
\x00\x22\x82h\xcb\x00\xc0/\x7f\xf9K\x00\xc0\x8e\x1d;\
\xb0\xb0`q)f\xbeg$\x9d\x1d\xa0\x91\x03\xe0\xb9\
\xe7\x9e\xeb\xcc\xcf\xcf_?99\x89\xa2(\xe0\xbd\x07\
`\x00\x08q\xfa\x16\x08\xb6n\xdd\x0aU\xfd2\x80q\
\x0a`(\x11\xfdUn\xa3\xa8jR\x03\xbf\xfe\xf5\xaf\
\xe1\xbd\xc7\x8e\x1d;P\xd75\xfa\xfd>\x8a\xa2\xf8\xd3\
\x1f\xfd\xe8G\x93#\xee\xf7\xe8\x01\xf0\xfc\xf3\xcf\xff\xdb\
\xaa\xaahvv\x16\x80Y\xfd\x80\x01\xe0\x8d7\xdeX\
%\x09fgg\x17\x88\xe8\xf1Q\xf6y\x18\xd5u\xfd\
\x18\x80\xc5\x5c\x0dl\xddj1\x9f~\xbf\x8fW^y\
%\x95\xa4///\x83\x88hyy\xf9\xdf\x8d\xb6\xd7\
c\x00\x00\xef\xfd\xed\x00099\xd9\xd2\xff\x00\xd0\xeb\
\xf5Z\xcc\x0f\xae\xe1c\xe3\xa0\xfb\x07\xe9\xb3\x9f\xfd\xec\
2\x11\xfd#\x80\x96K\x18\xe9\xe5\x97_\x06`\xc5,\
U\x95*\xc9\xdf\xb3\xd1\xfd\x1c\xa4\x91\x03\xa0\xae\xeb]\
\x00\xd0\xe9t\x92\xfe\x8f1\x80|6\x89H\x04\xc97\
G\xd7\xdb\xb3\x93\x88\xfc=\x11\xa5~\xc7H&`Y\
C\xc0\x12[Q\xcd\x11\xd1\x9f\x8e\xa4\xa3\x19\x8d\x1c\x00\
UU]\x0d\x00EQ$\x00\xc4\x08`\xaeS#\x00\
D\xe4\xfb\xa3\xeb\xed9\xe9\xc7@\xd3oUm\xa5\x8d\
\x01\x93\x00\x11\x00\x00v\x8c\xa2\x939\x8d\x1c\x00u]\
\xcf\x01m\x09\x10\x07-\x97\x00!\xee\xaf\xcb\xcb\xcb'\
F\xd7\xdb\xb3\xd3\xa9S\xa7\x8e1\xb3\xe6\xa0\x8d\xe5e\
\xa7N\x9d\x02\xd0\x96\x00\xaa:7\xb2\xce\x06\x1ayL\
\xba\xaa\xaa\x19\x22BQ\x14\xe7,\xe3\xeat:\xaf\xdd\
}\xf7\xdd\xfd\x11wyMz\xe8\xa1\x87\xfa_\xfc\xe2\
\x17O\x9f9sf{\xacMX\x5c\x5cL\xc1\xab\xfd\
\xfb\xf7\xe3\x0f\x7f\xf8\x03\x8e\x1e=\x8am\xdb\xb6\xa1\xaa\
\xaa-\x1f\xfc\xe0\x07G\xda\xe7\x91\x03\xa0\xdf\xefwc\
\xec<\x97\x00\xb1\x0e0V\x04\x85:\xbdc\xa3\xec\xeb\
\xf9\xd0\xe1\xc3\x87\xfd\xeb\xaf\xbf\xbe*yED\xf8\xc6\
7\xbe\x01\xef=\x16\x17\x17Q\x96%D\xa4\xfc\xf4\xa7\
?=\xd2\xfe\x8e\x1c\x00\xbd^\x8f\xa3\xbb\x14\x07\x0d@\
J\xb0\x10QnL\x9d\x1eM/\xcf\x9f\xbe\xf9\xcdo\
^5\xea>\xbc\x19\x1a9\x00\x80\xe1\xb5\xf8\xb1:7\
\xb6q+\x5c\xb9Th,\x00\x90S\x0e\x86X\xa7\x1f\
E\xe9&]x\x1a;\x00D\x8a\xa2?\x82`\x93\xd6\
\x87\xc6\x16\x00@#\x016\x01\xb0~4\xd6\x00\x88\xcc\
\xcf\x97jm\xd2\x85\xa5\xb1\x1d\xd9\xa8\x02\x8a\xa2\x80s\
n\xd3\x08\x5c'\x1ay$\xf0l\x94K\x80\xe8\x1en\
\xd2\x85\xa5\xb1\x1e\xd5\x08\x80M;`\xfdhl\x01\x10\
\xc3\xc3\xb1mJ\x80\xf5\xa1\xb1\x1e\xd5M\x09\xb0\xfet\
\xd1\x00`S\x02\xac\x0f\x8d\xed\xa8F/`\x13\x00\xeb\
Kc=\xaay h\x13\x00\xebCc=\xaay(\
x\xd3\x06X\x1f\x1a[\x00\xe4*`3\x1f\xb0~4\
\xb6\x00\x00\x90R\xc1\x9b*`\xfdh\xacGu\xd3\x06\
X\x7f\x1a\xebQ\xcd%\xc0\xe0\xa6\x8f\x9btahl\
\x01\x90o\xdc\x98o\xd2\xbcI\x17\x96\xd6}\x8f\xa0G\
\xbe\xf6\xaft\xe7u\x1e;vy\xcc\xce\x09\xe6\xff\xb0\
\x0bo\x9c\xda\x96-\xf8\xf0\xf0\xbe9\x17\x11\x88\x0f\xd7\
\xd3y\xf3\x9e\xf7\xd9}\x22\x10\x1f\xee\x8b\xf7\x84\xfb\xfd\
\xc0\xeb\xb5\x9e\x8fu\x88\x83\xbb\x8c\xe7\xc7\x06\x84\x0e\xec\
8\x9d\xbb\xec\x9c\x99\xc1\xd1`\xcd\xcf\x07<\x99\xe6\x9a\
=\xdf\x9c;L\x5cY\x80g+\x9cz\xf54N\x1c\
=\x89W~\xfd*\xfe\xcd\x7f>\xb0\xae\xa2o\xc3\xa7\
\xd5\x15\xbb\x8e\xe1\x8a]\xaf\xa2(\xc7\xb6\xba{\xc3\xc9\
u\x19[\xaf\x9b\xc2\xc45\x9d\x0d\xff\xee\x0d\xaf\x07 \
R\xcc]\xf5{l\xdd\xfa\x22\x16\xcf\x14X^(\xb1\
\xbc0\x8d\xe5\xe5Y\xac\xf4\xa6\xce\xfd\x01\x97\x00u'\
{\x98\xda\xc6\x98\xde>\x81\xa9\xed\xdb0y\xe5,|\
]ci~\x05\xfd\xa5\x8d\xed\xcb\xc8\x0aB\x88\x14S\
S\xafa\xa2\x9c\xc7\xb6\x99%h\xbd\x02\xdf\xf7X^\
\xd9\x8a\xe5\xa59,\xad\xcca\xa5\x9aF\xbf\xea\xa2\xaa\
:\xa8dlkWV\x11\x91\xa2(z\xe8\x945\xba\
\xdd>&&\x971\xb3\xe54ff\x9719;\x01\
7\xf1'@g\x07PN\x03%\xa3\xaa\x04u%\xe8\
\xf77\xbe\xf0u\xacF\x95\xb9\xc2T\xf7UL\x15/\
a\xfb\x16\x0f\xa8@\x04\xf0\x1e\xa8=\xa1\xeau\xd0\xab\
&P\xd5\x1d\xf4\xaa.\xaa~\x07U]\xa2WwP\
\xd7\x05\xbc(|E\xf0\x02x\x01\xc4\xab\x9d{@$\
;\xf7\x12\xee\xb1\x15G\x8e\x09\xec\x80\xc2\xc1\xceY\xe1\
\x1c\xc1\xb1\xc21\xe0\x0aB\xe1\x00f\xc0\x15\x80#\xa0\
,=\xbaE\x85N\xa7B\xa7\xdbG\xb7\xdbG\xb7\xd3\
Gw\xb2\x87\xb2\xec\xa3\xe8(\xb8\x00\xb8\xb0g\xb8\x00\
\xb8\xb3\x15\xe8\xec\x06:\x15\xd0\xf1@\xe9\x81\xd2A\xd9\
\xc1\xb1\xc2\xf7\x1d\xaa\xcbE\x02\x0c\x92\x08CC\x83\x84\
u\x00\x0a\x88XS\x01\x88*\x94\xce\x96V3\x01]\
\x07\x0880;\xdc\x1b\x8e\xd1\xb6U\x05\xd47\xaf\x89\
\xecY\x8a\xcde\xe7Yk\xdd\xa3\x02\x22c\xfc\xe0=\
\xab\x98L\xe7\xf7\xbf\x04\xe3Bc\x03\x00f\x81\xb2@\
\xd5\xb8\x1d\x8f@`\xa2\x02\xcav,\x14 \x05Dm\
\x01\x09\x01\x90\x81\x16Y\xa0h\x9e\x03\x860\x17\xc3\x1b\
\xe7\xafym\x900\x0fo\x17\x0b\x8d\x14\x00u\x0dH\
\x0dh\xde|8*A\x85\x92\x0a\xf0\x0a\xf8:\x9c\x0b\
\xe0\xc3{\x22@U\xc7\x99\xcf\x90\xca\xceU\x01\x02A\
\xd5\x9eM\x93\xd2\xb1\xcd\xd2\xd6\x0c\xb7#\x22 \x08`\
0\x88\x01(\xe024\x10\xa9\x1d9\x00)\x93\x00\x9d\
\x09\xc0\xa9\x82IP\xd4\x99tp0\x15\xe3K\xc0\x97\
HY\x0d\x05\xa05\x94k\xd4U=\x92\xc5/\x1b\x0e\
\x00\xef\x09\xaa\x04\xf1\x0e\xce\x95 )\xd1[)\xa1^\
B\x03\x18\x0e\x80\x07\x91\x98\x88f\x82\xaf\x08\x95\x0aj\
\x05\x14d\x80\x10\x05\x0b\x00%\xa8\xb0\xe9v\x00u\x10\
\xd9\x00 JP\x00\x5c\x14\x19s\x15\xa40\xce\x90\xda\
\xac\x85\x82\xc9\xa6.\x13'&#\x80$\x17\xff\xec\xa2\
\x04\x10p\x87A\xe4M\x050P:\x80YQt\x00\
.j\xb8R\xe1\x0a\xa0(\x00\xee8\xa0C\xf6\x22k\
Tt\xc0\x04\xd4\xbdz\xa3\xd9\xb1\xf1\x00h\x96{{\
\xd4\x95\x87T\x1e\xe4\xd4\xc4\xbd\x9a\x00W_A\x11\x02\
<\x0a\x88\x10H\x8d\x09 \x9b\xf5\xa4&\xa6\x85c0\
\x83\x8c\x915\xc1Qf\x03\xb0B\x09P\xed\x03\xd0 \
\xf6\xed\x085\xf5\xe1$0\x18\x8dZ`\x00\xea\xed\xbe\
\xa2\x00\x08\x92T\x074S\x13>\xcct\xb5\x16\x04D\
\xba'\xfe,/\x00\xa4\x03\xd2\x1e\xa0Uj\x04\x0d\x81\
)Mm#i\xc3\x01\xe0\x1c\x81\x99@\x8eA%\xc3\
+\x9b\xd1F&\xaa\xe3\xc0\xf9\xc8pUxU\xb3\x01\
\x88C$/\x1a\x87\x1cT\x84B\xbdB\xc5TJ\xa5\
\x04U1\x09\x1b\xc4\xbf\x08\x81`3\x9b9\xccpb\
\x10\x13\xc2\xd7\x80\x19P\x08\x1cq\x00\x82\xa1\xa1\xf4\x12\
l\x01j\xec\x06&0\x01n\x82\xc0\x08\x12\x04\x80\x03\
\x81\x15(\x19pd\xd7$\xbc\xe7y\x02\xcc%\x88\xcb\
 F\x1c(\xd8>u-\xc1x5\x09\xb9Q4\x82\
@Pl\x86|U\x0f\xc0\x9as\x02b@kg\x86\
\x94\x12\xa86Q,\x8e\xe0k\xa0 \x17\xdcB@\x94\
!B\x8d\x17\xe0\x15\xecmF\xe7\x868)\x9b\xc8G\
c\xbciP\x13\x9cY~\xec\x14D\x0e\x80\x86\xd9n\
\xea\xc16\xae\x8e\xfd\x96$A\x86y\x01Q\xdf\xbbR\
\xc2{\x9a\xb9\x81}\xa0#\xa1\x01(\x91\xdc@&E\
\xdd#\xd3J\xb4qR`\x04F\xa0\xa6F\xa4\xc1\xa8\
\xb2\xa6\x10\x88\xd4\x80\xf6\x0d\x18q\x16\x0b\x22FR\xa3\
\xd8$\xb4p\xee\xd4\x8e-70x\x0c\x801Q\x94\
\x13Csc0J\x22r\x9c\xae\x8b6\xefk:\xe7\
\x06\x00\x00\x18\x02\x07\xa0`\xfbe\xac\x80R\x94\x0c\x04\
\x85\xa00Q0\xa4\x19\xe8GE#\xf1\x02\x22S\xe2\
\xc0\x0e\xf3\xc3\xbcg3\xee\xb4\xd1\xa1U\xcda\xf6K\
\x08\xee\x04/A\x82D\x08*@\xc0\xa0 F\x13\x00\
\xc2\xbeL\x91q\x8e\x9d\xcd\xb6\xeck\x01S\x01\xe43\
[\x80\x82\xad\x18A\x10\x1dL\x91\xe4^\x92\x9a\x8d\xa2\
>\xd8\x1c\xad_+\x03na\x1b\xf4\x08{#\x0fn\
\x91\xb7Q4\x12\x00\x0c\xfa\xd3\xc3\x00P\x14\xc6y\x96\
0\xd3\xc8f\x9a\xf7@\xe1cD\x8f\x13\x00\x84\x03\x00\
\x18A\xb5\xe41\x04\x85\xba\xe6\xbb\x99V\xf7\xe1\xac\x81\
\xa0\xb3\xdc\xc3Q\xe4\x0f\x1e\x8bF=4\xf1\x01\xc9,\
\xc5\x06\x00\xc8\xfezf\xa3i\xc3\x01\x10\xa3t\xa6\xb3\
\xc3\xcc\x94\xe0\xf3{s\xf7\xe0m\xe6#\x88nU4\
\xe1\xdd\xac\xd9N\x5cv]\xcf\xc3\x85\x161\xf1\x8d\x8c\
\x89\x005j\xc0q#\x0d\x04@0\xfa8{\x06\x12\
\x9f\xb5\xf7\x0ae@\x00\x0e*\x89%\x00\xc0\x9b+\xe8\
D\xe0\xc2\xfb,\x13`)\x00a\x90:@\x08\x10\x0f\
e\x0f\xf1\x8a\xaaR\x8b\x8d\xc8\xc6\xe9\x84\x11H\x80\xc2\
\x0c)*RS8\x888\xa8\x96\x00\xcc\x15R\x8d\xf6\
3\xa1\x92\x08\x00F\x1d\xc4\xbd\xf7&\xfe\xb5\x06j\xb1\
\xf8\xbe\x80!\x01,1\x8c\xac!\x18\x14\xdd+\x17\xf4\
\xb6\xb9va&\x8b\xb6\x98\xcb\x1c\xdd=\x059@ \
IE\x14\xe5\x80\x04(<8\xc4\x01\xa2koF`\
[:\x14\x1d\x01wV@\xdd:\x18\x81\x1e(5\x19\
\x81u\xa5(K\xb2\xe7y\xe3\x02B\x1b\x0e\x00\xe6:\
\x88\xc2:5M\xad\x0fr}84F\xa0\xf9\xfcl\
\x81\x1f6#\xafpf\x0b\x82\x01qX\x9d\x0b\x08\x06\
\x1b\x5c\x16F^#\x14\xac\x0a\x10s&\xdae\xd5=\
-c\x11\x8d\x94\xe0\xd8\x9c%\x93\xe0\x90\xb9\x9e\xd2~\
^\x09\xaaM\xae\xa3i\x97\xa1\x11\x98\x93\x88\x0d*3\
C\x99m\xe6k\x93\x0c\x02L\xdf\xe7\xf7G\xff_<\
P\xd7\xe6)D\x00DcP\x15\x00s\xcb\xe0\xb4\x0f\
kb\xf8\x16\xe1kF?\xfc\xfb\xa0}^\x98\xf5\xb1\
\xa5p\xf0\xb0\x1f A\xf4\x07\xf1?,\x1f\xc0,\x01\
\xf8\x83\x8dG\xba\xed\xf9\xc8\x00\x10\x03\x1e\xf1\x1fBD\
\x14\x1a\x9bW\x00f\x13\x88\x22\x00\xc3\x92:M \xdd\
\xb8\xc1d\xd9\xc0\xc4(Dk\xbd\xed\x05xob\xd5\
\xb9\xf6\xecnBwQ\xec7\x8c\x8f I\xf9\x02\xc0\
b\x00\xf1}\xca\x98\x1d[`\xe7\xa0\xc1\x98\x02<J\
Cq4*\x1aA(\xb8\xc9\xcf\xc7\xa6\x92\xff\xa9\xb3\
q\xcc\x02D\x824\xbd\xa3\xff\x1f\xfc~\x07\x80,V\
g\xfe:\xc1\xb2v\xda\x88v\xa0\x89:p`N\x14\
\xdd*\xbc\xca\x031@6\xcfI&\xeesW\xd1@\
k\xaa'Nd\x17\x8f\xc1\xc6\xf0U\x13\x1evjF\
\xa0C\x11\xbe\x9d\xc0\xe9\xcb\x15\xca\x8a:\x18\x80f\x04\
\xae/\x0fr\x1a\x81\x04\xe00cl\xea(1@\x0c\
Q\x86\xf7\x0c\x15\x07\x88\xb3\x99\x0b\xb2X\x89*\xaa\xe0\
\xfayo\x83\x14\xcfE\x80\xba/&-\x22^\xb2@\
P\xf2:\x04@\x08\xed:F\x8a\xf2\xb1\x0b9\x04B\
\x08Le\xb3_\xfd\xeaT0\xc2s\xcc\x16\xfa\xcd\x99\
\xac6\xa0\x8e\x1bw0\xb9\x86\x85\xc2\x95\x1e\xdcU\xa0\
\xa3\xc1\x00T\xa0$(\x1b\x94\xabhDn\xa0M0\
\x027\xd0B`V\x95k\xbbi\x8br\x98\xbe\x0c\xef\
-fOD \x08\x9c\x9a\x01V\x94\x96\xc65\xff\x0c\
\xf0\x96\x1c\x001\xe0X\xcd\x05\xabC\xa6Q\xa2\x84\xf1\
!\xec\x1b\x18\x0a3 s\x86\xc68\xbd\x19\xfd\x1a\xaa\
\x84\x9b\xfe\xe6\xb3?\xaa\x0eK\x1cI\xbbf \xb6\xb3\
\xc8w\xa2\x10\xec\x19#50\x82dP`\x86\x03\xc8\
i\xf8\x1f\xa0\x1a\xe2k\xf8\xba\x06P\x83Q'/\x00\
\xb08>\x09\x00\x09\x89\x1b\x84Ylr\xba\xf1\x08\x0a\
\x0b\x0e\xd5\xaa`\x07\x08Q0*\xdb\x8c\xe1,\xb6\xcf\
PKB\xc1\xe2\x00\x5cp\xa3\x06\x88L\xb5\x84V\x07\
c#\x7f\x96)\x94\x92\xa9\x85}ko\xc6\xab\x8b\x8e\
N\x01\xb8\xc2\x83Y\xd0%\xb6\x84\x94}[\x88\x03T\
P\xaePW5z\xbd\x0a\xbd\x9e\xbf\xf4U\x80\x88\x89\
\xf1\xba\xcf\x80/!\xbe\x03+\xa4T\x1b\xf4\x8a\xa0\xea\
A\x819u\x16\x08\xf2A-\xd4\x22\x16\x22\xf61\xd5\
jx\xa9\xfa\x02\xef\xcd\xd8bn\xf2\x00\xd1\xd26\x17\
O\x1b&rc\xec\xb1\x0a\xc8k6\x9d\x19\x12\xd2\xc0\
 \x93@\x05g\xcfR\x10\xf3\x04\xab\x0d\x00P\x06\x15\
\xe3\xca<QD\xe0\xc2\xc1\x15\x0eT\x10\xb8CV\x17\
P\x12P\x16P.\xac\x1e\xa0S\xa0\xd3\xe1K[\x05\
Xl\x5cB\x81\x84@\xaa\x0a\xaa}(\xf5\xacq\x1f\
\xe0~\x10\x95\x16\x07(\xd8b\x00\x9e\x02\xc3a\x894\
\x19\x12\x07(yHM\xe0\xaa8@\x0c\xbdJ\xf2\xfb\
/X(\xb8\xcc\x8e\x83\xf5\x82E\x17puc\xc9R\
\x0a+\xa6P\xf0F\x87\x83G\x1e\x07\xc8\xc9{K\xa8\
\xc0[ \x85\xa91\xf6\xbc\x07*\x1f\xa3\x80v_d\
z\x95\xc5\x04\xa4\x8e!_\xfb\xcc\x16\x00\x04Pe\xc4\
,\xa4\x8d=\x0f-\x0c\x05\xa2\xaa\xe2\xe1\x80P\x81c\
\xabO\xcc\x8d\xc0\x92\x10\xb2\x81f\xef\xc7\x22\x16%1\
\x95\xb5\xaa\x8d2\x0a0\x06\x00\xc8\x19d\x22\xdb\x8c\xc0\
(\x01\x9c3?\x1f\x81\x09i@\x0bg\x8c\x08\xe2_\
\x08\xa0\x82[U\xc1\xe6\xf9ey\x05\xc9j\x00\xd0\x88\
\xf2\x94\xed\xe3\xf6\xec\xce\x99M\xb9\x97\x10\x803\xb4\x1e\
\xa0\x90\x90\x0c\x0ae\xe1I:\x84\xd9=\xa4]V\x81\
\xa0\xba6FK,\x08\xcd\xca\xc1}\x1d\xc2\xa3\xa1n\
P\x85 \xaa!m.\xa9<\x5cC\x22\x08jE \
1*\x88,F\x90\xab\x00h\x8c&r\x98\x8d!V\
\x00\x00d\x05%\xadp/\x01\xec8H\x0b\x00\xc4-\
\x9eY\xf8\x98\xcc\x08\xcc\xe2\x00\x04F\x89\xe0\xf3gE\
\xa1e\x07`_\x83\xb5\x00\xd4\x81\xc9\x81BE\x10(\
\x14\x85\xd6\xd6.\xa3\x920\x029\x07\x11\xf3\x83=\xec\
\xbaZ\x10\xb0\xa9\x17P@\x85@\x5c\xa6*]\x15\xb3\
\xd0\x01+\x08\x14\xa9S\xe5o\xcc\x14\xd6\xbe\x09\xec\xa4\
\x82\x90(E\x5c\x13@jD~\x88\xf0EWP\x15\
\x8e<\xa8`\x93\x00hl\xc3X?\x98\xd2\xd4\x14\xca\
\xbf\x14(\xc8*\x80\x86\xda\x00e\x05\xee\xd6@Y\x03\
Elf\x04B\x11\xf6C\xbc\xc4m\x00U\x82\xf7j\
3\xd7\x13|M\xd0\xdaf{l\x900\xd4D\x90\xc0\
t\xcb\xf6Y\x14 DT\xad\x982\xe8[p\x96\x88\
A#\xe6U\x01xI\xce\x97\x03\x9a\x82\x8f\xb3\x19x\
\x00\xa2\x8fY\x94\x00@\xc3\xef\x0d!\x8c\x88\x0e\xd1h\
\xdfQ\xaa\xfa\x89j\x0a\xc2\x90\xda\x8c\x04s\x83\xc9\x0a\
KR\x5cD.}\x09\x90*d\x18 \xe7AE\xb3\
L[\xd5\xca\xc2\x00[\xc6\xed\xeb\xc0\xd0`\xf4\xc5u\
\x03\x06\x1cM\xfa\xde\xa7\x19o\xaa@\xc1-\x15 \xea\
\x1a\x1b\x83b\x94/\xba\x81m\xc6\xa6\xbc\xbf\x03\x08\x0a\
eB\x1f\xc1&\x18\xb8\x97\x09p\x90T\xc9\xc3h\xa4\
\x090\x08\x16\x85\xd5\x228\x80J\xfb\x82,\x09\xd6\xfc\
;\xca%.\x01\xf2\xe4\x89\x90\x82H\xc2\xaa +\x8c\
\x88+\x82\x88\x04\x85\x13\x88p\xe3\x09\xb0\xd9\x10\x8e\x81\
\xd2Q\x0b\x00\xed\xa5a>\x00\x802#\xd3\x8a\x04\x86\
Y\xf4\xe9\xfaZF`lh\x9a\xc6J%\x0e\x81\xa0\
a\x15A\x03\xd7\xd8\xd5f\x1c\xb8\x1ap\xde\x8c\x85\x11\
\xd3\xc8\xbd\x80H\xb9\x81\x87h\xc5\x87Tm\xee)D\
c\xb0\xaa\x1a\xa6\xe7\xe9`\x09\x81\xa1aq\x00A\x9b\
\xb9fg\xb0%\x95\x06U@vle\x05]c\x10\
2\xcc\xe5\x13\x0f8\x15s\x07a\x06!\xb8QU\xd1\
\xf0T\x1f\x03\x1ali\xe9\x02!\xf15:?`\xa4\
\x00\xc8\x99C\xf9\xf4\x22\x98\xcb4\xb86P\x91\x82%\
\xa9\xa0\x93L\xe4[\xfe \xcc\xcePM\x0c\x04p\x84\
\x01v\xe1\xb9\xc4\x5c\xce\x98:P\xc0q^\x81 h\
\x98\xd9\xd2\xb8\x81\xe5\xe0\xac\xcf\xcfC\xc0\xc0iLg\
\xe6bh$4\x92\x9a\xc0x\xccW\xfe\xe6\x8dZ\xbe\
\xbb\xdd\xafqq\x88\xb6\xcf\xed\xb3\xda\xc1\xf3\x18\x02\xb6\
\xe7\x9a\xd9\x0e4\xe2\xdb2\x90a\xfc\xd3\xff\x15F\x80\
5\xb3w\xd8\xccG\x02\x89-\x02\x81gK\x03SH\
\x07\x8b\xf1\xb8\x0c\xc1!\x09G\xa6\x02\xa0\xac\x16\x0d\x00\
\xe0\xc1en\x04\xae\xcb\xb0\xafI#\xb1\x01\x10+\xe6\
\x89\x83a\xc4a`\x8ad2\x1b0,\xb3W\xa5\x05\
\xa1\x02\x0f\xcb\xb5\xc6@\x9a\x08\xe0\x95\xac.0\x0c\xb6\
\x17\xb5\x88\x22\xda\xd2\xc3e\xb3\x1b\x1c\xa5\x87\xaer\x09\
\x93\x81G\x82\x94E\x10\x19\xbe<\xdc\x8az\x82I\x17\
\x00\xc0\x80s!\xdc](\x8a\xe8\x12\x96\x15PVY\
*\x18\xa1&07\x027\x96\x1f#Q\x01yiT\
\xe3\xdc\xd5\xad\xc6\xec-\xa3\x17\x06\xb8\x82\xe9X\xf6\x02\
\xef\xebd+D\xcb\xdbQH\xae\x91\xc5\x92\xccM\x5c\
+\x17\x80\xa6\xc2'\xaa\x0d\xe1U\xcc\x1d4\xferM\
-l!d\x1dhMn!\x1a\xa0\x06\xe2\xe8\x06\xe6\
m\x84\xa5\x80\x89Fn\x046\xba\x7f\xd04\xa7\xb4\x0e\
0_\x04\x92\xca\xc0c\xed\x9e\x92\xad/\xd4F\x02\xd4\
^\xdaF`f\x14:\xd7fd\x8a'\x0d\xd8\x01\xab\
l\x00\xe8\x00@4U\xfc\xe4\xb9\x80&\xc9\xd4v\x01\
\x9bu\x01Y\x1b\x03\x1a)\x00bE\x8f\xe9\xfe\xa6&\
\x10\x12-\xe3\x86UqV\xc5-\x83E\xa4\xa9\x13 \
\xdf\x1ep7\xe0\x05\xf0\x10\x09@!H\x14\xea\xfa\xcd\
\xf8\x08\xf1\xc0\xccz\x97\xd6\xe76%b!=a\xca\
\x8c\x08u\x04\x82\x07X\x1d\x1c4y\x05e\xb8\x9f\xa9\
\x04(\xab+\x07\x01\x08\xee\xef\xe5b\x03\x00q6\x87\
\xff\x04\xf6V\x17\xaf\xec \xe4\x00* *\x101/\
 7\x16\xa34\xe8\xd7\x16\xd7\x8d.\x9f\x0f\xd1E\xef\
\xa9\x95\x0c\x022\xf1\x9f\x19\x81\xc9\xfa\xe7F\xbc\x83\xa8\
5\xeb]\xe6\xfa\x01j\xd2A\xa4uO\xb2\x01|\xd0\
\xfdjU\xc6\x9cJ\xc2\x04\xce\x09\xcaR\xd7\xb0\x01\xb4\
\xb5.\xe02\xb2\x01l\xba\x08<(\xad\xf2\xf4`\xf6\
P\xad\xc1ES\x11\x14m\x80X\xb7\x17\xcf\xbd\xb7Y\
\xe5(\x04\x82\x5cf\x03\x9c\xa5\x1e\xc0\xe2\x0bC\xdc:\
dv\x01\x8c\xb1:p\x0f\x86=\xb7\xaa\x994J\xae\
\xdf8(\xfa\xb3\xd0\xc8m\x80H\xd1`\x8a\xa5\xd3\xb1\
\xaa\xc7\x0a@-\x1a\xa8YT\xb0\xd9\x16\x06\xa8ji\
\x05\x82\xea\xac\x1e }vXn\xb5\x96\x8f\xef2\x89\
\xa0\x12l\x02`US\x91\xec\x19I\xea&mC\x13\
\x02S\xa8\x80\x82\x00%I*E=\xb2\xbc@l\x12\
\xc2\xdf\xa3\xa1\x91\x01`U\x1c \x84nc\xe3\xb0\x91\
OQ4y|QI\x00\xc8\x99\x12\xeb\x03\xe3,v\
\x5c n\xb2\xe0\x83A\x98\xd6\xec\xaa\xb6\x99\xca\x8d!\
\x18/Z\xb50\xac*x\x10,\xcc\x99;I-\x00\
qP\x1d1\xf8c\xef\xb9d\x14:\xc7\xd1\x03\xce\x9a\
\xe5\x02\xc4\x8f\x06\x04#\xb2\x01V_cf\x03\xc2\x90\
\xfb\xb9\x08\xeb\xf5C\xb4/\xe5\x06\x10\x03B\x12Z\x14\
\xffU&\xf2\xb9%\x0d\x80\xc6\xa0$2\xc0\xc4xB\
n\xe8\x99\x95\xe7Z\x15\xc11\x12\xe9\xb5Y_\x10\xab\
\x80\x92\xe1\x18\x92W\xedP0AI\xc3\x1e\x06mW\
\xf0\xb2\xcb\x06J\xf0\xb7U\xb9\xd5\xe2*a\xef\x09\x08\
5\xfeP\xd8>\x80A\xc4\xf6*\x85\x085k\x02\xc2\
\xca!O\x0eB%\x94\x09\xea\xa2d\xb1\x82RE&\
a\x02\xd3\x0b \xed\x14\x16g\xb3\xd6\x95\x01\xc0[\xc0\
'\xea\x7f\xc0<\x8f\xe8\x0d\x804+\x04\x05X\xc2\x12\
vQ\x8b\xf0\x12\xad\x19\x0a\xa6P\x136\xb8?\x80\xf5\
\xeb2\xa9\x09\x8ck\xe4\xc8\x85&\x02\x15AU\x094\
l\x96dn \x10\xeb\x00\x08\x0e\xe4m\xa6yD\xab\
\xbd\xb1\xd0A\x00\xb9\xb8\xaa\xc8\xbe\xc7\x91\x15\xde\xaaR\
\xcb\x10\x8c\xb5\x86\x83\xba\xddu]\xcb\xd8k\xa5\x7f\x99\
\xdaq\x80,^\x00vq%\xb9\x09\x8d\xe0\x1f\xe6\xba\
\xde\xce\x15\x10\x1a\x8b\xe0ON#\x90\x00aYU\x0d\
H\xcd\x90\xda\x01\xde\x96\x89\x83\x0a\xb8\x90J\x8b\xf1~\
\xb0\x85vE\x1a\x7f>\x81C5\x04\x83\x00\xf1>\x94\
\x91\x85\x19oN}\x937\x90`$dJ&\xee\x17\
@4\xc4;\xe0\xf0\xc1\x90T\xf4\xd1\xd8\x02\xd4\xa8\x86\
\xb8\xb0$Lh\xf3R\xb4\xf1\x5cR\x13\x14\x85\xe0\x5c\
\x1bDl\xb0\x00\x18\x85\x04\x08\x1b/\x05\xe3N\xd4\x5c\
?\xd5\x1a\x22v\x846n`\xdc\xef\xa7\xa0\xb0& \
\xcc\xa8T\xfb'\x9c^\xab\xa8\x89\x08AJ\xb1\xa6T\
\xb06\xfe?\x10\x8c8Gh\x17z\x0ei\x00\x02\x96\
\x12\xe5e\x9c&\xd1\x1aF\xaf\xfdY\x8d\x87\x13wB\
\x1b\x07\x1a\x1b7\x10h\xc4o>:DMvOY\
mc\x870\xa8B\x00\xb3?\xf7^\xc1\xc3r\x01\x03\
-\xbe\x97^\x0f\xe4\x0a\x86t\x0d\x00R\x9c\x9f\xf2\xe3\
P\x15\x80\x14\xab\xa6\xcb\x19\x00\xc9\xfd\xab\x9b\x16\xb7\x89\
\x85\xe7T4\x91o\x16\x9d|\xff\xaaq\x03\xe3\x8a\xa0\
X\x00\x8a\xb8&\xf0<\x00`K\xc5\x9a\xe4\xcf`\x96\
o5H\x86\xd7\x03\xda\xa6\x01\xe1sa\xd2\xcd\xde\x1b\
VFn\xdfi\xba\x85!kz\x01\x1b\xca\x8e\xd1\x95\
\x84\xa5\x19\x1b\x19\x04@\x11\x83\x22\xcdf\xd16;m\
9\x99sm\x13\x8a\xd0\xc4\xe4\xc5\xdb\xfb\x024;\x84\
`-\x00\xc8*\xe6h\x06\x8a\xa6hd-FF\x90\
HV\x15\x8c\xb4\x17\xe1p:\xcb\x06\x11\x97S:\xb8\
m\x91\xe7\xcc\x19\x14\xb4\x94e\x00-9\xe4\xfd\xea\xe7\
\x92$8\x0f\x15\x90\xd6\x00\xd2`\x9f\xa2\xf1\x95\xd9\x0d\
\x88}:\xcbo\x81\x05\xa7L]\xd0\x1a\xcc\x8b\xa8\xc8\
m\x80\xbc5{#$\xc3w\x03i\x84;\x856\xba\
\x17\xc8\xac\xf5`\xe1\xc7J\x9eF?\x9b?\xee\x07J\
\xba]\xd8L:\xe6\x00Z\xb9\x00\x1at\x01\x07fr\
r\xed\xd6.\x0a\x1d\xd6\xe7A[!\xba\x22R\x03q\
7q\x1e\xf8\x0d\x11`\xed\x18\xc0e\xe8\x05\xacU\x12\
&\x1e\xa1\x14,\xac\x0f\x083$2\xd3\xfb\xb6\xfeo\
=\x1f\x22\x82q\x870S-\xc6\x9da* \xad\x0c\
\x0ab?\xd5\x08\xc6h \xd1\xf0\x84\xd1@S\xb2\x9c\
A3\xa1u\xc0\x1b\x90\x01\x00\xba\xb4\x01\xc6\xda\x91\xc0\
\x8d\xe5\xc7H\xcb\xc2\xc3\xee\xca\x96|Q@\xeb\xa0\xfb\
\xdd\xa0\x0d`\x94\xacr\xca\xf2\x01d\xff\x1d\x90D{\
\xd8\xfc\x993Qzv/@\x87\x9c\xeby\x01`\xd8\
\xea\xe0\xb5\xfe@\xc2Z(\x05\xe7\xb8\xa1\xe0eh\x03\
\xbc\x15Z\x9b\x19\xab\x99\x18\xe9\x8f\xd1\xa9\x12]\xb9\x01\
Us)\xd2X\x03 \x05q\xb2r0kYyX\
X2n\x8bD\xdb\x05!Q\xcc\xb7%\x806\xab\x83\
\xe2L\x1e\x98u\xc3\xec\x82K\x95\xc6\x1a\x00\x0d\x83\x82\
.O\xa1\xe0&W`7F\xe3O\xcfY\x102\xcc\
\xc0\x8b\xf7\xe5\x14_\x0e\x1a\x9d-P\x10V\x05{x\
\xe0\xfb\xc6\x9d\xc6\x1a\x00\xc3h-7r\xb8k\x99K\
\x11{\x1d\x197h\xf5\x0f\x06{x\xc8\xb5\xa16@\
+\xf6\xdf\xf62.\x06\xba\xe8\x00p.\xc3l\xad\xc1\
\x8fb~\xd0\x08lh\xd8\x94\xbdH\xa6\xf1[\xa0\x8b\
\x0e\x00\x1bAM \xe8\x1c\xf7\xe1\xdc\x12h\xdci\xdc\
\xd2\xd3k\xd81e\x00\x00\x03cIDATcA\
\xe7+e\xde\xac\x14\x1aGZ\x17\x00\x84\xa8\x16\x11\x8d\
r\x1f\xecK\x83\x88\xc8\x11\x11\x87\xf1\xbc\xf0\x9f\xfff\
\x96&\x87\x1e\xc4\x96\x95Q\xda\xeb\xc9\xc9IR\xab\xc6\
$UM\xe7eY\x92\xda\x1f\x00\x90\xaaRQ\x14\xe9\
\x1e\x00\xe4\x9c\x1bz\xae\xaa\xf15\x000\x9b\x22O\xef\
\x87\x8b\xf1\xdex\x9e\xff6r\xc1\x81\xd7&\xe1p\xbe\
\xa4q\xc0m3\xcb\xb4\xc7\x17\x00@D\xe2\xfb*M\
!\x9f\xc6\xfb\xc2\x82U!\x22x\xef\xd3u\x22R\xef\
\xfd\xd0s\x00Z\xd7u~\xafTU\x95\xde\xcf?c\
yyY\x81\xf4'\xa9) \x1d\xcf\xf5<\x19;\x14\
\x00\x81\xd19\x83\xe3yb\xb2\xaar\xc6`\x8e\xd72\
\xe6rd \x8cy\xe9z<gfVUbf\xca\
\x8e\xcc\xcc\x83\xd7\xd2\x91\x88V]\x0b]\xa6\xa6\xeb\x88\
\xf7\x22|\x0f\xc2}\xc8\xcf\x87\x0e\x08Qd^~\xae\
\x96G\xa08\xb8\xf1ZbH\x00\x84\x8a\x88\xaa}y\
\xebZ<\x86s\x19\xf2\x9eD0\x11Q:\x07 \x11\
@\xf1z\x00\x89\x10\x91VU%\x19@d\x088r\
\x90\xc8 0\x12\x00\x82\xb8n1\x1b\x00MNN&\
\xe6\xc6\x81\x1ddx\xc6l\x8e\xccVU\x8e\xb39c\
tb833\x11q`\x14g\x0c\x8e\xe2\x8e#c\
\xe35\x00\xf1\xbd\x04\xcc\xf0\x1d\xf1}\xca)\x028\x7f\
/\x5cC&N)\x0c\x0e\xb2\xb1I\xcc\x8d\xc7x\x1e\
)\xbe&\x22\x09\xb3X\xf2{\xe2`\xab\xaad\xf7\xa7\
k\x19X\x84\x88TU%P\x02D~\x0c \x90\x0c\
\x14\x12\x99>\x08\x88\x5c\x82\x04@\x0c\x82!\xf6U(\
 {\x15\xe3\xb3\xd9\x1eg:\xff\x11\xcc\xe7|Vg\
LM\xafs\xa6\xc7\x8b\x91\xa1\xf9\xfd\x190r D\
i2\x08\x90\xfc\xb95\x01D\x19\x0ar\xa6\x0ec\xa0\
\x86=f2\x86\xa6cd\xe4\xc0s\xf1Z\xeb9\x22\
\x92\xc8\xed\x1c\x0c\xd9\xa5t\xff\x80\xb4\x90?\x02\x04\xe9\
\xfd!R\xc1J'2\xd4\xe7:>O\xd7\xe4R\xe0\
\xac@\x80\xe9\xf0$\xfa#8\x22\x93r\x09\x90\xcf\xf0\
x\x9d\x06$A\xb8/\x07DR\x03\x03\x80H\xefE\
\xa9\x93_'\xa2$\xf63\xa6\x0fS\x03I\xb6\x87{\
U-O\x9f\xcf\xf88\x1b5\xbf\x9e\x83%\xbe7\xc0\
\xf0\xa13?r}\x80\xe9Q%\xa4\xd7\x19\x00\xd4\xdb\
\xbf_\x9c\x0f\xe3\xf3\xd9\xef3\xc6\xc7\x9fxn#0\
\x03E\x0b\x1c\x01\x14\xc9\x0e\x88\x00(\x8a\xa2e\xece\
\xc0H\x00\xca\xec\x81\x1c\x1cI\x9f\xe7:~\xf0u~\
\x84=\x98_\x03\xda:\x9f\x82\xe1\x98\xeb\xfd\xf31\x04\
\x13\x00`\x5c\x00\x1a]\x1f\xcf\x911+\xdd?L\xef\
\xa3\xd1\xed\xe9uv\x9e\x98\x1c\xef\x8b\x0c\xcc\x0cD\xc9\
\x8d\xc3\xba\xae\x13\x00\x00(3K`t\xder\xd5\xb5\
6\x7f\xcf\x05\x80sQ\x98P\x83 I`\x99\x9e\x9e\
&\x11I`\x89\x80\x08\x9eA\xcb\x1b\x08\x801\xd3\xba\
\x01P\xfa<\xe7\x1c\xb2\xd7\x89\xa9\x99\xa7\x90{\x07\xf1\
u\xeajx\xe6|\x7f\x13\xd0\x8e\x07%\xe30\x5cW\
\x0a\x16~x\xa6\xe5\x09x\xdb\x9a41;c \xe2\
\xeb\xf8^<\x06\x8b_\xe2\x8c&\x22af]\x5c\x5c\
\x1c\xb4\xf6[\xed\xad\xf0\xf0-\x03\xe0\x8f\xfe\xe2\x068\
k\x1di\xf0\xf5\xcc\xcc\x0cr\x80\xe4\xe7\xf1\xbe\x0c\x08\
\xad\xd7\x9dNg\xd0\xfaO\xcfG&\xe4}\xeb\xf7\xfb\
\x83\xae\x1d\xb2{\x07\xaf+Y\xecC\x01`qq1\
]\xcf>w\x90q\x18<\x8e\x82\x17\xff\x1f\xb7\x0ag\
<-]\x16\xd9\x00\x00\x00\x00IEND\xaeB`\
\x82\
\x00\x00\x00o\
<\
ui language=\x22c++\
\x22 displayname=\x22M\
ixerPanel\x22>\x0a\x09<wi\
dget class=\x22Mixe\
rPanel\x22 name=\x22mi\
xerpanel_0\x22>\x0a\x09</\
widget>\x0a</ui>\x0a\
\x00\x000\xfe\
\x89\
PNG\x0d\x0a\x1a\x0a\x00\x00\x00\x0dIHDR\x00\
\x00\x00\x80\x00\x00\x00\x80\x08\x06\x00\x00\x00\xc3>a\xcb\
\x00\x00 \x00IDATx\x01\xed}\x07\x9c]G\
y\xef\xdc\xbeE\xab\xb6\xabbYeW6\xee\xb6$\
[\xc6\x05\xb0\x0d6\x98j\x8cm\xb0\xc1\x8e\x93G\xdc\
x\x10\x08\x04\x1b\xf2\xde\xfb\x01I~I\x9e\xfd\x0a\xc1\
!\x14C\x02\x0fc\x13+.\xc1\x10Z\x22S\x03\xb8\
I\x96\x9bd!\xd4\xb5\xd2j\xbb\xf6\xee\xde~\xcf\xfb\
\xff\xbf3\xdf\xd99\xb7\xac$K+\xed\xae4\xd2\xd9\
\x99\xf9\xe6\x9b\xfa\xfd\xe7\x9brf\xce5\xe6\xb89\xde\
\x02\xc7[\xe0x\x0b\x1co\x81\xe3-p\xbc\x05\x8e\xb7\
\xc01\xd6\x02\xdd\xdd\xdd-\xc7X\x95\xab\xaa\x1b\xa9\xa2\
Lq\x82\xe7y\xd1\xa1\xa1\xa1\x0f\xc6b\xb1?2\x9e\
\x99U\xf6\xca\xfd\xa0}\xb3\xa5\xa5\xe5\x9b\x91H\xa48\
\xc5\xab\x7flWo\xc7\x8e\x1d\x8d###\xf7\x96K\
e\xafX,z\xf9|\xce+\xe4\x0b\xf2\xec\xdb\xb7\xef\
\x1b\x0c?\xb6[h\x0a\xd7\x1e\xbd\xbc1\x93\xc9\xdc\x0f\
\xdb\xcbf\xb3\xde\xc8\xf0\x887<<\xec\xa5\xd3iy\
\x08\x08\x80\xe0\xfe\x1d;\xbc\xe3 \x98j8\xa0\xf0\xf3\
\xf9| |\x02\x00`\x00\x00FA\x80a\xc1+\x16\
\x8a^\x7f\xff\xe0\xb7\xc9?\xd5\xda\xe0\x98\xad\x0f\x85\x89\
\xde\xfd-\xd8P\xf9\x05/\x97\xcb\x89\x06\xc8f\x00\x82\
\x11\x00\x80O\x1a\x9a`\x08\x9a\x00O\xa1P8\x0e\x82\
\xa9\x82\x16\x0a\xbfT*I\xcf\xa7\x8a\xa7p\xa1\x09\x00\
\x82\xbc\x97\xcd\x95\xbdL\xb6\x04MP\x14\x10\xc8P\x00\
\x00P\x13\x90opp\x1f\xe3MyM0eW\x01\
Vx\xf7\x01\xcc7\xc1m\xca\xe5\xb2\xe0\xda31S\
.\x0d\x1bSx\x05\xb4\xac1\x91i\xc6\x8b\x9d\x8c\x05\
A\xd2x^\xce\x18\xb0y\xf8\xd7\xd0\xd0`0a|\
`\xfa\xf4\xe9\xb7bu\x90\x99*\x9d\xa2\xb2\x1eS\x12\
\x00\xae\xf0Ya\x02\x00\xff!\xd6\x88)\x0f?n\xca\
\x83\xf7\x1a\xaf\xb0\x11\x84\x821\xd1\x06c\xe2\xe7\x18\xaf\
\xe5\x93\xc6K\xbe\xcex\x00\x85\xe7\xf9`Q\x10`\xb2\
x\xdb\x82\x05\x0bF*\x1bo*\xf8\xa7\x1c\x00*\x85\
\xafB\x82\xfcM\xb1\xff^S\xea\xffK\x08>\x8f\x9e\
\x9f\x00\x85\xd5'2\xd0\xf3\xa3s\x8c7\x0b\xc0H\xbd\
\xe3\x98\x02\xc1\x94\x02\x00\x84\xdf\x04\x89~\x15\xcfMx\
B\xa64p\xaf)\xf4~\x0e2g\x95\xa3\xa10\xdf\
\x83=\xa0H\x93\xf1\xa6\xff\xad\xf1\x9an\x0a\x81 \x95\
Ja8\xc8>\x16\x89x\xb7\xcc\x981\xa3\xafF\xe4\
IK\x9a2\x00\x80\xf0gC\x0a_\xc7\xf3\x9eJi\
\x94\x06\xbe\x00\xe1\xff\xc5\x18\xc2\xd7\x18\xdc\x08L\x19o\
\xc6\xdd\x16\x049\x7f8\x80\x92hh\x949\xc1\x7f`\
>p\x03\xe6\x05\xbd\x1ac\xb2\xdb\xb5\xba\xc2\xa4\xab\x93\
\x15\xfeC(\xf8!\x08\x9f\xd5\x8e\xe3\xc9\x9b\xc8\xe0\xa7\
Ld\xe4\xdb&\x82\xf9A$\x82&B7\xc9f2\
\xa6\xb1\xb1\xe9\x0aL&\x1f\xda\xb9sg+\xb9\xa7\x82\
\x99\xf4\x1a\x00\xc2\xa70\xfe\x19\xcf\x15\x95\x029\xf0\x9e\
_\x15\x13\x04\xac\x0aT\x13\x9401\xe4?\xcc$\xed\
\xc4pu4\x1a\xbd~*h\x82I\x0d\x801\x85\xdf\
\x0f\xb5\xdfw j\xbfR\xf8\xea/\x05 (7b\
J\xc1\xd5\x81\x03\x02\xec$N\x89\xe1`\xd2\x0e\x01V\
\xed\xd7\xef\xf9\x87$|\x82 \x86\xc7\x1f\x0e\xa2\x99\xfb\
e\xb9\x18\xc1X\xc0\x7f\xd8J\xc6p\xd0(\xc3\x01\xde\
\x1fL\xea\xe1`Rj\x00+|\x8e\xf9\x87Q\xedS\
\xe8\xb5LX\x13p\x9f\x80\x9b\x0a\xfc7\x15\x86\x83I\
\xa7\x01\xac\xda?B\xc2' \x5cM\xe0O\x0c\xb9\x94\
TM\xd0\xd4\xd4t9'\x86\x93U\x13L*\x00\xd4\
\x17\xbegJ\x03\x7fw\x80K\xbdZ\xbd|\x7f4\x17\
\x04\xf7\xcb\xea@A\x90\xc9d\x8d\x82\xa0\xb3\xb3\xb3m\
\x7f)M\xb4\xf0I3\x04@\xf8l\x5c\x8e\xf9\x97\x87\
\x1b\xb1h\x8aX\xe3\x17\x07\xff\x1ed\x0aj<1\xed\
\x0f\x07\xe5\x19\xff\xd3x\x8d\x7f\x10l\x16q\x9b\xb9\xa1\
!er\xd9\xdcS8at\xc3\xcc\x993\xb7\x84\xcb\
8q}\x93\x02\x00\x10~;\x9a\x90j\xff\xb5\xe1\xa6\
\xa4\xf0?k\x8a\x03\x10~$\x89 [\x1d\x08\x04C\
\xb4o\xea\xd5\xb0\x1e\xddF\xabo\xd5\x01\x01\x224`\
\xc7\x10\x13\xc4\xe7P\xdek&\x0b\x08\xc6\xb3\xbb\xd4o\
\xc3\x83\x08Acv\x80\xfd1<\x07&|\xbe\xc7\xe1\
\xa3 p\xddJ\xa3]\x8f\x8e\xa0\xb1\x8d?\x1cD\x07\
?\x8d\xcd\xa2oa$H\xcaf\x11\xf1\xc4\xd5\x014\
\xc1r\xec\x16>\xbag\xcf\x1e\x96{\xc2\x9bW\xdd\x0f\
\x8eD\xcd\xac\xf0\x1fE^\xcbC\xf9y\xe8\xf9}\x15\
=\x1fB\xf5J\xa8\x0e\x85kk\x15\x09\xd4\xc0(-\
\x94\x0e=\xb5Z\xa0\x16\xad\x8a\x97\x9a \x8e\xb7\x88w\
\x9ar\xd3\xc7\xb00(\xe2)\xd9\xcd\x22j\x82\xdcs\
\xd8+\xb8f\xfe\xfc\xf9[\x18u\xa2\x9azU=\xea\
\xe5\x1dS\xf8\x95j\xdf\x15~e\xc9\xdd\x1a:\xee\x00\
\x1c\x0e-\x14u,z\x10F\x10\x00s-\x9f\x06\x08\
\xfe\x14\xc2/\xe0)[\x104`\xfb\x18\xc3\x81\x99\xd8\
\xc3AP\x95P\xe5\x8f\xb2\xa7\xae\xf0\x0dz~7z\
~?\xc6\xfc\xa8\x1d\xf3U\xf8T\xe9\xf5js t\
\xcb\x13\x00\x83m0V\xbc`\xf0\xf4\xc7\x12o\x1a@\
\xd0\x0c\x10\x94\x01\x02\x8c/\xa8\x83\xe1[D\x0c\x0b\xeb\
\xb2&\xfb\x9e\xf93'\xa6&\xa8W\xc5\xa3\x06\x81\xb1\
\x84_\xd8\xfbY\xbc\xcf\xb7\x13>\xbe\xd6\xa5\xf0\x8b\xbe\
\x1d\x14\xb8^\x8d\x0e\x86\xee\xf2:\xee\x108\x08\x80\x0a\
\x10\x94-\x08L\x05\x08p\x0eq\xc2\x0e\x07N\xf5\x82\
&<j\x8e\xfd\x09\xbf\xd8\xf7E\xf4J\xf4|\x0a\x9f\
\x1d\x8foo\x01\x021\x955\xa9\xf4\x93\xa9\x0e-\x0a\
:\x93\xe1r.0\xb5x\x19\xe8\xd0#1D\x08\xfc\
\xbe&(s8h\xfe\x18\xca\x879\x81\xa3\x09\x08\x02\
\xd4o\xc2\xad\x0e\x82\xe2\x07\x15?J\x8e\xba\xc2\xc7\xe4\
\x8a=\xbf\xd8\xcb\x9e\x9f\xc2\x83\x22SP\xae\xf0\xb5\xcc\
\xf5j\xe3\xd2\x1dw\x94=\x18\xfe}\x83\xd8A\xc0\xe4\
\xbe\x05\x17\xc5J\x90c\x00\x04\x87W\xb3\x10\xdb\xd2#\
Q\x14$\xd0\x02\x0c!\x08\xca\xa6\xdc\xf2\xe7\xa6<\xcd\
\x07\x01\xf6\x05@\xf3\x87\x03\x0b\x82k\xb1D\xdcL\xee\
\x89`\xeaU\xf1\x88\x96\x0d\xc2\x7f\x0d2\x5c\x85\xa7j\
\xb6_\xe8\xaa\x16\xbeW\xa8_l\xe2\xc3G\x08m\xc7\
TD\xa1\xf0\xd3i\xec,\xddo\xccK/\x00\x00\xf0\
_r\xb91o\xbf\x0an\x1c\x0b8\x10\x10\x88\x06`\
\x16\x9a6m\x118@0\x9d \xb0s\x02\x0b\x82d\
\x22i\x0a\xc5\xc2\xef\xb0u\xcc\xcd\xa25N\xe9\x8e\x9a\
S\x8b~\xd4\x0a\x00\xe1\xaf@\xe6\x14\xfe\xc9\xa1B\xb0\
\xe7\xef\xf9\x1cz\xfe\xbd\xa1\x9e/\xc2\xdf\x9f\xaa\xaeS\
+\x1c\xe9\x0a\xb2 \xcb\xd7qxl\xf5O\xd8;\xb9\
\xb3\x8f\xde\x0f\xadr\xf3\x1f\x1bs\xe5\xbb\xa0`\xe0\xe6\
\xd0@0\x94\xd9\xd1\x01\x10\xd2\x02`0%\x841b\
07`\x224.\x08ZFA\xc0\x15\x02'\x86\xb8\
\x8e\xb65\x97\xcf];g\xce\x9c\xa3\x0e\x82\x90\x02\xf3\
K\x7f\xe4\xfeB\xf8\xe7\x22\xb7G\xf0T\x08\xbf\x00\xe1\
\xa3\xe7wC\xed\xe3\x88\x96\xb42V\x5c^\x1e-\xcc\
\x95\x17\xe5\xa8\x8f\xafu}\xed[IS\xbf\xb5\xbd2\
D\xe5A\xd8P\x13\xdd\xdd\x11\xf3\xccS\x10>\x0e\x05\
S\xb8Q\x0c\x01\x1c\x06~\xfdKl\xe8\xe0\xfco\x0c\
Y\x0dCC\xfc\xe4\xfb\xc6|\xe3K\x11\xf3\xb3\x1f\x1b\
\x93\x03]\x1aL\xd3\xf5\xb5;\x8aB\x08 \x02\xd2f\
\xfa<z\xeey1\x9c,\xba\xdbD\x87\xfe\x0e\xef\x0e\
\xe2x\xa2\x92/\x86\x01\x93H$\xda\x93\xc9\xd4#\x03\
\x03\x03\xac\xffQ5\xc4\xf0Q1\x8e\xf0\xdbC\x05(\
\x0f\x9b\xfc\xaeO\x9aR\xdf\x03~\xcfG\x83rh\x0d\
\xf5|\x0a\x00\xe4*SI\xa7\x1fF\x05\xcc\xab\x01|\
x\xca+\x87\x93\xfe\xd8\xb7\xb1\xc6\x8fHz\x1fN\xfb\
\x151\xc4\x94\x11v\xdf\xdf{\xe6\xb9g|p\xfc\xfc\
\xdf#\xe6\xa5u\x9e\xf9\xe0\x87\x8c\x81&\x17\xfc\xc9\x1f\
F\xb5\xf9\xb2\xa8\x01M\xa0R6\x91\x01\x80\x00\xe1\xe5\
\xe9\x98\x13\x10=H\x18\xbd\x9f\x9a\xa0\x1d\x97T\x1e\xe9\
\xec\xec\xben\xc1\x829\xcf\xda\x82\x1cqK\x00}\xa4\
s\xb5\xc2\x7f\x18\xf9\xb6\xbby{\x14\xfe\x8e\x8f\x9bR\
\xcf\xb7AF\xd7\xa4\x94)\xfc\x1c\xecZ=_\x1b\xdf\
\xb5\xc1\x1f\x08\x01\xf48zuo\x8f1\x1b7\x18\xd3\
\xbd\x17=[\x84\xe0\xe3G\x04f\xd9%\x8eu\xc7\xd1\
-\x9e\xfc\xb5g\xd6AA'Q\x8cd\x02\xd7F\xa0\
\x88\x9e\xfeM\x04\xb4\x88\x89\xc7\xd1\xcb\xa1M\x82|\x10\
O\xdc\xcc\x9b\x06A~\x182C&\x02\x82\xc1/@\
\x03@\x13\x00e\xd4@\xd4\x04\x98\x13\xb477\xa7\x1e\
\xc6[\xc4\xf3$\xdeQ\xf8s\xc45\x80#\xfc\x0e\xb7\
\xbe\x22\xfc\xed\x9f\xc0:\x1f/\xfcp<[\x0c\x85O\
\xb5\xcf\x86\x85\x15q\x07`md2\xd2\xed\x1a\x02\x02\
4\xf6\xfc\x1fc\x8c\x7f\xe4\x912\xde\xd4\x19\xbc\xb65\
\xe6\xea\xab\xa3\xe6\xadoE yh,/\x0fxh\
B\xc4\xc8\x9eNdk\x05*!\x88\xc2\xb9\xc0\x8em\
\xc6\x5cp\xb1\x8d\x07K\xcch\xd4 =)\x93\x94\x9b\
 \xb0\x9a\x00\xcc\xe5\xe9\x1f\xc5_\xa2\xd9j\x82d\xaa\
\xdd47?\x8c\x8fU\x1c\x959\x01\xebz\xc4\x8c\xa3\
\xf6;\xdcLE\xf8\xdb\xd0\xf3{\xbf\x032{>\x0c\
\xda(\xe8\xf9\xf4\xa3\x91e|E\x8f\xaa\xb4\x0d{#\
\x1b\x9b\x0f\x85\x81'\x8e\x9am\xfa\x9dg\xbeu\x7f\xd9\
\xf4\x0f@\xe5\xe3.H_\x9f1\x0f<\xe0\x99\x0d\xeb\
\xfd\xf1\x1e\x9c!\xc3\xa8b\xe0@\x8aa\x03\xf0q\x85\
Q\xc2e\x22\x19:l>\x92\x1f9\xd5\xafn\xdaL\
D\x12%\x08\xa0\x09\xfa\xff\xd6D\xfb?\x072\xd3\xa2\
6\x80&\xc0p@M\x90L&\x1f\x01\x08\x8e\xf8\x9c\
\xe0\x88\x01\xc0\xe9\xf9\xedl\x1b5\x81\xf0{\xd8\xf3!\
|\xeaeW\xf8l@G\xb0AC;4*\x86\x00\
\x14\xceDo\xdd\xf3\xfeR\x8f\x93;\x0a\x8f6>\x09\
`^|\x01\xd34\xca\x04I\x8b|\xd4FB\xa2d\
,Q\xc3XV\xe1U\x02m\x05\x5c\x10H\x07\x8c0\
\xfaN\x01@\x08\x04\x10\xfa\xe0\x97\x01\x82\xbf@\x10\xb4\
B\x04\x13E\x0b\x82\xc4Q\x02\xc1\x11\x01\x80#\xfc\x0e\
\xdb4\xbe\xc51\x7f+\xc7|\x0a\xbf\x11\x8d\x87\xd6B\
\xc3\x06=\xdf\x11\xf2X `oo\xc0\xc4,\x89\x01\
\x8d\xedM^l\xc4\x99\xa1!\x7f\x18\x08\xa4l3\xcf\
\xa3\x17K^\xd6\xaf\xe1*_\xf5W\x043\x92\xfc\x97\
pev\x05^\xcb\xcd\x02\xb1\x95\xa5.\xf0xx}\
<x\x9f\x0f\x02.K-\x08\xf0\xb5\x12\x93\x88\xfb\x9a\
\xa0\xa7\xa7\xa7\xe2\xd5\xb7\x96\xe4\xf0\xdb\xe3\x0e\x00\x08\xff\
\x22\x14\x9bK\xbd\x8eP\xf1!\xfc\xdc\x16\x8c\xf9\xdd\x10\
\xbe\x81\xf0i\xd8\xf3\xb3h$\x0e\x91\xda\x98\x95 \xa0\
_\x1f\xf0\xb0\x02\xaf@\xd5\x7f\xff\xc7e\xf3\x9f\xbf-\
\xe3\xe5\x8b\x9d\xe81>\x8c\xb5\x82\xe4\xe8\xa7LH\x10\
\xcd\xe1\xf00\x00\xe5E\xfatPQ\xfb<\x96\xddO\
K\x886\x92\xbaC\x0cN\x98\xd2iC\xfb\x88!\xc8\
\x09\x82\x01\x80\x00'\x99\xa8\x09\x5c\x10\xc4\xe3q\x0e\x07\
\xdf\xeb\xea\xea\xba\xd2\xc6\x18Wk\x5c'\x81h\xcc\xb7\
\xa0\xf4\xdf\xc63'T\x0b\x5c\xcf\xcem\xa5\xf01\xe6\
\xf3v.\x0d7Y\xb8\xc3G\xe1\xc2\x0a\x196t%\
\x0d$\xaa\xf1\x87\x1f/\x99U\xdf-C\xb5c\xdc\xc7\
}\xcfs\xce(\x9b\x8f\xdf\x117s\xdb\xc0\xc0x\xd6\
\x92= M\xc3\x15\x9c\xcf\x22\xbc\xa2\xfe\xc9\x8fpu\
k\xb0\xda\x92\xa4\x03@\xcdC\xc2\x99\xbe\xcdS\xca\xeb\
\xba\x19\x06\x10\xf0\xe5\x95\x14\x83 \xe8\xbf\xcf\xc4\x00\x88\
R\xebg\x807\x8eS\xd8\xfc\x82zJ$\x13sq\
\xec\xfc\x01\x80\xe0\xc6y\xf3\xe6a\x07b\xfc\xcc\xb8i\
\x00+\xfc\x07Q\xf4j\xe1o\xfe\x84)\xeeu\xd4>\
\x84_\xceE\xe5@G0\x96\xb3\x07JoA\x0al\
H6:m\xfb$\xd0^/\xbf\xe2\x99\xef\xfc+f\
\xd3\x05\x1e\xd1\xf6\x97|k\x9f\xf7\xcc*\xd0\x02Y\xab\
\x10lTXA\x1a\xaeS\xd9\xc4\xb6y\x044\xeb\xd0\
0-\xa3\xa4U\x99H\x10\xc9\xe6\xe3\x86\xa3P\x918\
\xe7\x19\xac\x1b\xea\xcbM.\x80 \xda\xfb\x97(/\xe6\
\x04\xd80b\xc1\x09\x02\xdc<jmhh|\xa0\xb7\
\xb7\x97\x9dh\xdc\xcc\xb8\x00\xc0\x0a\x1f;9\xa65T\
r\xaa}G\xf8\xd2\x108\xc5C\xe1W\xa9}\xdb\xcb\
t\xf7Nx\xed\x04\x8fn\xfe{\xe1e\xcf\x0csw\
\x0e\xd1\xa5\xdd\xd1x\x09h\x81\xf5\x1bA\x87F\xf0\x95\
\xb8#o0\xa9|\xe8\x90^\x1e\x10\xfc\x92\x0ap\x94\
F\x9eP\x05\xac\x9f\xc4\xca\x87|.M\xe3\xb9\x09\xd0\
mA \xc1\x048\xae\xa0Q\x13D{\xfeJ\xca\x1b\
\x80\xa0P\xc0\xa45\xda\x8a]\xc3\x07\xc7\x13\x04\x87\x1d\
\x00\x8e\xf0\xa9\x84G\x0d\xd5\xfe&\xf4\xfc.\xed\xf9\x08\
\xaa\x1c\xf3+zy\xd0\xa0\xae\xca\xb5n\xee\xd4\x0dg\
\xfc\xa5\x99\x9f\x09Z\xd760\xdf\xe8\xc9[=\x09\xb0\
\xf4\xd1\x92X\xc1\x93\xd97t\x89OY\x11\x1f\xf5\x00\
\xcd\xe7\x91p\xdf9*d\xc6\xc1\x0c\x9e`\x14#L\
\xbeS\xa2\xb1\x9c5\xe2\x08\x8d \xc0\xe6\x92\x1f\xcf\x82\
\xa0\x0f \xe8&\x08|M\xc0\xd5\x01>U#\x9a\x00\
\xf3\x82q\x03\xc1a\x05\x00\x1a\xed\xcd\xa8\x14{~\x85\
\xf0\xd3a\xe1\xb3\xe6\x1c\xf33\xa8\xbc;\xe1c\x9bh\
\xc3i\x83\x8ea\xb3\xe9$\x18\x7f\x026:h(\x18\
<\x81\x97$>\xcaHm\x22\xffl\x80\x8d\xe239\
48\xd5\x8c\xc6\x05\x85\xe5\xb4F\xb4\xd3\xc1\x02\x01\xc5\
\x8b$m\xe98\xe9\xa4&\xe8\xfbjM\x10\xe0\xa3\x96\
\xd0\x04\xc9q\x19\x0e\x0e\x1b\x00l\xcf\xe7\x98\x1f\x12\xbe\
W\xe81\xd9\x0d\xb7\xa2\xe7\xe3T\xb7,\xf5\xc0\xc1\xcd\
\x14\xce\xf6]a\xd7s\xab\xc0h\xbb<\xb6\xed@u\
\x8cC\x04/\x05F\x8a\xf4d'Hh\x02\x10F\xf5\
\xfb\xb9\x06\x8b\xad\x1e?8\xc0\x84x\x19\xc6r\xa8\xa1\
\xdf\xf2\x8f\x09\x04\x87/H\x90 H!\x80\xf2\x17\x00\
\x01\x04\xbd\xd0\x04{U\x13\xf8\xfb\x04\xbe&\x88\xb4\x8d\
\x87&8,\x00\xa8\xd7\xf3)\xfc\xdc\xfa\xdb0\xdb\xff\
\x01*\x89Y\x1a\x1b\x81\x13\xbe,\xb2\xd5\x13\xbc\xa4\xa9\
`\xd5\xaeGs\xe9pK\x8f\xb4\xed\xaf\xc2\x86w\xb4\
\x97\x93\xdf1\xf4\x0a\xc9\xe6\x13\xf8\xc9\x03O\x90\x9e\xce\
5\x84\xcc\x002\x04\x968\xa0\xa1\x1dB\xd8\xed\x0f\x0b\
dp\xe8\x9a\x99\xdaN\x98h\x82\x1a `\x06\xbaY\
D\x10\xf8\x9a qX5\xc1!\x03\xc0\x0a\xbff\xcf\
\xcf\xbd\x0c\xe1\xf7>\x81Y\x1a7yPc\x15>\x04\
 \x02\xd3\x86\xa6\xaa\xd6\x87\xea\x90\x0f\xf9\x15\x10\xb4\xd5\
\xed\xd2\xe1V\xa1\xb1=it\xdc\x96\xf8\xf4\x93G\xe9\
t\xa8Q\xb7\xd8\xea\xf1ym\x04\xe5\x944\x95C\xd2\
cYE``\xd1r\x91\x9bL\x96Q\xf9Hv\xe9\
\x81\xdb\xe1\x95\x89!\x87\x83\x0a\x10\xc4\xba\xfe\x0a\x91\xb9\
c\xe8o\x1b\xdb9\x014A\xe2\x81\xee\xee\xbewI\
\xda\x87\xf8\xe7\x90\x00\x00\xe1_\x8d\xfc\xab\x85\x9fG\xcf\
\x7f\xe9v\x1c\xe6\xf8)\x1a\xca\xee\xf0Q\xf8\x19\xf6|\
\xc4\xd0\xca\xd7\xb1\xa5\xf1\xea\x82\xc3\xc6\xb7\x0d\xcf$h\
$)\xd7\x83p9\x97\xc10\xd0%\x5c\xfe\xfa\xcc\x0c\
\x0b\xe8A\xb8O\x13\xa1\xdaD5IF\x157\xff0\
o\xd7(M\x18\x10@\xdb\xba\x15\xd8\xc2\xee\xd0\x03\x1e\
\xa5\xa1iF\x87\x03\x8a%e\x22=_3\xb1\xceO\
\x22\xad\x11\x80 \x01|\xf8\x13CL\x10\xdb\x12\x89\xe8\
?c\xc7\xf0\x0f$\xddC\xf8\xf3\xaa\x01\x00\xe13\xf3\
\xaa\x09\x9fG\xe1\xbf\x0c\xe1\xf7<\x11\xa8}\x1c\xee\xf1\
\x85\xcf\x86c\x85\xd5V\xb7\xfa\xd5\xd6F\xa9ak\x83\
\xd2.K7D\x92\xe4\xb3F\xa2\x80\xc0\xce\x84\xcf\xfa\
\x84\xc2\xc8\xa2\xac\xdc:\xe6\xbb\x81\xd1\xb8\xb8`\x8a\xfc\
\xdbfE\xb0%\x8b\x22\x02\xa8\xca+i\xc2\x17\xf0\x82\
 \xe7\x01\xfd\x800\xa3\xd6A3\xb3\x89h\xb9I\x96\
\x84-=p\xd3O\x104 \x1f*@v\x00L\x0c\
M\xffC&\xda\xf9)\x10\xb8\xde\x85&\xc0\xbf\x12\x8e\
.a\x9f\xa0\x09s\x82\xaf\x1e*\x08^\x15\x00 \xfc\
\x9bP\x5c\x1c\xa82\xf6\xbd-\x5c0\x22|\xf6|\x0a\
\x9f;|\xac\x14\x84\xef\x8d\xa0F\x95=\x9f\x0d\xa5\x8d\
E>u\xab]\x8fF:\x1e\x16|:r\xe7+Z\
\x92hh\xf3\x15.\x8fqE1H\x9f\xb64*\x87\
7\x84\x07\x81\xb4\x13\xd8\x88Y\xba(bfO7\xe6\
\xe2\x95Ql\x22\xa1\x88(\x1b\x86X4\xbag.\xbb\
8bR\xd8KH\xe2\x91t\xe5\x8f$\x0f\x00xf\
\xe6\xf4\x88\xec;\x08\xc2\x9c\xb0\xa0\x10Z\x10\x86i\xb8\
\xe3\x1e\x13\x08\xac;\x9a*\xda\x00\x07\x11,\x00o\xc4\
>\xc1\xa3&\xba\xeb.\xbc\x0e\x1f\x05A\x11\x85\xc6\xd9\
\x82F\x01A\xd7\xab\xd7\x04\x07\x0d\x00+\xfc\xfbP<\
\xbb\x81\x0f\x17\x8c\x08\xff\xc5p\xcf\x0f\x96z\xac\x18\x8d\
6\x84k3\xcc\xf5\xd3M\x9a\xd2]\xdbq\xf3\xfc\xde\
\xca3\xa3f\xf6\x0c\x08\x8f\x1a\x06\xf1\xf8\xd0\xfd\xda\xb3\
c\xf2b\xe8\xac\xd7D\xcd\xbb/\x8f\x89\xc0\xd8\xbb9\
q{\xdbe1\xb3\xe2\xcc\x98\xc9c\xdb\xf9\xfaw\xc6\
\xcc\xbb\xdf\x1c3'\x9e\x101K\x00\x8a?zo\xcc\
\x5czAT\xde'\x9c\xbf<bf\xcd\xc4kd\x01\
\x86o\xb7a[\xeb\xec\xd3\x81e\x96\x83\x02\xa2\xd1\xb2\
\xd7s\xd7\x09\x1f\x13\x08!\x100a|\xacJ@\x80\
\xfb\x88e\x0b\x02\xf0\xe03\xb8>\x08R\xaf^\x13h\
5\x98\xcb~\xcd\x98\xc2\x7f\xc1\x0a?\x86\x9eOC\xa1\
p\xb6\xcf\x06\xb0\xb9\x88\xc5My\x87&\xbcc\x95b\
\x8c0\x9e\xdc\xf9\xf9\xb3%\xf3O\x8f\x15M\xff>(\
L\xf4\xda\xd7\xad\x88\x99[\xafK\x98&G\xfdo\xda\
^6;v\x1b\xb3`\x9e1\xa7t\xf0D\x0e\x8a\x80\
2\xf0\xd0'\x8f\x81\x8d\xe0x\x18m\xc6\x91\x0d$\x84\
q\x18x\xe6\x85\xb2\xf9.^2u\xed\xf5\xcc\xe2\x13\
#\xe6\x9a\xb7G\xcd\x19\xa7@\x05\xe3>@\xa4\x99\x95\
\xb0\xc6-\xe3\xfe\xdc5\xc2eE!\x8d\x82\xf4\xdcp\
\x00\xad<\x82\x82)\xe0\xf8\x9d\xa2Y\xd7\x98\xf2\x89\xf7\
\x18\x0f\x13k\xb9\x85\x84b`u\x00w9S\xcc\x17\
oo\x9b\xd7v\xbf\x16\xeb@l7\xbb1\xf9\xc7\x12\
~\xf6\xf9;\xf0Jw5u\x97_\x01\x0a\x9f\x13\xbe\
JS\x99\x9b\xe3\x17\xe7\xab\x00\x07_\x08Q\xf8;\xba\
\xa0\x9e[\xd0\x93\x17`\x94Dbz\x9a\x87\x0d\xca\xb1\
\x9e|\xa4\x15\xd9\x98\xaeA\xb8\x9f\xb7\x0f\x0a\x06Q\xb4\
\x04\x08\x8f\x93erxx\x9a\x08\xfa.\x85!\x99\xc3\
E\xb4\x193s\xae\xdfi$\xb2\xef<`w\x9d8\
\xee\xa9\xe5 -\xe4W\x0d\x82kMy!\xbeQ\x10\
\xc5\x87-y\x0bI@\x80w\x0b\xf8\xfe5\x0e\x98\xdc\
\x8e\x17H\x07\x0c\x02\xb7(\xb6\x16\xd5\x96\x15~\xcd1\
?\xbb\xeev\xac\xf3\x9f@\x0b[\xe1CeV\xf6\xfc\
P\x8a\xb5r\xdc\x0fM\x1a\x86\xed]\xc9\x07?\x85\xc4\
w\x01T\xd5\xfb\xd2x\x07\x80\xde\xac|!v\xeb\x09\
\xd1X0%X\x9b\x8d\xd9\xd4\x181\xcd\x108\xbe\xf9\
 \x9a\x01\x9aV\x1aYD\x0e\xbe\xe8t\xa0\x08\xf9r\
\x9aV\x19\x9fI\x06\xb4\x03qW\xe4/Q\xe4\xd5%\
]0\x0cW\x10\xc0\x16\xe3Q\x13\x00\x04\x8b\x5c\x10\xe0\
\x90\x0b\x90^\x06\x08J\xa5\xf2mmm\xb3\xbfm\xb9\
\xc7\xb44\xfb\xbaLc\xf6\xfcuw\xe0\xad\x9e\x15>\
S@\xcf\x97\xed]\xba\x99r-\xa1i\x18m\xd7\xd4\
+I-:h$S\xf8\xeb\xb7\x96\xcc\xcf0\x0c\xbc\
\x803\x01}\xfbp)\x13\xb2\xa1\x06`\xb8\xa8V\xba\
1\x99R\x1a\xb3\xd40\xda\x0cP]%\xfc Q[\
p\xb2w\xc6k\x22\xe6\xc2e1s\xcaR\xe1\xf4\xb5\
\x0a'\x983\x90\x09\x8dO\x86u\x88@\xb0\xe9\xb8i\
J\xf2.\x10\x90%'\xd3r\x17\x92\x81\x04\xc1l\x05\
\x01\x87\x03^OwAP\x04\x08\xda\xf6\x0b\x027k\
\xc9\xdf\xfd\x83\x04o\x84\x9f\x13\xbe\x8a\xd9~\xb7\xc9\xac\
\xfd\xd0h\xcfg$\x15\xfe\xa1\x08\xbd^i*\xe8\xf4\
\xf2\xf5\xf9\xbf\xfe\xach\xee\xffA^z=\xc7\xec(\
\x06u\x09c8\x1c\xae\x9b>\xa5\xb1\xb8\x12\xa6<\x08\
\xa0\x9fFy\xa8\x09\xd8\xf3\xa9\x05.\xbf(f\xae{\
[LN\x1dyX\xa6\x85\xc6\x7f\x89$Q\x91\xc6A\
\x00A3t\xe2\x07\x85pip\x07C\x03A0\xec\
\x82 \x03\x10\x5cg\xca\x8b\xf1}c\x99\x13\xf8\xdf'\
\x10MP*g\xf2\x85\xfc\x9fb8\xa0\xfc\xea\x1a\xb7\
\x18!&\x08\xff} |\x03OH\xf8xw+\xc2\
/v>\x8a\xae\xe2\x07\x09*\xa9z)|5\xf5R\
\xae\xa4W\xfa\xeb\xc5w\xf8x\xf4\xeb\x87O\x16\xcd\xe7\
\x1f\xc4w\xfc\xd0[y$\x8c\x86o\xd0\xc8&\x8f\xe5\
W7C\x84\x84?B\x13~\xc6\xa2\x1f\xff\x1c:\x19\
\x94\x87@\xe0\x12\xf1\xb2\x0bc\xe6\x16\xac\x12\xe23\xa1\
e0\xd9\x0c\x0c\x19\xd5\xd8x\xd2\x10J\xaf\xb4\xc9\xab\
\xb4z\xee:\xe1:\x14\x96\x870\xde\xf3`\x09\xf9\xb0\
*(\xcf\xbb\xcdx\x8b>\x87\xf3\x14\xbc\x90\xca\xfd\x0a\
\x0f\x9d\x01=\x04.\xac\x14nkmm\xfd:\xb3\xaa\
eT\xfb\x85\xc2\x90\xc0\x89 \xfc_<a\xe1\x83P\
\xec\xfd\x8d)v\xfe\x1b*\x81A\x12\x8d\xc3S<\xa2\
\x9a\xb0\xb7\xafK\x1b\xb1\x9d\x9d<\x01\x06\xc1\xc1\x87\xda\
S\xdd\xeaW\x9a\xdaJ\xaf\xc1\xc7\x99\xfb\xde~\xcf<\
\xf0\xa3\x82$E?\xa3\x89A\xc55\x0a\x97\x84\x81\x11\
\xb7\x1f&\x0c\x08\x10>\xcb#!p\x0b\x8d\x91\x1c7\
\x1b\x99g\x0c~\xf5L\xd9\xfcjM\xd9\xc40\x11\x1c\
e\xacv\x130\xb2\x0d\xa5\x89U\xda6}I\xa3\x9e\
[\xdb\xa1\x22\x5c\xda\x15\x05\x8aNC\x0eX\x89\xc8n\
&\x97\x88=\xe8\x8c\x99\x8dP\x81\xfen!;B\x19\
;Y\xb1(\xef7\x99\xff\x86\xcf\xd5\xcceR\xb5L\
M\x00\x80\xf14<\x04A\x95)\xf5=\x05\xdd\x98G\
-\x916\xd5>TR\xb0\xc9\xa3\x05\xd7J\xd3\x8f'\
\x04\x0c\xc4\xd3C\x1e\xfe\x96\x17x\xc8O^\x1a\x8d\xab\
4M\xd3\xda\xb8\x93a\x9ez\xb9dv\xf6@\x18(\
=\xd9\xf8G\xa3!3\x9fF\xb2\xa53\xaa\x0f\x08?\
L\xe2\xf8\xd1\x84\x07Ndo\x99-]\xbd\xe4%\x08\
\xd8\xab~\xf0\x8b\x92I\xcbA\x13\xc6\x80a`(1\
\xa1\x0aM\xea\xcc\xae\xae<u\xf8j\xc6\xd7\xb4\xb5\xee\
\xea\xb76\x9b>\x02\x10\x88&\xc1\xc9\x22\x93\xef5\xd1\
\x91\x97\xa1\x0d9\x0e\x92\x0c\x06<E\x80\x00\xee\x131\
$,f\xd4Z\xa6\x1e\x00\xa8?j\x9b\x22t=K\
\x80\xfc\xe5\x9b<\x9c\x99\xba\x95\x94\xd6>0\x9a\xbf\x1f\
\xefh\x8e\x90\xd6p\x1a\x8fi\xd2 \x9f\x22\xd4\xf1s\
\xbf\xe3XgI\x8e\xad\xc5\x08\x02}\x96\xe0\xaf\x9f\x0c\
@\x00F\x1bM\xc24-\x82@5\x87\x84[&Z\
\x5cit\xee\xf6\xcc\xcb\xeb=\xc3\xe3h\x02XM\x84\
v\x1d7\xb5\x81j\x04\x02V\xe6*\x94\xcf\x18q\x82\
\xb4\xc0\x16\xf0)\xbf\xe6\xe3\xcbx4\xbc4h\x87@\
d\x82\xff\x04m\x0c\x85\x06{\x1f^\x22\xedeR\xb5\
\x0cXk\x99<\xb6M\x0c\x0eUW\x9bH\xd3Bd\
\x8ad\xf1\x9fj\x88g\xdc\x82\xc6\x803(0[\xdb\
\xf5\xd3]\x0f\x1c.\x9f\xe5\xa9\x05\x0e\x02/\x87\x9bB\
\x9bvQ\xbd1yF\xf4\x93\xa5\xad\x82\x0c%\xe7\xb3\
\xf8\x9cp\xfb^\xdfA\xb7\xefgl5>@\xe8\x93\
pe@\x83r\x97\xf1\xa5\x0d\xfc\xfd!\xcb\xcb0\xad\
\xa7F\xb0A\x9a0\xe5\xa4\x13\xd4\xed\xdb1q}\x0c\
@\xea\xf4W\x1a\xc2*\x99\xd8H\xfbskY\xc0.\
\xe7)\xd0\x19|\x83w\x04\x0dKE\xe8\x14<\xd75\
\x1c\x06x\x1d\x1d\xdb\xc5\x8f\xe1\xe7n\x90sm\x03\x9d\
Qm\xd6\xfer\xf5\x9e\xc5\xa7\xaf\xe8km\x9b\xdfR\
\x19\x1a\x9fw\x85\xc95,D\x01\xbaP\x0b\x0c\x8e\x5c\
\xfe\xa3\xe5\xe5D/\x99Yc5Z`\x97\xc6\xb0J\
\xba\xfa5\x9e\xf2+\xdd\xfaY\xb9\x01\xac\xf5\x07\xd2`\
$\x0d\xe1\x1e\x96J\x5c\xe6\x91\x95\xe1\xec\xc1\x9c\x17P\
e\xd3\xc8x\x08'\xd95\x8e\xef\x01Qt)\x03`\
|v\xcbX#\x0c\x09p^\xb5e\xabg\xf2\x18\x01\
\xb9\xb9$Y0a\x8d+\x09\xf9\x7f\xa81\xf8N\x82\
\xc7\xd4\x9f\xc7A\xd5_\xfd\x0aKVh\x8f\x81~\x1f\
\x00\xb7\xdf\x0e\x06\x16\x96\xf1\xeb\xa4\xe1$\x17\xe2\xe1R\
\xdbK3\x12L\x09;U-\xcbL\xa4\x05\xb7\xec\xf9\
\xd6\x8d\x89\xa1M\xf0\xca\x18;\x9c\xc3}\xf8mD\xce\
\xe5\xea\x9a\x9a\x008\xf7\x92\xb7w\xaf{\xe6?\x9fN\
%\x93K\xa6M\x9f\x1d\x8a\x1cmZb\x1a\xce\xfa\x9c\
\xc9\xac\xf9\xb8?\x17\xe0z\x8c @e\x04\x04\xb6\x5c\
~#\xdb\xa8\xda@\x1a\xa6)\x92^IcX%\xdd\
\xc6\xe7\x94fp\x08\x02\xc0)`\x1av>4#\xd8\
G#09\xf5\xd9h\xa1,\x84f\x19\x046\x04\x8f\
-\x83\xc4\xd5\xc8HE\x80\xa5a\xa0\x13`{\xba=\
3\x82\xdbE\xd3\xb1O\x10\xa4\x85<\xd5P3\x11(\
\xbc\x8e\xf6\xd43\x9e\xf9\xcdo=\xb3u\xab'7\x8e\
yl\x9d\xd7\xd17l\xc0\x85\xd5^cf\xb7\x22\x0d\
\xd1 L\x1c)\xd8\xbc\x82\x0a0Q-\x8f\xb5\x03\xe1\
K\xe6P\x01\xf1\xd9&\xb6\xf43\xb8j\xd0\x0a\x19\xe0\
\x17N\x98?\xfe\xc4Q\x90\xde\xc1\xdeo-\xee8e\
\x93\x96\xad\x96]\x13\x00d\xcc{\xde\xff\xd8\xb6y\xe3\
\xcaE\xed'\xb7O\x9f\x19:\xe5e\x12\x8b\xaf\x05\xfa\
\x0b&\xbb\xe6.H\x01\xdd\x81 \xc0\xa2\x80\x85\x0d@\
 \x05\x04\x0d\x95\xf2\xeb\xc5@\xa6\x0c\xa3\x15\xa5\xbb\x16\
\x8d\xe1l\x18\x97\x8f\xbc0\x14~I\xe3\xc0\xcf^H\
\xc1\x08\x08\xb4G3\x1c4F\x17M@\x06\x9a\x80\xd7\
wk\xfa\xdco9\x10\x100\x09\xf6\xfe\xc1}\xc6\xcc\
\xc0K(-#\x93\xe7{\x09v\xe8\x9d;=\xf3K\
\xdc,\xa6\xf0{ d\x1anX%\xe4\x10\xa8\x0f\x1a\
\xdeL\xc2\x0f\x90\x04\x1a\x8b\x8e1/\xbe\xda\xfap\xb5\
UN\x13\xf20h\xffHb\xa6\x89\x9d\xfeE\x13\x99\
}\x19:#6\x86\xd0\x1d\xa8\xfdb\x18\x9a\xbbvo\
}6\xd3\xbb\xe7\xaf\x85w\x8c?u\x01p\xfe\xf9\xaf\
\x7f\xe5\xe9_\xff\xfc\x9a\x1d\xdb~\xff\xe8\x22\x13\x01\x08\
\xc2'\xbc\x93Kn`\xeb\x9a\xdc\x9aO\x01\xc5>\x08\
\x22M()^V\xc9\x8d^\xdb\xe6lt\xbfq\x95\
\x80\xd2\xb0B4 \xd9~\xe4\xd3\x94E\xc3\xd5\xb6t\
Zi\x9c\x04\xe6X\xcc \x0d\xa6#\x90\xb1u+0\
\x98\x0d\xcb\xc9\x13\xbc\xbe\xdb\xe7\x95\xb8\xc2K\xe8P\x00\
`s\xf2a|\x1f aM\xc0\xaf\x84\x0cC\x05[\
V\x99\x10\xf2\xe2\xe9\x0b/\xf9\x82\x7f\x1e6?=C\
\xa1s\x98\x10>\xfc\xf1\xf1L\xedeL\xfb\xbc\x88\x99\
\x8b\xdb\x12\xbc\xbe\xa6eb\x19h\x82\xf6\xf0=~%\
\x19\x7f\x18\x13:\xae\xb8h\xac\xf0\xe3g~\x11?v\
v%&\xe3\x18\x06\x10\x93{\x22\x11\xdc\x5c\xed\xde\xb3\
}K\xae\xbf\xe7\xe6SW\xbe\x11\x17\xe3\xc76u\x01\
\xc0h\xe7_|\xe9\xda\xe7\x9e\xfe\xf95;\xb7mz\
\x14\xa3~\x95&H\xb6\xbf\x1f\x5c\x98\x98={\x97\x0f\
\x02\xe8\xbeH#[\x12\xffy\xad\xdb\x96W$\xa5n\
\xb7<\xd2\xe8N\x00\x1b]\x8dD\xb7\x04Zd\x83\xcd\
M\x99\x22\xbaZ\x0cPW!\x0b\x97\xf0\x88(\xfd\xa1\
\x15\xfc\xec\x912\x1f`\xf4:  \x8f\xbf\xd3\xb6\x7f\
\x10\xb0h\xdc\x1d\x1c\x01\xc8\x898\x8e\xf3\xbf\xc5\xfe\xc0\
\xf7~T6\xdb\xb6S;\xf9\x13>\xee\x1bT\x1aN\
\x1c\x09\x5c\xbeU\xbc\xf9\xa6\xa8Ib?\x81i\x05\xc6\
\xd6\xaf\x0a\x08\xac\x07z\xbd\x9c\xa9 \xb3\x15~\xf2\xec\
\x7f0\xd1\xb9o\x01\x88\x90\xa9\x08\x9fS\xbf2\xae\xb5\
o}~$=\xf0\xbe\xd3\xce\xbd\xe4\x95 \xed1\x1c\
V\x9f\xd4\xe7X~\xfe\xa5k\x0b\x852@\xb0y\xf7\
\xbe\x81j@%\xdbo0\xa9s\xefA{\x8c\xd6\x88\
\xa7Z\xe4\xdc;a\xcf\x87\xc2q\xdd\xf4\xeb\xa3\xe1\xea\
W\x1b\xf4\xd0\xfe\x01\x96\x88<+(=\x93\xd1\xad\x83\
\x02\xa4\x91h\xf8\xe3\xcf\x07\x18\xee\xd3\x19.a\xc2\xe4\
\x87J\x90\x0d\xb7d\x89\xa7\xf4\x80\x9f\xe9\xc2\xe3\xfb\xfd\
\xb8|\x1b\x88\xdf\x9e\x96\xb9\x07\xd5\xf8\xbf\xe0Z\x1a/\
\xa2\x94\xc1(j\x1e\xc5\x9486\x1e\xab\xc7acZ\
3~\xd1\xea\xaa\xa8\xf9\xd4\x9dQ\xd3\xd1\x0e\xe1\xb3\xf7\
3a5\x15n\x01\x02h\x22|\xf6|\x86CeD\
\xe23Mj\xd9?\x98\xd8\xbc\xb7\xf8~\x04\xe1t\x10\
:\x84g\xf6v\xfe\x1e\xc2\x1f\xbe\xfa\xb4e\xaf? \
\xe13\xeb\xfd\x02\x80L\xcb\xcf\xbfxm\xbeP\xf8\xc3\
\xce\x9d[zk\x82\xa0\x83 \xb8\xbb6\x08\xa4\xe0H\
\x84\xb6\xba+\x85N\x7f%\x0d\xa4J\x9aL\x98\xacZ\
\xd1\xe4\xc8\xa6\xc2\x16\x1a\xfeT\x82`T\x88>\xb3\x16\
\x83\xe5\xa1\x9b\xc6\xe7\xb11-=\x1c\xe6\xa7K\x0e\xb4\
y\xb0/\xb0\x1bg\x05\xf8\xf5\x10\x1a\xbf\x1c\x9a;\x8a\
\x8f:Qc\xad<7b>\xfd\xc9\xa8\xb9\xfe\xda\x08\
^2A\x83\x01\x10\xa3\x19\xd7w\x8b\xf09\xdbg\xdb\
\x001\x91\xf8\x0c\xd3\xb0\xfc\xcb&\x0e\xe1G\xd0\x18\x5c\
\xe1p\xcb7\x1a\xc1\x99\x85\x9d[\x9eO\x0fQ\xf8\x17\
l\x01\xf7\x01\x9b\x03\x02\x00S[q\xfe\xeb\xff\xbd\x98\
+|`\xcf\xaem=5A\xb0\xf4\xfd&\xb5\xd2\x82\
\x80\x07\xea`8\x1c\xc8\x91g\xb6d\xe5\xa3Bw\x05\
\xafn\x0dc\x1c\xd7\x0d\xbf\xec\x0f0q\x18j\x017\
Y\xa1I\x08\xb3\x1b\x0d\x13\x12\x19a\xc4\xb2\xf14;\
\x1bt\x80 `\xbe\x18\xdf\xd1r\xbc\x95\xcc\xf1_\xd3\
e:\x0a\x82\x22f\xaa\x9c\xf5\xdf\xf8\xbe\xa8\xf9\x08\x96\
|\x8b\x17\xe2@'xm\xd3\xf8\x05\xd1\x02\xb8\x09X\
7\x97y2\xe63Q\xbc\xf3\x17\xe1\xaf\xa0\xf0\xaf\x10\
\x00R\xf8\xfc\xdcL\x14\xdb\xb0{v\xfd~Szh\
\xefA\x0b\x9fY\x1d0\x00\xc8|\xf6\xca\xd7\xfd$_\
\xcc\xdd\xb8{W=M\xe0\x83\x80_\xf3\xf4PS\xaa\
p^\x07\x10\x10he\xa5\x95\x90X=[\xf9h\xab\
[\x1a\xc1\x8f\xc3]8\xf6\xc0 \xba\x82\x00\x04\xd2h\
F\x87\x05\x80\xc0\xd2\x85\xdf2\x88U\x11\xcf\x06Y~\
\x1f<L\x90\xf4\xe0Ay8\x97\xe4\xe4\x8e\x13\xb8\xcd\
\xdb\xb0\x22!\xd6-\x1f\xf3&/U\xfe\xac\x99\x11\xf3\
Q\x08\xfe*|\x8e\x86`\x91\xa1\x9a\x814\x9a\xa0\xeb\
v\xc2\xaa\x85?\xd34\x9c\xe7\x0b_\xe2\xe3\x8f\xf4~\
\x08\xbfk\xf7\xe6m\x99\x91\xc1\xebO[v\xe9\x16\x0d\
;\x18\xfb\xa0\x00\xc0\x84\xcf^\xfe\xba\x9f\xe0c\x87\xa2\
\x09\xfa{\xb9a\x186Ih\x82\x86\x95\x9c\x13@/\
\x12\x04\x0c\x06\x08\x0c\xce\xbdK\xefu\x85\xaa\x0dQ\x8b\
\xa6a\x8e\xcd\xde3\xbb\x99;\x5chC\xc6\xb1&\xd0\
\x04\xe0%;\x8d\xdf\x13\xe9\x1f\x1b\x04\xca\xab@\x09\xfc\
\x12\x93\x099i\xc2\xcb\xe5\xde,\xec\x01\x0ca\xa6\xbf\
m\x17\xdf\xbf\xfb\xe1\x12\x1f\xbc\x9c\x08v\xb4G\xcc\x9d\
\x1f\x89\x99\xf3\x96E\xe1GOv\xca\xca\xf4\x02\xa3n\
\xb5\x11\xc0\xd9\xbe\xcc\xf8\xd1yx\xda'\x92\x9c[%\
|?>\xd4~\xe7\xe6m\xc3\xe9\x81k_s\xc6E\
k\x824\x0f\xd2q\xd0\x00`\xfa\x04\x01\xce\x1e\xdd\xb4\
w\xcf\xce\xde\x81Z 8\xe9\x06\xd3p\xbe3'@\
\x05}M\x80\xc8R1V\x0e\x8f\xba\xc5FP- \
84\x02`\xde\xf4\xa8iJB\xf1!\xcd\xb0\xd0\xfc\
^\xab4\xb6)\xdd4c\x81\xc0\xb2\x88\x5c4\xae\xc4\
a\xfa\xf6\x1f\x03\xc9\xc7\xa7\xb1!b\xe6\xcf\x89\x98\xfe\
A\xac\xb5\xf1B\x8a\xab\x0c5\xec\xf9g\x9e\x1a1\x9f\
\xf8P\xdct,\x8e\x18|\xf4\xc3\x96\xd1\xaf\xab$@\
fML\xdd\xd6\x96\xd7\xbcCH\x90\xe1x\xe1\x16i\
Xd\x1a/\xbc\xdf\xc4\xe7_A\x8eQ\x03\xf5\xb3w\
\xd7\xa6m\xe9t\xff\xb5'\x9f~\xe1\xb3\xa3\x01\x07\xef\
zU\x00`6\xcb\xcf\xbb\xf8\xc7\xc5\x5c\xf1\xc6\xee\xae\
]=\xfd\xbd{\xaarN\x12\x04\xaf%\x08\xd0]9\
\xe5E\xa5\x82\xd5\x816\x80\x0aWlV\xbc\x060\xc0\
\xab\x9a\x83\x93\xaa\x19\x10\xc0\xe9\x0b\xa2r\xb6O\x92a\
\xb8\xcd]W\x06*H\x0dgp]\x10\x809\x88O\
\xbePz~\xda\x1a\x97{\x00'\xa3w\xcf\xc2Dn\
\x07z?\xc7\x7fnEs\x05@\xf7y8I\xfc\xf1\
\xdb\xf1q\x0al\x99p\xf2'\x86\x89\xdbzr\xfaH\
\xd0\x872$\x13x\x82\x09\x1f\xf9)\xfc\xc6\x85\xa6\xe9\
\x82\x7f4\xb1\xd9\xe1\xefFq\xcfe\xcf\xceM\xdb\x86\
\x86\x0e]\xf8\xcc\xfaU\x03\x80\x91\xcf\x02\x08\x0a\xb9\xe2\
\x1f\xf7t\xed\x1a\xee\xef\xa91\x1c\x00\x04\x8d\x17\xe1K\
\x99\x09\xb4\x98|^\x0b \xe0\xc4\x90\xbbb\xach\xbd\
\xc7\x05\x06\x97\x7f\xd2h>8\xe2\xe8r\x17\x9db\x17\
\xda\x9a\x8c\xb5Y&\x0a\x83F\x05)Y\xf8$d\x87\
\x7f\x967D\x07\xd1\xb2\xf8E\xb2<\xe1t\xfc7\x85\
+p\x14\x9dk\xf8\xbdX\x11\xeb\xa7c)|\xde'\
\xf8\xe8\x07\xe3f\xfa4;\x1f\x06\xa0\xbc\x00\x00\x10\xb9\
IDAT\xdeKd\x16\x84\x0e\x18\xda\x0e\x10\xa4N\
\x96\x1e\x12>\x04,\xc2\xbf\x90\xc2\xe7Wt\x1d\x03`\
\xec\xa5\xda\x1f\x19<\xe4\x9e\xaf\xa9\x1e\x12\x00\x98\xc8\x99\
\xe7^\xf4x\xb1\x5c\xfcP\xcf\xde\x9d\xd9Z Ht\
\x5cc\x1a_\xff%\xcc\x01p\xc8\x9e \x80\xa9\x09\x02\
\x15:\x1bj\x8c\x87=\xeb\xc2\x93\x12f\xe1l_\x0b\
0=\xb7\x8d\xe9?\x18\x100[\x1a\x99G(x\xc4\
\xef\x14\x03\x19p\xb27\x1f\xbbw\xe7\x9f\x8d1\x1a\xee\
>\x0c\x01\xdc\xd8\xe1\xbe\xc0[/\x8b\x9a\xdbn\x8c\xcb\
\xc9\xe1`sG\x0b%\x89\xf3\x8f5\xb6nb\x01\xd8\
!\xe1k\xcf\xbf\xa8F\xcfG\x18'|\xe9\xf4\xe1\x13\
>Kt\xc8\x00`\x22g\x9c}\xe1\xfd\xc5b\xf1\xf6\
\x9e\xbd\xbb\xb2\xb5&\x86\x89\x85W\x98f\x05\x81L\x87\
\x01\x02l\x1b\x07\xab\x03\x15>mu\xdb\x86r{\x0e\
\xdd\x1c\x06\xe6\xb4D\xcd5+\xf1\xe5mL\xf7u\xc6\
\xaf6\xa3\xd1\x046\x1ct\xcbc\x89\xae&\x904%\
\x86\xf2\xf8La~\x7f\x17\xef\xca7\xc4\xcc\xdc\xd9\xb8\
\x17\x00\xc1\xf3X\x1a\x97y\xbc\x5cr\xcb\xfb\xe3\xe2\xd7\
\x15\xc1h\xe6nA*\xdc\xa8\x87\x87\xf1\x9e\x8f\xf0S\
\xf8x\xd5\xdetqm\xe1\xef\xdd\xbd\xa5'\x93\x1d\xb9\
\xe1P\xc7|[\xd5\xc0B\xee\x87\xcf\xbc\xf2\xe2\x937\
\xc7b\xf1\xaf\xcc\x9esB\xe3\xac\xd6\x13\xaa\x12.\xee\
\x5cm\x86\x7f\xf1_q\x86\x1b\xaf\xca\xf8*\x19\x86k\
]\xf9,\x1c=ni\xe8\xa6\x14\x5c\x9a\xe5\xe1\xc4k\
$\xef\x99\xbbV\x0d\x9b\xe7\xb6\x15M\x0a\xc7\x84\xb8<\
\xa3\xd1I\x19\xbd\xb2V\x16*\xdd~R>\xdd'\x22\
V@g>\xda\x1b\xc8\xc3\x00\xe1\x85\x93=\xfd\x8c\x93\
\xa2\xe6\xb3\x7f\x924\xcd\x5c\xd1 \xa0w\xc0\x937\x83\
g\xe1\xa2\x88\x80\x85q\xd4H\x02\xd6S\xc7\xcd\x09\x9f\
\xe19J\x86S\xf8\xd3 \xfc\xd7A\xf8\xad\x15c>\
\xf6\xf9{\xf7l\xedK\xa7\x87o\xec8\xed\xbc\x1fi\
\x16\x87\xcb\xd6:\x1f\x96\xf4N=\xeb\x82o\xe5K\xc5\
;\xfa\xba;kj\x82\xf8\xc2\xcbM\xf3\x1b\xecp@\
M\x80^\x10\xda,r{\xbf\xbai\xab\x9b-\x0d7\
Up\x0b>\xf1\xfe\xf177\x9a6\x5c\x06)\xc0\xcf\
 \x1aW\x13\xe8\xf2\x90\xf4\x9ac?b)\x9d\x090\
.\xd3\x91\xb4\xecp\xc0\xb4yD\xfc\xd6\xf7a|\xc7\
\x09Ij >\xadX\xe7\x9fs*\x86\x03\xb8e\xf5\
\x02\xdb\x8fhmI\xa4\xb6\xbb\xbc\xcf\xdf\xdb\x97I!\
\xdaAz~=\xe1wm\xed\xcbf\xc7G\xf8(]\
\x00z\xba\x0f\x8b9\x03 \xc0I\xd4\xdb\xfb\xf6vf\
\x0701\xd4\x99\xb9&\x1e_t\xb9i\xba\xf4Kx\
\x7f=\xcb?\xc5\xca\x09\x1e_%c\xdb@\x97\x85\xfe\
\xa4\x0f4\x95\x06mm`K\xe3\x5c\xe0\x94\xb91\xf3\
\x99w5\x9bY\xd8\x1b\xc8\xa3\x97Z\x99\x8d\xdaL\x02\
\xc4@\x16\xd6!I(Qx\xfc\xac\xe0\x94\xb8\x12\x0e\
7_=\xb7`\x0f\xff\xcf\xfeK\xc2\x9c\xd6\x1e\x15M\
@\x1e&H\xc1\xcb[I\x96_\xba\xb1O\x0f\xcal\
\xf9F3'\x01\xf1(|\xdd\xdb\xc7\x9e0\x85\xdf\xf8\
\x86Z=?o\xfa\xba\xb6\xf5e3\xc37.:\xf9\
\xf0\xf7|\xbf4A\xc9\xd5{\xf8\xecW\xd6=}s\
<\x19\xfd\xea\xf4\xd9s\x1aZ\xe7\x9c\x08\x8d\x1aV6\
\x85\x1d\x18\x0e~\xfaa\xb4\xb23\x1c\xf0\xa4\x0b\x1e1\
\xd6\x0a\x95\x084_\xe1\x8eR9\x16?\xbd\xb5h\xee\
\xf9\xd1\x88\xd9\xde\x87\xcf\xc5\xc1\x1f\xa8{'):9\
$\xd0\x84\x87\x09!!]I<\xe8\x11\x04\xd4\x89X\
\xef\x7f\xec\x03\x09\xb3\xf2,\x5c&\x85?06]\xf1\
;\xee\xe0\xfc>\x03\x94\xee\xd8\xda\xf3%\x0cj?J\
\xb5\x7f\xe9\xd7k\xa8}\x0a\x7fk_&\x93\x1eW\xe1\
\xbb\xc5\x94\xba\x1c\xee?\x1b_x\xf2Ob\xf1\xf8\xbd\
3f\xb5\x99\xd9s\x17\xd6\x07\x81;'pA\xa0\x05\
\xd2F\xac\xe3'\x08v\xf4\x97\xcc}\xbf\xc8\x9a\x9fo\
,\xc8\x8c]\xb6\x8c\x11/$l\xc4W\x10\x04 \x11\
\x9aM\x18\xbd\x99\xb3z\xbe\xcb\xbf\x187\x82>\xf8\xee\
\x84Y\x8c\x9b\xc3\xec\xe9bX\x0e\xb7,u\xdc\xb5\x80\
 \x9b<\xbc&\xcf8\xae\xf0\xdb\xc2c~\xa9\x901\
\x03\xdd;!\xfc\xa1q\x17>\xeb\xe4V\x81\xfe\xc3n\
6\xbe\xfc\xf4\x9d\xb1H\xf4\x9e\x19\xb3\xe6\x00\x04\xb55\
\xc1\xc8\x13\x1f\xc6D\x10\x9a\x00\xe7\xdaY\x229\xf6\xa4\
\x9a\xc0-Q\xad\xd2Z\x1a\x85F\xe1=\xb5\xb5`\x1e\
]\x9b3/\xe2\xe0h:\xc7\x9d:\x7f/^\xf5\x8f\
/x;\xc1c^P\xe7\xfe\x03u\xdf\x145g.\
\x8d\x9a\xab/\x8b\x9b\x95g\xc4\xe40'\xd3\x14\xe3\xe6\
Mw\xa5\xdf\xb2\xb9t\x05BX\xf89\xf4\xfcE\xa6\
\xe92\xf4\xfc\x0a\xe1\x17\xf3\xc3f\xb0gg_\x1ej\
\x7f\xc18\xaa}-*m\xb7\x1a.\xfd\xb0\xba\x05\x04\
Q\x80`f\x1d\x10l\xff\x0f3\xf2\xc4G\xc2 \xe0\
=8~I\xac\xd2\xd4 \x09\x0b\xe8\x0c\xe2\x8f9\x14\
\xb0O\xbc\xb9\xbbd\x9e\xdbY4/u\x16M\xe7@\
\x19`\xc0\x94\xcb\xf2\xd0\xe6\x11z\x0a\xbe\xa5)b\x16\
\xb4\xf9\x82?\x07\xdf\x138y!>*\x01\x1cR\xf0\
\x0c\x0f\xb5\x103P\xa3n\xb5I\xaf\xe1\x96\xa5\x1e\xc7\
|\x22\x90=\x7f\xc6I\xa6\xe9\x92/A\xf8\xe1M\x9e\
Bn\xd8\xec\xeb\xdd\x85_\x9c\xcd\xfc\xe1\xc2\xa5\xcbW\
i6\xe3m\xbbE\x1e\xd7\xbc\x08\x828@0]@\
\xc0\xe1 \x9cua\xfbj3\xb2\xfa\x104\x01K\xaf\
I\xc2\xe6u\xb1\x18\xf2\xc8cj\xcf\xf5\xb9\xac\x0el\
xtnIn\xd7p\x82&W\xcb\xa0=(t\x0a\
\x9c\xafq\x03\xa3\xe9\xb9i\xd7s\xd7\xe0\x95\xa5\x1e.\
\x92H\xb9\xb0\x9c\x8b\xb6\x9ei\x9a\xdf\xf4O\xb8]\xbc\
4\xc8\x82\x8eB.\x8d\x9e\xbf+\x97\xcb\xe6\xefXx\
\xf29\xdf\x0c\x05\x8e\xb3\xc7-\xf68g\x85\x1fp\xe0\
p\x10\x8b\xdd\xdd2\xb3-2{N\x0d\x10lS\x10\
\xe0\xec\xb4\xdc\xc1\x82P\xa8\x098\x1cT\x96\xb4\xd2\xaf\
\xa5\xaf\xa4WD\x8d\xce\xc6\xb00\x8bK\x0ak\x10\xee\
\x88\xdc'2\x0e\x0f\x09\xaaq\xd3\xdc\x9f\xdb\x86\x8b\xda\
g\xcf\xa7\x9f\xc2\x9f}\xa6\x99v\x05\x85\xdf\xa1\xa9\x8a\
]\x84\xf0\x07zvB\xf8Y\x08\x7f\xc57C\x81G\
\xc0c\x8b{\x04r\xb2Ylz\xf9\xd9;\xe3\xf1\xe8\
\xdd-3Z#\xb3j\x81`\xfb\xcf\xcc\xc8O\xf1S\
k\xc3x\xb7P\x09\x02\xa6Q\xab\xc4\x95\xb4Z~\xc8\
3\xda\x02\xe1\xcf\xb5\xc2wy\xc6p\x1f\x14\x10l:\
U\xc2G\xcf\x9fv9\x84?\xa3#\xd4\xd0\xc5<\x85\
\xbf+[,\xe6\xee8a\xc9\xb2\xff\x17\x0a<B\x1e\
\xb7\xeaG(Kh\x82\x0d\xcf\xde\x95\x80&h\xc6\x9d\
\x83Z\x9a\xa0\xd4\xb5\xc6\xa4\x7f|\x1b\xd6\xcc;|\x10\
\xa0\x94\xbe&\xb0S9\xa7\xd4\xa1e\xa1C\x0f*C\
\x1a\x84\xcf\xad\xe7\xd8|\x8c\x05P\xf7!\xe3\xc6Q\xb7\
\xdad\xb4\xee\xfd\x02\xc1\xf2\x85\x97z\xbe\xda\x97\x9e_\
K\xf8\xddP\xfb\x05\xa8\xfd\x8e#\xab\xf6\xdd\xfa\xbbU\
u\xe9\xe3\xee\xde\xb4\xfe\x99\xff\xdd\x90J\xfeYC\xd3\
\x0c3\x0b\xfb\x04\xfeu\xe6\xd1l\x8b]kM\xfa\x87\
\xb7b\xaf|g\x05\x08T\x22\xa3\xbc!\x97S#\x01\
\x07\x85\x8fC\xaa\xb1\x13 |\xee>S\xb3+O\xa5\
\xcd\x84\x94V\xc7]\x13\x08\x8c\x83t\xab\x84\xdf\x86\x9e\
\xff\xe6\x7fD\xcf\x0f\x8f\xf9EL\xf80\xdb\xcf\x15\x0a\
\xb9\xdbO\xe88:=\x9f\xd5\xa3q\xab\xebS\x8e\xd0\
_\xec\xd0\xc56ox\xf6\x9eT*\xf9\x89D\xaa\xd9\
\xb4\xcd[\x82\x1b5\xe1\xee\x19\x80`\x1f@\x10\xc7;\
X\x98`N@O\xbd\xd2+\x9d\xc2\xc7I\xa4\xd8\x02\
\xdc\x92\xe5\x978]\xe1k|\xe5U?m\x9a\xfd\xd0\
\x03 \x90\x8f\xc2\x1f\xc0\x0e\x1fW-\xf4\xe3\x92F\xac\
\xf5l\xd3t%v\xf8*z>'|\xfb\xfav\x15\
\xb2#\x99\xdb\x8e\xc6\x98\xcf\xaa\xb9\xc6\xeaT\x97td\
\xdcX\x05\x94\x96\x9e\xb6\xf9\xaeb\xa1\xfc\x7f\x0a\xf8I\
\xce\x9e\xaem\xd8^E/uL|\xde\x0a\xd3\xf2\xb6\
\xaf\xe3\xde\xdbBL\x95y\xfa\x02\xed\xcb\xf3\x04\xe8\xd1\
\x22L\x0e\xe7\xfaP\xb8\xfaX\x1a/\xaf\xca\x98\xcf\x9e\
o\x87\xfe\x80\x87\xf9\x90\x9ft\xda4\x1a\xff\x00\xdcr\
\xb0\x83\xd2F\xfcr?\x84\xaf\xfb\x16E\x0a\xff\xac\x9a\
\xc2\xcf\x8d\x0c\x98t\xffn\x0f?\x18\xf9\xe9\x89 |\
V\x93x=\xaa\xc6[\xe5\xc5\xb6,\x83&H\xa4>\
\x91hh2\xad\xd4\x04\xbc\x5c\xe7\x98\x12\x87\x83\x7f\xbb\
\x15*\xb6\x8e&px\xa5F\x10$o-G\x17\xe0\
\xe8\xb4\xbd\xa8\xa25\x95a\xc1\xad\xb5\xba+m\xa6\xa9\
\xb4zn\xe4S\x1eD\x1f\xc2\xd1/1\xec\xf9m\x10\
\xfe[\xd9\xf3\xc3j?7<`\x86\x07\xbb\xbc|1\
\xff\xe7',9\xe7n\x1b\xe3\xa8[n\x15\x8fZa\
<oUl\xcb\xc6\x93\xefI%\x132\x1c\xb4\xce[\
\x5c\x0d\x82=\x0e\x08\xb8:`\xc9q\xf3\x96\x07(\xab\
\x0c\xf0\x13\x9b\x0f\xe1OC\xf7d\xafvk\x09w0\
qT\xba\xdaLH\xddj\xbb4\xd7M\xe1S\xed\xf3\
WM\xc9\xcb\x9e\x0f\xe17Cc\xc5fV\x0b?\x0d\
\xe1\x17&\x98\xf0\xdd\xea\xd0}TM\x08\x04I\xab\x09\
*\xe7\x04\x00\xc1\xf0\xf7\xa0\x09\x9c\x89a\x15\x08\x80\x87\
(\x84\xcf%_\xa0\xdaU\x98j\xb3\xa6\x227\xaa\x0a\
\xa7\xda\xb5\xdc\xb5h*\xfc`\xcc\xcfA\xf8\xd8\xe4y\
;z\xfe\xcc\x0e'A(\x87\x09\xda\xf3\xb5\x90n\xf5\
\x94v\xd4lN\x0c\xb7l\x5c\xf3\x85\xe6\xc6\xc6\x0f\x9b\
X\xca\xb4\xcd\xaf\x1e\x0e\x8a{\x9e\x03\x08n\x09\x0f\x07\
\x10\x04\x8fV\xc9\x98_O\xf8\xac\x95\xd6VmK\xab\
;,h\x1c\x97\x1f4\xe9\xf9\xba9e\xd5~\xf3;\
j\xf7\xfc\x89\xa8\xf6Y-55\xf4\xa7\x06\x1dy\x9b\
\x13\xc3\x86\x16\xef\xaeL6\xf7\xa0\x07\x95\xda[kb\
8\x7f\xb9i~\xd7\xd7\xd0\xc3\x9d\x89!\xbe\xda\x19\x85\
\xba\xe7:\x9f\xf6~'v\x1c\x16\xd4\xc0\xcd\x83\x19\xc1\
\x19\x04\xd2\x19\xae<\xb4\x91\xa4\x18\xb8e\xc2\xc7\xb7z\
4E\xf4\xfc\xb9(OM\xe1\xf7\x9b\xf4\xe0\x1eN\xf8\
&\xd4\x98\xef\x17|\xf4o\x05\xb6G\x03\x8e\xa6\xab\xb3\
\xf3\x99\xa6|:\xf65\xec\x13| \x9ah\xc0\xc4\x90\
s\x82x\xa8H\xd4\x04\xe9\xc71\x1c\x0c\xda\x89!\x84\
\xc3\x09\x1f?\xe3\x1a\xf4t\x8d\xe1\xd6\xb2\xd2]\xe1\xaf\
\x9a\x1f0\x0d\xf2P\xf8\xba\xd4#\x0d\x00\x8d/\xb9\x04\
j\x1f?\x05\xdb\x84\xd3\xa2\x8e\xc9\xa6\xfbM&\xddm\
\xb2\xb9\xec\x7f_\xd0\xbe\xeco\x9c\xa0\x09\xe7t\xab?\
\xa1\x0a\xe7\x83 \xfa\xb5\x86\x86\x86\x0fD\xe3)\xec\x18\
.\xc2'W\xb8\x9e\x1b5\xc5\xdd\x00\xc1wo5%\
\xec\x18F0d\xd0\x08\x08\xa8\x05\xd4\xb85\xac\xe5V\
\x9a\xda\x8c\x07w\x08\x08*|U\xfb*\xfcw|\x05\
\xc2\x0f\x7f<#;\xdcg\xb2C\xbd\xf8y\xf8\xec\xe7\
\xe7-9\xfbNj5-\xcaD\xb4'\xd4\x10\xe06\
\xd0\x82\x05+G\x063\xdd\xb7\xe5r\xb9\x07\xcaP\xb5\
={\xb6\xe24.\xf6\x02\x1c\x13?a\xb9\x99\xf6n\
\xfc\xfa&\x97\x5c\x0c\x83\xa0\xb8Q$o\xe1\xe0\x16C\
{,\xb7\x86\xab\xcdHp\xcby=\x22\x01\xf7\x12B\
j\xbf\x80\x9e\xbf\x18=\xbf\x86\xf03i\x08?\xed\x0b\
\x7f\xfd\x96\xde\xbb&\xba\xf0YU\x17\xf7\xf4O8\x13\
\x0c\x07\x0d\xa9\x0f\xe0\xbe\xadi;a\x09\xde\xf9\xfb\xbb\
\x82Z\xd8R\xff\x16\x93~\xec\x16S\xda\xfb\x12\xd6\x7f\
<\x5c\x88\x8aa\xef_V\x02n\x0d\x0f\xd4\xad|H\
'4\xe1C\xcfO,y\x03\xe6 \xd5=\x7fx\xb0\
\xdb\x142\x83\xe8\xf9\x99\xcfS\xf8o|\xe3\x1b\xf5\x1c\
\x91\x16sB\xdaZ\xd5\x09Y8-T0\x1c\xa4\x00\
\x02\x9c\x1a\xe2\xea\xa0&\x08\x1e\xc5p\xb0\xf7E\x1f\x04\
\x88,\xc3\x01\x97\x83\x95z\xce\xadu-7i\x88V\
)\xfcx\xfb\x1b\xcc\xb4\xabj\x09\x7f\xaf\xc9C\xf8\xd9\
\x5c\xfe\xf3\xafl\xe9\x9e4\xc2g\xfb\xba\xd5\xa7\x7f\xc2\
\x1a\xab\x09\xfe\xa5\xa1!\xf5vj\x829\xd0\x04\xb1J\
M\xd0g5AW\x85&\xe0\xe7\xdd\xb5\xa6j\xb3\xa6\
\xb5\xdc\xa4a\xd4\x16\xb5\xcf\xcf\xdc\xd0p\xcc\x87\xf0[\
\xde\xfd\x15h\x96\xf0\x98?<\xb8\xd7p\x8b\x17C\xd5\
\xe7_\xd9:yz\xbe_\xb1\xea\xbe\xa1\xf4\x09gs\
N\x10/\xe5o\xc6\xa9\x99\xd58\xba\x89\x0f!m\xab\
\x9a\x13\xc4fw\x98i\xef\xc1z|\xeeY<f#\
u\x909\x01\x8eb\xcb<\x80\xe3<\xe7\x87\xb4ih\
\xbbn\xd2\xa0\xb8\xcb\xbdv\x87\x8fa\x1c\xf31\xdb\xaf\
)\xfc\x01\x08\x1f\x93>\xfcH\xc3\xa4\x14>\xab\xeb\xf6\
\x01\xfa'\xbc\xd9\xb9\xfe\xc9\xd6R,\xf5P\xaa!y\
\xb9\x87\xdf\xd3\xab9\x1cP\x13<\x8c\xe1\xa0\x0b\xc3\x01\
V\x10\x142?\xf1\x1e\x9d\xe1H\x5ck\xee\xdaT\xfb\
\x14\xbe~\xe0\x8ac~\x07\xd4>{~s\xb8\xe7\xa7\
\x07\xbap\xd0g\x08\x1fc\xcc\xdc\x87\x9e\xff\xe1\xc92\
\xe6W\x0aX\xab_I\x9f\xd0\xfe\xf5\x00Ac4\xf5\
PC\xe3\xfeAP\xc4p\x10\xe1\xbb\x03\x82\x80\xf7\x11\
\x01\x02\xf9\xc97\xad![\x80\x8f+|\x86a\x87/\
\xd1q\x094\xca\x97\xab\xd4~\xba\xbf\x0b{@\xfb\xcc\
H6\xfb\x9d\xd8>\xef\xd6\xf9\xcb\x96\xf1\xe4\xdf\xa44\
\x95\xd3\xa3IQ\x89\xd3O\xbf\xa07S\xce]\x9f\xcd\
fWG\xf0\xd94.\x11\x8b\x15KD\x19\x0e\xae\xc3\
\x0f/b8\xf0\x10\xc6e\x9d|}\x83\xafn\xf9q\
\x0aW\xf9A\xed\x97z\xf0\xc3K|\xb1\x03\xa0xP\
\xfb\x89v\x08\xff\xeaj\xe1\x0fA\xf8\xf9\xdc >\x15\
\x97\xf9N\xcf$\x17>\x85=)5\x80\xa2t\xe7\xfa\
\xf5\xad\xc5h\xe6!L\x0ce8h\x9d\xbf\x18\xa7{\
y{s\xd4\x94\xfa\xb6\x9a\xa1U\x18\x0e\xf6\xd8\xe1\x00\
A\xb2:\xe0\xc1P\xbeu\xe6\x98\xdfg\xd5>\xa3\xe1\
k\xe8\x89\xa5\x97\x9a\x96k\xbeT\xa5\xf6)\xfcB\x16\
\xc2\xcfd\xbf\xd3\x97\xdes\xeb\xb2eWN\xda\x9e\xcf\
\xaa\xd2Lj\x00\xb0\x02\x9c\x13\x14\xe3\xa9Ux\x95\xfc\
&\xfe\x92\xe8\x9c\xf9\xed&\x91\xe2e\xc3QS\xc2\x9c\
`h\x15~\xc7x\xb7\x03\x02\xfe\xea\x17\xb7\x13\xf0J\
9\xf8\x1d\x1el8%^\xf3&\xf4\xfc/`Ky\
t\xcc\xe7\xfd\xc2!\x8c\xf9\x85\xec>|\xe2\x15j\xbf\
q\xce-\xf8\x027?\x179\xe9\xcd\xa4\x07\x00%\xb0\
}\xc3\x9a\x05\xe5h\xf4\xfb\x00\xc1\x0a\x9e\xff\x9fsB\
Gm\x10<\x04\x10t>\x8f\xb3\x81\x16 \xe0\xf5\xbb\
\x00.\x90b\xc2\xd7p\xce\xb5\xa6\xf9\xaa\xff\x85\xe3c\
\xb8\x11j\x0d\x85?\xd8\xbb\x0bw:\x861\xdb\xcf?\
\x18I\xe5o\xe5\x8aD\xc3'\xbb=%\x00@!l\
\xdd\xf0d\x07\xde\x07<\x9aL\xc4\x97\x97\xa8\x09\x00\x82\
d\x95&\xd8f\x86\x1f\xbf\xcb\xe4\x7f\xff\x0b\xc4\x80\xf4\
y9\x05\x02\xe6\xe7\xbd\x1b\x96\xbf\x17\xdb\xbb\x7f\x03\xe1\
\xe3\x0e\xb85\x14>\x8emc\x979\x8du~\xfe\xc1\
XcaJ\x09\x9f\xd5\x9c2\x00`e\xb6nX\x07\
\x10\x98G\x92\x89\xd8\x8az \xf0\x0a#&\xbf\xe1'\
\xa6\xf0\xfb_\xe2\x10\xe7\x10^\xe6\xcc2\x89\xd3\xdel\
\x92'\xbfQ\x80\xc0thD\xf8\xdd;\xf1}?\xf4\
\xfcl\xfe\x87}\xc3\xe6\xbd\xcb&\xf1l\xdf\xafU\xf5\
\xdf)\x05\x00VO@\x107\x8f$\xe21\x0c\x07\xb5\
5Au3\x84)\x14~?\x85\x8f\x9e\x8f\xed\xdd'\
\xb2\xa5\xe2\xf5\xa7\x9e\xba\xb2\xfaC\xc9\xe1h\x93\xd27\
)\x97\x81c\xb5t\xfbi\xcb\xb6d\x8a\xd9k\x0b\x85\
\xe2\xda(\xaewu\xef\xde\x82e\x1b\xbf\xc5r`\xc6\
\x17\xfe\x0e\xac\xf3\xd3\x88WX=\x95\x85\xcf\x16\x99r\
\x1a@\xc5\xbc\x01s\x82\xc6X\xea\x11\xfc\xbc\xbah\x82\
\xb9\x0b\xaa\xe7\x04\xca\xab6\x85\xdf\xb7\x97\xc2\x87\xda/\
P\xf8\x85\x1b\xa6j\xcf\xd7:OY\x00\xb0\x82[\xd7\
ab\xd8\x94z\x1c\xc3\xc1Y%l\xfe\xcc=qi\
\xd5\xc4P\x1bB\x85\xcf\x8b\x1b\xb8\xaf\xb5:\xe7\x15\xa7\
\xbc\xf0Y\xf7)\x0d\x00Vp\xf3\x8bk\x96\xc5R\xb1\
\xc7b\xb1H\x07\xde\x06\xc8>A\xaaqt\x99G\x1e\
\x0a\xbf\x17=\xbf\x80Ia>\x97_\x9d3\xe5cB\
\xf8\xac\xfb\x94\x9b\x03\xb0R\xaeYz\xd6\xb9\xeb\x86\x0b\
#\xd7\x95\x8a\xe5-\xfc\xd5\x10|Z\xdd\xa4\x87\xfaE\
\xe8\xe4\xe3m\xa4\x1e\xbcY\xccgD\xf8O\xe4\x86\x8e\
\x1d\xe1\xb3\xfeS^\x03\xb0\x924[_zn\x05>\
[\xfcH,\x1e\xeb\xc8\xe3\x93\xde)\xdcBjj\x99\
ir\x994\x96z\x19\xdc<+<\x177\xd1w.\
:u\xf9.?\xc6\xb1\xf1\xf7\x98\x01\x00\xc5\xf9\xf2\xba\
\xdf\x9c\xdb\xd4\xd8\xf8p2\x95\xe8\xc8f\xf0+[\xd0\
\x08)\xfc\x8e\x1b\xber\xba\xd6$#\xd7\xb6\xb7/\xdb\
rl\x88}\xb4\x96S~\x08\x18\xad\xaa1g,\xbb\
h\x0d~L\xf1*h\x80\x1f\xe1\xb3u^ss3\
\xbe\x00VX\x9b\xcf\x16\xae;\x16\x85\xcf\xb69\xa64\
\x80\x82a\xd5\xaaU\xb1s\xcf<\xe9\xd2dC\xe2\x9d\
\x85|\xe6+'\x9d~\xc1F\x0d;n\x1fo\x81\xe3\
-p\xbc\x05\x8e\xb7\xc0\xf1\x168\xde\x02\xc7[\xe0x\
\x0b\x1co\x81)\xdf\x02\xff\x1f\xd1\x16\xb2\x8a\x97\x9f\x89\
\x94\x00\x00\x00\x00IEND\xaeB`\x82\
\x00\x00#9\
\x89\
PNG\x0d\x0a\x1a\x0a\x00\x00\x00\x0dIHDR\x00\
\x00\x00\x80\x00\x00\x00\x80\x08\x06\x00\x00\x00\xc3>a\xcb\
\x00\x00\x00\x04sBIT\x08\x08\x08\x08|\x08d\x88\
\x00\x00\x00\x09pHYs\x00\x00\x14\x22\x00\x00\x14\x22\
\x01\x8f\x0dG\xc8\x00\x00\x00\x19tEXtSof\
tware\x00www.inksca\
pe.org\x9b\xee<\x1a\x00\x00 \x00ID\
ATx\x9c\xed\x9dk\xacdW\x95\xdf\x7fk\xefs\
\xea\xd6\xbd}\xfb\xddn\xdam\xe3\xb6\x08X`k\xc4\
#\x01\x19\x12M\xc4K\xc3\x1b\x87@@\x86 E\x8a\
\x1448\x02l\x81\x95\xf9\x02b>\xe4C4#\xa4\
\x01\x89|\x18EI4R\x12\xe51\x93\xc6\x1a5q\
\xdb\xc4B\x96\x0d\xd8\xc1B$HX\xd0\x06\xbb\xddm\
\xb7\xdb\xdd\xed\xbe\x8f\xaa:{\xad|\xd8{\x9fs\xaa\
n\xddG\xbf\xaa\xea\xb6\xbd\xa4}\xcf\xa9S\xa7\xce\xdd\
\xb5\xd7\xdak\xfd\xd7c\xef\x123\xe3z\xa7\x07\x1f|\
\xf0}\x17.\x5cx[UU\x07C\x08\x87U\xf5p\
\x08\xe1&3\xbb\xc9\xccP\xd5\xe7\xcc\xec9U=i\
f'\xbd\xf7/t\xbb\xdd\x9f\x7f\xfe\xf3\x9f\x7fh\xda\
}\xbf\xd6$\xd7\xab\x00<\xf4\xd0C\xffxuu\xf5\
\x8f\xaa\xaa\xfa`\xaf\xd7\xbb5\x84@bv}\xf4\xde\
\x03\xd0\xeb\xf5\xeak\xf9}3\xa3(\x8a\x13\xde\xfb\xff\
\xd5\xedv\x8f\xdd}\xf7\xdd\xffm\xca_\xe9\x9a\xd0u\
%\x00\x0f?\xfc\xf0\xebD\xe4{\xcb\xcb\xcb\xff\xa0\xd7\
\xeb\xbd.3\xbd(\x0a\xf6\xee\xdd\xcb\xc2\xc2\x02ss\
s\xcc\xcf\xcf3??OY\x968\xe7\x80(\x04\x83\
\xc1\x80\x95\x95\x15\x96\x96\x96x\xf6\xd9g9u\xea\x14\
UUaf\xcc\xcf\xcf\x9f\xde\xbd{\xf7\x8f\xcd\xec\xcb\
\x9f\xfb\xdc\xe7NO\xf9\xab^5\xba.\x04\xe0\xa1\x87\
\x1e*\x9cs\xdf\xab\xaa\xea\xb3\xcb\xcb\xcb\xbbC\x08x\
\xef\xd9\xb9s'{\xf6\xeca\xe7\xce\x9d8\xe76l\
\x22\x82\xf7~\xe8ZUU\xfc\xfe\xf7\xbf\xe7\xc4\x89\x13\
\x9c8q\x82^\xaf\xc7\xfe\xfd\xfb\xcf\xef\xd8\xb1\xe3?\
\x87\x10\xbe\xfc\xd9\xcf~\xb6\x9a\xf6w\xbfR\xda\xf6\x02\
\xf0\xf0\xc3\x0f\x7f\xdd\xcc\xee]YY9\x14B\xc09\
\xc7\xfe\xfd\xfb\xd9\xb5k\xd7\x1a\x86^\xaa\x00\xb4[\xbf\
\xdf\xe7'?\xf9\x09O>\xf9$\x22\xc2M7\xddt\
\xaa\xd3\xe9\xfc\xf9]w\xdd\xf5o\xa6=\x06WB\xdb\
V\x00\x8e\x1f?\xbe\xe0\xbd\x7f\xa2\xdf\xef\xbf\xb9\xdf\xef\
\x03\xb0c\xc7\x0e\xf6\xee\xddKQ\x14k\x188\x18\x0c\
8\x7f\xfe<\x17/^\xe4\xe2\xc5\x8b\x5c\xb8p\x81s\
\xe7\xceQU\x15\xf3\xf3\xf3\xec\xda\xb5\x8b\x9d;w\xb2\
{\xf7n\xf6\xee\xdd\xcb\x91#G\x98\x9b\x9b[\xf3\x9c\
s\xe7\xce\xf1\xc8#\x8f\xf0\xab_\xfd\x8a\xd7\xbd\xeeu\
\xdcx\xe3\x8d\xbfZYY\xf9\xbb\x9f\xfc\xe4'\x97\xa7\
<$\x97E\xdbR\x00\x8e\x1f?~\xc4{\xff\xb3^\
\xafw\xa0\xaa*\xca\xb2d\xf7\xee\xddk\x18\xd6\xef\xf7\
y\xf6\xd9gy\xfa\xe9\xa7y\xf6\xd9g\x87\x00\xe0f\
G\xef=oz\xd3\x9b\xb8\xe3\x8e;x\xdb\xdb\xde\xc6\
\xa1C\x87j\xbc\x00p\xf2\xe4I\x1ex\xe0\x01\xca\xb2\
\xe4\xc8\x91#g\x96\x96\x96\xfe\xde\xc7>\xf6\xb1g\xa6\
8,\x97E\xdbN\x00\x8e\x1f?\xfe\x87\xde\xfb\xbf\xed\
\xf5z\x0b!\x04\xe6\xe6\xe6\xd8\xb3g\x0f\x22R3\xfe\
\xe5\x97_\xe6\xa9\xa7\x9e\xe2\xf9\xe7\x9fGU\xeb\x19\xbe\
c\xc7\x0e\xca\xb2\xa4(\x0a:\x9d\x0e\x9dN\x07\x80\xc1\
`\xc0`0`uu\x95\xd5\xd5U^z\xe9%^\
x\xe1\x05\x96\x96\x96j\xa18|\xf80\x9f\xfe\xf4\xa7\
y\xe7;\xdfY\xf7eii\x89\xa3G\x8f\xb2\xb2\xb2\
\xc2\x1b\xdf\xf8\xc6\xe5\xa5\xa5\xa5\x0f\x7f\xe8C\x1fzd\
Zcs9\xb4\xad\x04\xe0\xf8\xf1\xe3\xff\xcc9\xf7o\
\xfb\xfd~\xa9\xaat\xbb]\x16\x17\x17k\x1b\xde\xef\xf7\
\xf9\xf9\xcf\x7f\xces\xcf=\xc7\x9e={\xd8\xbbw/\
\xbbv\xed\xa2,K\x006\xfb\xae\x222\xf4zee\
\x85\xe7\x9f\x7f\x9eg\x9ey\x86\x17_|\x113\xe3\x0d\
ox\x03w\xdf}7\xb7\xdf~;\x00UU\xf1\xc3\
\x1f\xfe\x90\x17^x\x81\xdbn\xbbm\xb0\xbc\xbc\xfc/\
>\xf0\x81\x0f\xfc\xbbk3\x02W\x9f\xb6\x8d\x00<\xf8\
\xe0\x83\x7f\xe8\xbd\x7fx0\x18\xb8<\xab\xbb\xddn\xcd\
\xfc\xdf\xfe\xf6\xb7\xfc\xf2\x97\xbfd\xcf\x9e=\x1c:t\
\x88n\xb7;\xc4\xf0\xd1s3#\x84\x00Pk\x0f\x11\
\xa9[\xa6|~\xfa\xf4i\x9ez\xea)\xce\x9e=\x8b\
\x99\xf1\x8ew\xbc\x83{\xee\xb9\x87\x1d;v\x00\xf0\xe3\
\x1f\xff\x98\x13'Np\xfb\xed\xb7\xeb\xcb/\xbf\xfc\xde\
\xf7\xbf\xff\xfd\xdbB\x13l\x0b\x01x\xf0\xc1\x07\x0f\x88\
\xc8\xef\xcd\xac\x9b\xd5~\xb6\xf7\x00?\xfb\xd9\xcf\xe8\xf5\
z\x1c>|\x98\xb9\xb9\xb9\x9a\xd9\xedcV\xe5\xd9\xaf\
o\x07|Fm\x7f\xa7\xd3\xa9\x9f\x9f\x05@D03\
\x9e{\xee9~\xfa\xd3\x9f\xb2\xba\xba\xca\x91#G\xb8\
\xff\xfe\xfb9p\xe0\x00f\xc6\xb1c\xc7\x18\x0c\x06\x1c\
>|x\xf5\xc2\x85\x0b\xaf\x7f\xef{\xdf{f:#\
\xb6u\xda.\x02\xf0\x8c\x88\xdcRU\x15EQ0?\
?\x8f\x88\xa0\xaa<\xf6\xd8c,,,p\xf0\xe0A\
\x80\xb1\xcc\x072\x93O\xa8\xeaq3{6\x87}\xcd\
LT\xf5\xb0\x99\x1dV\xd5\x9bU\xf5\xfdfvDU\
)\xcb\x92\xc5\xc5\xc5\xda\x84d\xed\xb0\xb4\xb4\xc4\x8f~\
\xf4#VVV\xd8\xbf\x7f?\xf7\xddw\x1f\xb7\xdez\
+\xbd^\x8f\xa3G\x8fr\xf0\xe0A\xba\xdd\xee\xef\xde\
\xf5\xaew\x1d\x99\xc2p]\x12\xcd\xbc\x00\x1c?~\xfc\
\x7f\x02\x1f\xcf\xeazaa\x01\xe7\x1c!\x04~\xf2\x93\
\x9f\xb0o\xdf>v\xee\xdc\xb9\x86\xe1Y;\x98\xd9\xef\
\xcc\xec\xdf\xab\xea\xff\xf8\xdc\xe7>\xf7\x7f\xb6\xf2?\xbf\
\xff\xfd\xef\xbfCU\xff\x91\xaa~QUoYXX\
\xa8\x83IY#TU\xc5\xa3\x8f>\xca\xb9s\xe7X\
XX\xe0\xde{\xef\xe5\xb6\xdbn\xe3\xec\xd9\xb3\x1c;\
v\x8c7\xbf\xf9\xcd\xf4z\xbd\xa3w\xdey\xe7'\xae\
\xf6\x98\x5cM\x9ai\x018~\xfc\xf8?5\xb3\xff\x90\
\xfb\xd8\xe9t(\x8a\x023\xe3\x89'\x9e`\xdf\xbe}\
\xb5\xad\xcf\xcd9GQ\x14\x00\x17T\xf5_\x9b\xd9w\
>\xf3\x99\xcf\xac^\xce\xff\xff\xeew\xbf\xdbU\xd5\xaf\
\xaa\xea\xbfr\xce\xed\xda\xbbw/\x9dN\xa7\xd6\x04f\
\xc6\xa3\x8f>\xca\xf9\xf3\xe79p\xe0\x00\xdf\xfc\xe67\
Y\x5c\x5c\xe4\xe9\xa7\x9f\xe6\x17\xbf\xf8\x05oy\xcb[\
8{\xf6\xec\x17\xdf\xf3\x9e\xf7\xfc\xc7\xab8,W\x95\
fZ\x00\x8e\x1d;\xf6RQ\x14\xfbT\x95\xa2(\xea\
\x00\xcf\xaf\x7f\xfdk\xfa\xfd>\xbbw\xef\x1eb\xbe\xf7\
\x9en\xb7\x8b\xaa\xfe\x173\xfb\x97\x9f\xfa\xd4\xa7^\xb8\
\x1a\xfd\xf8\xcew\xbes\xd0\xcc\xfe\xc2\xcc\xfe\xc9\xde\xbd\
{\xe9v\xbb5p\xec\xf5z<\xf2\xc8#\x88\x08o\
\x7f\xfb\xdb\xf9\xd2\x97\xbe\x04\xc0\x03\x0f<\xc0\xc1\x83\x07\
\x99\x9b\x9b;\xfb\xd6\xb7\xbeu\xff\xd5\xe8\xc7\xb5 \xff\
\xado}k\xda}\x18K\xc7\x8e\x1d\xfbZ\x08\xe1\xae\
l\x7f\xcb\xb2DD\xb8p\xe1\x02\xcf?\xff<\xfb\xf6\
\xed\xab\xb3wY@\xe6\xe7\xe7\x01\xbe}\xd7]w}\
\xf9-oy\xcb\xd2\xd5\xea\xcb\x9dw\xde\xb9\xf4\xeew\
\xbf\xfb\xbf>\xfa\xe8\xa3nyy\xf9\x1f\x8a\x08eY\
\xd6B\xb7k\xd7.N\x9f>\xcd\xd9\xb3gY\x5c\x5c\
\xe4\xd6[o\xa5\xdb\xed\xf2\xf4\xd3Os\xf8\xf0\xe1\xf9\
\xa7\x9f~\xfa\xc2\xcd7\xdf\xfc\xd8\xd5\xea\xcf\xd5$\xb7\
\xf9-\xd3\xa1\xd5\xd5\xd5og\xa6g{\x1eB\xe07\
\xbf\xf9\x0d\xfb\xf7\xef'\x84P3_DXXX\xa8\
\x80/|\xf2\x93\x9f\xfc\xe6\xb5\xea\xd3}\xf7\xdd\xf7M\
3\xfb\xc2\xb9s\xe7\xaa\xd5\xd5UB\x08\x84\x10\xd8\xb7\
o\x1f\x87\x0f\x1f\x06\xe0\xe8\xd1\xa3\x9c9s\x86[n\
\xb9\x85\xb9\xb99\xce\x9f?\xcf\xe2\xe2\xe2\xb7\xafU\x9f\
\xae\x94fR\x00\x1ex\xe0\x81?\xed\xf7\xfb\x8bss\
s\x00u\xde\xfe\xcc\x993\xcc\xcd\xcd\xa1\xaa\xf5\xe0\x87\
\x10\xd8\xb9s'\xc0W?\xf1\x89O\xfc\xd5\xb5\xee\xdb\
\xd7\xbf\xfe\xf5\xbf2\xb3\xaf\x9e={\x96\xaa\xaajA\
\xbc\xf5\xd6[\x11\x11B\x08<\xf2H\x0c\x01\xdcq\xc7\
\x1d\x9c>}\x9an\xb7\xbb\xf8\xd8c\x8f\xfd\xe9\xb5\xee\
\xdb\xe5\xd0L\x0a\xc0\xc5\x8b\x17\xbf6??_3\x1e\
\xe2\xec?u\xea\xd4\x1a\x01\xd8\xb3g\x0f\xce\xb9\xbf\xfc\
\xf8\xc7?\xfe\xbdI\xf5\xef\xfe\xfb\xef\xff\x9e\xaa\xfe\xe5\
\x85\x0b\x17\xea\xbex\xef\xb9\xe1\x86\x1b\x00x\xf2\xc9'\
Y^^\xe6\xe6\x9boFD\xb8x\xf1\x22\xddn\xf7\
k\x93\xea\xdf\xa5\xd0\xcc\x09\xc0\x03\x0f<p\xe7\xea\xea\
\xea\x8ed\xcf\x81\xe8\xda\xbd\xf2\xca+\x14EQ3^\
Uq\xceQ\x96\xe5\x93\xc0\x1fO\xa1\xab\x7f\x5cU\xd5\
\x93\xfd~\xbf\xee\xd3\x8d7\xde\x08\xc4\xdc\xc2\xe3\x8f?\
\x0e\xc0\x8d7\xde\xc8\x85\x0b\x17\xe8t:;\x1ey\xe4\
\x91;\xa7\xd0\xcf\x0di\xe6\x04\xa0\xdf\xef\x7f\x15`~\
~\x1eU\x05\xa2\x00\x9c?\x7f\x9eN\xa7S\xcf\xb8\xaa\
\xaa\xd8\xbf\x7f?\xc0}\x1f\xfb\xd8\xc7\xfa\x93\xee\xe77\
\xbe\xf1\x8d>p\xdf\xea\xeaj\xdd\xa7\xa2(\xd8\xb3g\
\x0f\x00\x8f?\xfe8!\x04\x0e\x1d:\xc4+\xaf\xbc\x02\
\x80s\xee\xab\x93\xee\xe7f4s\x02\xb0\xbc\xbc\xfc\xbe\
N\xa7CY\x96u\xac>\x84Pg\xe6\xf2\xec\xf7\xde\
\xe3\xbd\xff\xe1G?\xfa\xd1\x1fM\xab\xaf\xf7\xde{\xef\
\x8f\xcc\xec\x87\x19\x0b\x84\x108p\xe0\x00\x00\x17/^\
\xe4w\xbf\xfb\x1d\x07\x0f\x1e\xac\xb3\x8d\xde\xfb\xf7M\xab\
\xaf\xeb\xd1L\x09\xc0\x0f~\xf0\x83\x03\x17/^\xbca\
\xd7\xae]\xc0p\x18w\x14\xf8\xa5\xd9\xff'\xd3\xebm\
M\x7f\x92\x852\x84P\xa7\x98\x01N\x9c8Qc\x83\
\x95\x95\x15\x8a\xa2\xb8\xe1\xa1\x87\x1e:0\xc5\xbe\xae\xa1\
\x99\x12\x80^\xaf\xf7UUe\xe7\xce\x9du\xd2\x06\xe0\
\x95W^\xa9c\xffy\xa0\xbb\xdd\xee/?\xf2\x91\x8f\
<1\xe5.\xf3\x95\xaf|\xe5\x093\xfbe\x16\x82T\
@\x0a\xc03\xcf\xc4\xfa\x90\x03\x07\x0e\xb0\xbc\xbc\x9c\xc3\
\xc83e\x06fM\x00\xde\x0f1\xde\x9f\xd5?\xc4\xc2\
\x8b\x9c\xbe\x0d!\xe4\xe4\xcc\xdfL\xa9\x9b\xe3\xe8or\
\xff\xaa\xaa\xcan)'O\x9e\xcc\xc2\xca\xeaj\x8cF\
\x8b\xc8\xfb\xa7\xd9\xd1Q\x9a)\x01\xa8\xaa\xea\x06\x11\xa1\
(\x8a:\xc0\x03\xd0F\xda\xaa\x9as\xf0\x7f=\xd5\xce\
\x0e\xd3_\xb75T\xb7\xdb\x05b\xc2(\xc7.Z\x02\
}\xc3\xd4z9\x86fM\x00\xf6\xe4\xe8\x9f\x99\x0de\
\xde\xda\xea\x7fqqq\x19\xf8\xd9t{;D?\x13\
\x91\xa5,\xa4\xed\xda\xc1\x17_|\xb1\x16\x88$\xd4{\
\xa6\xd5\xc9q4S\x020\x18\x0cvd\x10\xd5\x16\x80\
\xc1`0\xa4\x01:\x9d\xce\xc9\x0f\x7f\xf8\xc33\x93\xc5\
\xba\xe7\x9e{\xcc9w2\x0bi[\x00\x96\x97\x97\xc9\
\x11\xcd\xe4\xd6\xee\x98N/\xc7\xd3L\x09@\xaf\xd7\x9b\
\xcb\x02\xd06\x01\xed\xa4Or\x01\x9f\x9bf?\xd7\xa1\
\x93YC\xe5\xb44\xc4\xba\xc2\xb6\x00\x88\xc8\xdc4;\
9J3#\x00G\x8f\x1e]\x1c\x0c\x06\xd2\xe9t\xd6\
\x14of\x0d\x00u^\xe0\xe4\xe4{\xb8)\x9d\xcc8\
\xa0\xaa\xaa!\x01\xc8\x09\xad\xa4\x01\xe4\xc1\x07\x1f\x5c\x9c\
jO[43\x02\xa0\xaa\xb7\x02\xb9\x98c\xc8\x04\xe4\
\xf3\xbcr\x07\xb80\xa5nnD\x17r\xdfC\x08u\
\xdfWVV\xea\x1brd\x13\xb8u\xb2][\x9f\x8a\
iw\xa0Ek\x84\xb1]\x90\xe9\x9c\x1bJ\x0e\xcd\x22\
\xe5>\xb6\xab\x8a\xb3\xfb7z\xeb\xc4:\xb5\x09\xcd\x92\
\x00\xacK\xed\xd5>\xb3L\xde\xfb5^@^\xb66\
\xab\xb4m\x04 \xab\xffY.a\x1b\xa7\x01f\x9d\xb6\
\x8d\x00\xe4b\xcf\x96\x1d\x9d9j\x0b\xeav\xa1m#\
\x00\xb9(\xb4\xaafwI\xbe\xf7~\xa65\xd48\xda\
\x16\x02\x90R\xbfuI\xf8\xacR\x06\xa9\xb3\xdc\xc7Q\
\xda6\x02P\x14E\x0d\xb2f\x95\xb2\xea\x9fe35\
J\xdb\xc2Xe\x01\xc8B0\xab\x94\xfb\xf9\x1a\x06\xb8\
\xca\xd46\x01\x83\xc1`\xda\xddY\x97Z\xcb\xd1\xa6\xdc\
\x93\xad\xd3\xb6\x12\x80YG\xd8Y;m'\x13\xb0-\
\x04 {\x01\xb3.\x00y\xf1\xe8,\xe3\x94Q\xda\x16\
\x02\xd0\xd6\x00\xb3\x8c\x01\xb6K\xc4\xb2M\xdb\xa2\xa7y\
P\xb7\x83\x06\x98\xf5>\x8e\xd2\xb6\xe8i\x1e\xd8Y\x1f\
\xdc\xd7\x04\xe0\x1a\xd1v\x02\x81\xb3\xde\xc7Q\xda\x16=\
m\xa7\x83gyp\xdb\xbb\x8en\x17\x9a\xdd\xd1l\xd1\
v2\x01\xaf\x81\xc0k@\xa3\xdb\xb5\xce*\xe5\xaa\xa5\
\xd74\xc0U\xa6\xd7L\xc0\xb5\xa3\xd9\x1d\xcd\x16\x8d\xee\
\xea=\xab\xd4\xdepr\xbb\xd0\xb6\x10\x80\xd1\x9d<g\
\x95\xb6C\x1fG\xe9\x9a\xee\x12\xf6\x83\xbf\xf8\xe2}\xfb\
_\xa7\x7fp\xe3\xeb\x03\xfb\x0e(\x0b;\x0d\xef\xe1\x7f\
\xff\xed\xa9\xdb\xcf\x9e^\xddgV\x01\x8a\x99\x82\x99\xc3\
u\xf7;\xa8\x84P!\xbe\x8bU=33\xa5\x5cD\
\x9c`\xa0jja\xe5eB\xe8\x01\xe4\xee[\xfe#\
\x02\x96N\xeb7\xf2\xb7\x95\xfa\xba\x88 \xcde\xf2\x0b\
\x01\xac.F\x05Ap.\xde+\xce\xc5s\x11\x5c\xde\
V\xd6\x81\xf3\x0e\xa4\x98\xf3\x9d\xee\xa2\x88s\xe2L\xcd\
T\x9cs\xe2\xbc\xd3\xb9\xb99g\xda[uEQ\xe0\
\xe6\x0b\x11^r\xae\xa3\xb8.\xcew\xc1u\xd8\xb1w\
\xe1\xec\x91\xb7\x1e\xfa\xbfK\x17V8\x7f\xe6<gO\
\x9d\xe3\xd4\x89\xd3\x9c\xf8\x7f\xcf\xfe\xe2\x9e?\x7f\xfc\xcf\
\xae\x15\x8f\xaeu(\xf8\x83\xc0\x1f\x8d^\xbc\xed\x8ey\
\xfe\xfb\x93KT\x95 \xd2\xeeB.\x05\x8f\xe1^\x91\
\xb2~\xa7\x99T\x02,\xec\x18\xb7\x9f\xefF\xe7Wr\
\xdf\xd0>\xc2\xe9<\x0a\x80Cj\x81h\xceE\xd2=\
\xae9\x17\xb7\xb0\xcb\xd5\xe7\xb2+^\x0f8Y\xc6w\
\xfa\xdc\xf4\x07\x87\xff\xce\xcaJx\xe7`\xb0&\x91t\
\x0c\xb8f\x020\x15\x13p\xe8p\xc9\x17\xfe\xf9<o\
\xbe\xdd\xd8F\xda\xf2\xaa\x93\x08\x1c~\xd3N\xfe\xfeg\
\xee\xe0\x86\x9bv1?\xef)\xcb\xc9\xb2dj\xc9\xa0\
\xc5E\xc7\xfb>\x08\xefy\xf7+<\xff\x5c\xe0\xe4s\
\x9eS\xa7J^z\xb9\x8b\xea\xf5)\x15\x22\xca\xae=\
+\xec>`\xec\xb9a\x9e]\x87\xf61\xb7\xeb\x00\xe6\
\x1d\xab\xab\x81\xfej`0\x98l-\xc1\xd4\xb3\x81s\
s\xc6-\xb7\xf4y\xfd\xe1U\xacZ\xa5\xea\x07N\xbf\
\xd8\xe1\xf4\x0b\x0b\xbcpf'\xaf,\xcd\xb1\xbcZ\xa2\
:\xbbY\xc0q\xe4}`\xbe\xdbcaa\x85\xfd\xfb\
\xce\xb0\xff\xc0\x19\xf6\xdfp\x06?\x7f#t^\x0f\xe5\
!\xe8\x08\x94\x02\x85G\xcd\xe3\xf0\x84\xfed\x85\x7f\xea\
\x02`\x06f\x82\x99\xa0*8\x07\x87\x0e,qh\xff\
+\xc0)B\x80\x10`\xb5\xe7YZ*Y^-Y\
^)Y\xed\x95\xac\xf4;\xf4z%\xfd~\x87^U\
\xa0\xc1c\xb8\xf4,\x078\x147\x0c\x04/\x85\x04\x9c\
S\xbcS\xbc\x07\xe7\x0c\xef\xc0{\xa5[\x0c\xe8\x94\x03\
\xba\xdd\x1e\xddN\x8f\xb9n\x9f\xf9n\x8f\xee|\x8f\xee\
\xfc\x0a\xddn\x85+\xc0\x15FQ\x82+`\x163\xd9\
S\x17\x00\x11\x101\x10\xc39\xa3\xf1\x0a\x14\xb0Z@\
\xe6:\x15\x85\xabX\x5cX\xad\x85B\x154\x1fG\xce\
\xcd\xc0\x90\xfa\xf3j>\x0a\x1a\x0e\x100\xc1D\x10\x22\
S\x9dh\xc3lg8\xa78g8\xc9\xde@\xeek\
\xeco>w\x85\xe1\x8b\xc4\xe0ttE\xfb\xde\xe9\x8e\
\xeff4u\x01\xd8\x1a\xd9:\xe7[\xf8\x98E\xe69\
*\xc8L\x93a\x06\xad\xd7\xda\xa4\xba\xce=\x9a}\x96\
\xedI\x13\x13\x808\x13c\x0bA\xd0 \x84J \x14\
\x84\xaa \xf4\x0b\x08%ZEs (\x86\x11\x14\xb4\
2B\x80\xfe\x00\x06\x95\xa1&\x0c\x06\x86*\x0c\xfa\x80\
:\xcc@+!(\x0c\xfa\x8a\x98#\x18\x04\x03\xe7S\
l\xc0@\x0a\x8fXd\x9e\xf7\xf1sQ(\x04\xb0\xa8\
\x15\x1c\xd4.[\xad\x01\xe2\xb9\x17C|\xbcG\x04\xc4\
\xc0\xa9\xe1\x0a(\x0a(JE\xfaJYF\x93Qk\
\x06g\x94s\xe0\x06;`\xd0E:\x02\x95\xe0\xe6\x0c\
\xd7Q\xd4\x02\xfd~\xa0\xaa\x02\xaa\xc2\xa4\xca\x0a'\xa8\
\x01\xda\xbeu\xe3\xfe\x99)\x10\xd5\xaf\x86\x80H\x85#\
\xef\xb4!\xa8\x81\xc6\xf9[3\x87\x10\x07\xdb\x02\xf82\
\xda|SP1\xd4\xa0,|-l\xe2\xa3[\xe5\xac\
\x09\xee`\x9a\x98n8\x9f\xba&\x16\x9f\x9d\xfa\xe6D\
\xf1\xc9D8\x07fa\xad\xf6\xa0\xc5\xe0B\x13\xa3\x87\
\xed~<\xd7x_\x09tV\xa0\xd3\x8f\xe0\xaf\x06\x81\
\x0e5\x0f\xea\x19\x14>\x0a\xce\x84\xbc\xc1\x89\x09@\x08\
F\x08Q}W\x03\xd0\x81C\xd5a\x94\xa8\x04\x94\x80\
I\x00\x17\x19\x1b\x03\x7f\x86\xa5\xc1\xf6\x02A\x15\xa2\xbc\
 \xb8\x14\xf8S\xd2c\x11\x07\xa6\x9adM@AC\
\x88\xdaA\x5c\xba'\x19t\xd3\xc8\xf7\x10y\xe0\x88\xd7\
\xcd\x14\x8b\x1f%xG\x01\xa8T\xf8\x04\x1dBf\xbe\
\x8b\x1a\xc1\x12\xf6\xc8\xe1+)\x04\x17\x84\xe0\x92\xb0\x00\
\x1e\x8fS\xa34\xc0\x8ah\x9a\x14\xb0\x10\xbf\x85\x19j\
\xc6`\xa0\x0c\x06\xca$kJ'&\x00\xde7M\xca\
\xb4\xed\x0bF\x08\x03,\x0cp: T\x01\x0b\x011\
\x8b<\x02\xc4btM\x01|\x9c\xd5\xaa\x10\xcc\xc51\
4P\x03S\xa1\xaa@-\x9a\x0bM\x1a\x00u\x88\xc4\
\xd7.\xa9\xf1\xcc\x98\xc8@\xa5\x12\xf0\xf9\x22\x86/#\
p\x90\x00\xe6\x00:\xb8\x90\xcd\x81ab\xb8\xdat\x18\
\x85#C\xcb\x18Y3\xc5B\xd42\xde\x81\xb7x\xdd\
E{\x01Np\x85D5\xe6@\xbc!\x16\xc3\xe4e\
\xe9\xf0~r\xc8qb\x02\xd0\x06N\xce\x01.\x0e\x86\
\x14\x8aC1\xa7\x98\xab@+,\x0cj/ #~\
\xef\xa3=\x0f\xc4Y\x18\x02h\x9a\xa9\xaa\x0eu\x82\xba\
$X~\x18s@\xb3Xc\x1c\x08\xcc8`,\xc8\
\x1b\xeb\x05\xb4\xbe\x8b\x8fLv.\x1d\xd3\xf7+k\x13\
\xd0x\x07\xde\x03\xbe\xc2\x95\x01|n\xe9\x03\xd6\xaeu\
\x98\x5c0h*^@\xed\xb6eo/\xce\x0f \x99\
\x05u\xe9\xba\xd5@.\xb7<\xe3\xab\x00U\xa5\xc9\xf5\
\xd3\x08\x9a\xacq\x05\xc3\x1a\x01HN\x81%\x807\x8e\
\xe9>\xabwW\x0b\xaa\xb4\x04\xc0\x0b)\xb6\xdf\x12d\
\x031M\xc7(\x00\xf5\xff\xab\x9b6}\xb1\xf8\x1d\xa9\
\x9bM5%;\x15\x01p\x0d\xbf\xd1d\xdbM\xadF\
\xeam\xa6\x09Q\x18L#\xd8\x1bX\xa3\x09\xcc5\xf7\
\x8a\x08\x1a\x80\xc2G\x8c\xa0QM[J\xffE\xd3\x91\
\xc0\x9f\x13\xbc\xb8\x18\xdci\xcfv3L\xb4a\xfa\xba\
q\x80\xc8\xf4l\x02|\xd2*\xbeu_C!\x02C\
\xd7\xd2|\xd2n\xd3]J6\xf58@\x9eI\xe6\x0c\
S\xc5{\xc5h\x02A!(\x85\xaf\x81:\x92\x04\xc0\
\xfb\x96\x09\x90\xa4Q\x12>P\xc0\xa4\x0e\x03@:z\
7l\x02\xd0x\x1f-U\xef\x88\xcf\xc8 \xa4~?\
\xfd\x9f\xdc\xe7Zh\xaa\x08\xfe\x1c\xcd\xd1A-\x14\xa5\
\x00\x83\xc8\xf7\xb8G\x98\xe1\xbc!>\xa9\xb2\xd4i\xb5\
0\x15A\x98\x88\x00\xc4\xef%\xe9\xd79\x81\x14\xaa\x0d\
\xc1\xa1\xa9\xa1\x1e\xb3\x22\x22\xe2\x88\xeaP\x8dq\x80\xe8\
A\xd0D\x00C4\x01\xaa\x10*C\x83\xd5\x91@3\
#T\xc3Z\x04 \x84\xe4\x05d\x01H\xc2`\x12]\
\xc5\xb6\xcf\x9fg2\x80\xc3%\x81Iq\x00\x9f\xefq\
Qh\x92\x8d\xf7\xb5\xbf\x9fp\x81\x8fG\xf1\x09\xe4\xb9\
\xa4Y\xdc\x1cPb\xe6\xc1|Rc\x1e3\x9f\xf6\x1a\
\x86I\xee\x811\x11\x01\x10\x01U\xc1,\xaf\x9e\x95\xfa\
z\x9e\xa6\xd5@H\xf5!\xd1\xbf\xf7\x1e'\x86\xb9\xa4\
\xeeq\xb5\x1d\xd7\xfc1\x89\xe8_\x88v\x1d\x00\xe7p\
E\x0e8e\xdbk\xf8\x22N\xef\x8c\xccGU\xb9o\
\xcdjM\xd7\x90hQD\x14\xc1\x86g>\xa1F\xfd\
N\x15Q\xf0\x9a\x04@\x1a\x0d\x90MDQh\x8c\x03\
\x14=(\x06P\x84\xd4\x22\x17\xd4@s0i\x82z\
yb\xff*\xc7\xd6\xe3\xc0*\x22\xd1\xa1\xf7\xc9\x05r\
\x9d\x80\xb9\x88\x0c\xb5\x1a\xce\x05\x144~v\xc8\xcdb\
\xd0G\x05B\x8a\x17\xa8d-\x90\xf1C2\x01\x92]\
\xc2\xa4\x01LZ\xe8_R\x9c \xa1\xf4![\x9el\
\xccZ\xc3\xde\xa8\x08H\x9c\x8e\x98.\x22Q\x88_\xcf\
\xeaP\xb1\xaaK\xd72\xf8\xcb\x1dNhx\xe4\xf1\x93\
\xa2\x89c\x80\xb6k\xe5\x1c\x98\x189\x19\x14\xd2`\xe4\
dP]\x8a\x95\xb4\xc4 DU\x1e\x021D\x9cZ\
>\xaf\x13D\x1a\xd1z\x8d\xc2\x89\xda\xa0\x16\x80\xc4l\
\xdfB\xf4X\xfc\xbc\x08Q\x10\x85!O\xa1\xad5\x9c\
K2\x91\x18\x97\x9fY\xbb\x8c#-{\x02\xd1\x04h\
\x8a\x05Xj\x11\x1d\xea\x94p\xe0TA`N\x01\xab\
JT\xe5\x12K\xae\xcc\x5c\xe3\x11\xd0\x00\xb1\x08\x06\xad\
\xae\xf5\x13$\x03i\xcc\x09ekB\xa9j\xfal\x9c\
\xce\xe6\x1a\xb3\xd3 \x7f[\xe3\x054\xfe\xbf\xd5\xea\xbc\
\xed\x05@\x8d\x19c\xce \xfb\xff\xc9\x02eW3\x9b\
\x9eF\x10\xa4\xfe\xce\xb4\xda\x94&~M\x13O\x06\x85\
\x10m\xbc\xa9\xc7\xcc\xadm*\x04M\x03\x84\x0d!\xf9\
\xe6Y\x0d\xb6\xcf\xb6[\x0d\xaa\x14\x0fh'RL\x9b\
\xffOz\x96Z\xe3\xcf\x0f\xf9\xfa\x09\xe8\xe5\xf0\xb3h\
,\xf8\x5c\xeb\x06\xc6\xdc\x83s\x09\xdd\x1b8s\xf8\x16\
o\xc9\xe7\x06\x1a4z\x17\x18P\xe0\x5cA\x0d $\
\x87\x82\x03\x83Al\xb1\x96a24Q\x0d`I\xe3\
!$\xb7'Z\xf4\x10b\x08X\xab\x10\xd5}+\x10\
40\x18T\xda\xa0\xff*f\x13\xb3\xba\x0f\x03\xc1\xd2\
{!\xb8&4\x9c\x01c\xd2\xadY\x00\x9c\x03\xef\x9b\
\x90\xb0\x92\xc2\xb7\xda\x9a\xad\xc4\xc4\x908\x90\x1c\xe8\x87\
\xc6]$e\x05\xad\xa5\xc9S\xf3\x16m\xfe\x90K\x98\
=\x83\xc2\xf0s\x03(\x07PZj\x02E\xaaW\x08\
\x9e\xb2\xf487\xb9\x1dF&\x18\x0a\x96:\x18\x12H\
\xf1\xfd\x14\xf5\xf3\xbe \x84\x02\x91\x12l\x80Y \x0f\
\x81\xb78z\xce\xa0\xd2\x88\x19\x10\xa8RtM\x92z\
\x17\x1c\x05.\xda\x7f\x85\xa0\x01\x0cJi\xb4\x88s \
N\x86\xd4\xbe\x12\x7fxZ\x9c\x87\xc4\xa86N\xa9\xf5\
\xbd*\xd9\xdelTOPK\xda\x1a\x8a\x98\xa61\x01\
S\xc3}C41\x01\x18\x0c\xac\xce\xe1\x8bE\xfd\xe7\
}\xac\x09\xe8\x0f\x0c\x0b1\x10\x84jL\xb0H\x0c\xe1\
UbX\xa5\xb5\x19\x88%\xd80WH\x0a\xfe\xc4\xa9\
\xa7\x1a\xa8\xac\x97\x5c\xc2\x06\xc5g~\xd4\xc9!\x1b\x1e\
vK\xe6 v\xcc\xc5hb\xfalV\xe313\xe9\
\x22\x88t0\x10\x97\xc0\xa9\xe1\x14Jr\xf0'\x0a9\
\x01\x5c\x007\x889\x80\xa2\x0c8\x0f]\x0c\xa1\x03t\
b\x0c\x00\x1f;\x16\x02jB\xbf\x17\x18\x0c\x06\xd7\xa7\
\x09(\xcb\x9c\xe9\x02\x1d\xc4\xdc}\x08\xd1\xcd\xf3>\x15\
\x81\x88G,\x0b\x83\xa0\x9a\x02<\x08\x8a\xa2\x22\xa8\x93\
&7@\x9c\xfd!\xb9~J\x87`\x86i\xb43\x96\
\xa2\x83\xd9\x0d\xccf\xb7F\x10fH\xc2\x19BR\xe3\
\xf5\xec\xb7\xb4@$\xc6\xf9]\xaa\x0b\xc8\x1e\x80\xa3\xe5\
Q\x188\xb5:\xb7S\xb4\xca\xc4\x9adP\xbc\x86\x1f\
\xe0\xca>\xd2Q\xe8\x84(=\x85C-\xba\x87\x83\xa2\
H.\xf2dh\xc2^@\xfcb\x92\xe2\x00e\xa9\x18\
\x01\x95\x0a\x93\x0a\xab\xfa\xa0\x03\xcc\x06 1F\xe0R\
\xbc$\xfa\xfe\xa9Il)\x97\xd2\x84\x83I\xd7rM\
\xa05\x1a9\xa7\x91\x87\xbd\x80\xf5[\x06\x82\xeb\xe6\x02\
R+\xa4I\xe8eo`\xbdV\x14@\xa1\xad|@\
\xf3P!/*\x915!\x87kIS\xcf\x05@r\
\xdb\x82`A@\xe3\xd1\xd4\x13s\x01.\xf9\xff\x10\xaa\
\x18\x02\x0eU\x03\x02\xfb\x83\x06\xf9\xe7L \xad\x18@\
V\xf9\x16\x1a\xc4_\xe7\x02\x84T\xc0\xe9\x1a\xd3\x91\x9b\
\xe9\x90\xf7\x916\x81\x05\x18bP\x8e\x13\x01\x08\x9a\xb2\
\x811\x885.\x1e\xc0\x88\x1bH\xaa}\x98\x16\xcd\x84\
\x00\xb8T\x14\x11\x11{\x86\xeby\x10\x13\xd8\xb3h\x7f\
\xbd\xb8\xa8\x01\xd2L/\x1dk\x04@5\xac\xd5\x00\xa9\
r\xd3Lq\x22uL?2\xd3\x86g\xbb\x808\xdb\
\x92\x06h\xcf\xfcv=\xc0\xb0{\xd9\xfa_C\x99@\
c\xa2\xd3}\x0cML\x00\x9a\x08\x1d\x98\xba:\x19d\
\xa1@CA\x18\xc4\xa2\xd0\x9c\x0bp\x12\x7f\x853\x18\
\xd1\xfe\x13\xe7U\xd0\xec\xf3[\x1d\xfdC\x1b\x15\x1f\x93\
):\xc6\x04\xe4d\x90\xe0]t%\x87\xfc\xfa\x96\xda\
\x97\xe4\xfb\xe7\xda\x81\xec\xfa\xd5e`\x89o^b\xfc\
\xdf\x87\xc6T\x15\xd9\x1d\xac\x1c\xce\xebpAH\x05\x84\
\x12g%^r\xfd\xb8\x01U\xfcNU\x95~\x22\xef\
:\x04\x81\xed@\x0b)\xfc\xeb\x9ca.\xd6\x03:\x17\
0\xad@b\x8bE\x1e\xc6\xa0\x82\x90\x12I9\xc0\x13\
\x99\xdad\xf7T\x12\x98&&\xd7\xa4(#\xb8\x1b\xc1\
\x00\x90@[\x9e\x9dN\xea$\x0fq\x15\x01\xe2\xdd\x90\
&\xf0I\x13D\x0d`u\xf2\xa8\xd6\x00-\x90W\x94\
\xb6\xa6\x0ahH\x00J\xa03\x88\xad\xa8R\x13(\x0a\
\xd4\x0a\xb4\xd0\xb4\xd7\xf0u\x08\x02U\x1dU\x95Ts\
eh\xe5\xd1\xcac\x95'\x84\x18\x04\xb1\xe0c. \
$\xcb*q@-k\x0fK\xc9\x1ei\x92A\x06\xb5\
v\xc8\x06D\x9c5\xeex-5Q\xd5f+\x13#\
}\x8d\x9d\xf6Y\xc7\x87\x98X2'\x11\x8d\x9b&\xe4\
\xdf.\x11o\x9a\xa5\xe7\xc5d\x93\x90\xeaZQ\xa4\x0e\
\x06Y>\x8a\xc5@Cr%\xc4K\x02\x84\xb1\x06\xa2\
\xf9i\xbc\xc9\x99\x85\x09\x16\x85*E\x11m\xaf!h\
\x08)X\xa3\x88i\xac\x0ar\x9a~\x80\x99\xc4\xa4\x18\
\xe5#\xe5\x0a,\x87\x91CcB5Xm\x0eb&\
\xd0\xd5^@\xe4}\xfe\x15\xb2\xd8\x8f:\xd2\xa7\xc3\xb6\
\xb9\x92\xe1\xa5[\x1eC\xc4\xe3\xc47n\xdfhS\x8b\
\x85\x9e)\xf3\xe7S\x9c@\xb26\x19\x8b\x01h\xbd\xb0\
X\x00\xea\xa3\x1b\xd8\xec\x84\xb2^0\xe9\xea\xd3DA\
`\xbd\x1e\xa0m\x02\xd2\x92,)R%\x90S\xccW\
\xe4t\xb0o\x15\x82\xd4\x05\xa1\xa9\xa9F\xf5_f\x10\
\xd8\x02\x84\xe3\xdc\xc0\xd8\x87h\x066*\x04\xadg\xb9\
5\x8c\xcf\xb1\x82\xa16\x02\x02\x19q\xfb\xc6\x0b@H\
-\xadI\x982M\xdd\x0bh\x17\x87\xa65\x221\xd1\
\x22Qy\x9a\x09!h-\x04\x83\x01T\x95\xab\xdd@\
l\xad\x17\x10\xc6\x08@\xb6\xaa\xc3\xc8\xde\x0d3\xb4-\
\x14\xaeY\xf2\x95\xdf\x07Z\xb9\xe0\x91\x96\x0aC\x87R\
\xbfc\x05 \x97\x09\xe5\xb0\xf0\xab\xdc\x0d\xcc3\xc7r\
\xab#wZG\x02\xa1\x01\x90QM+\xde\xbb\xb5\x8b\
C\x93V`\x8c\x17\x90\xb5\xaa\xf7\xd2R\xcf#\x80n\
\xcc\xac\xddtqh\xc2\x0f\xed20\xe7\xc73\x7fT\
\x03\xbc\xaa\xdc\xc06\x8d\x96\x85\x87\x96mo\xd5\x83\xd2\
\xae\xd33\xb3!\xa6\xc6\x1f\x92\xa6\xae\x00j\xa7\x81\x9d\
\xcb\xf7\x0c\xff_\x91X_\xe8Z\x85 y\xfccr\
\xaa\xb96\x14\x09\xf4nX\x00\xb2\x12\x10\x89&\x22\xd5\
xxM9\x00\x8bx\xa0\xb4v\xba8i!)c\
\xab\xb3M\x06\x16\x90\xf4\xd3\xb2\xb1]\x87n`\x9b\x9c\
#\xae\xdbOM\xea\xdcklA\x1dy\xd7\xa7f)\
\xb8P)\xe0\xcb\x1a\xed\x9b\xe4\x98\x80\xd4\xa5a\xc3\xcb\
\xc3\x9b\xb8\x7f\xad\xad\x93Qo\x04\xab]\x06\xdeh\x07\
\xefi\xea\x05\xf32\xb2\xdcr<#Md_\xc4b\
\x95z\x05\x90\xcb\xa0\xd7\xf0\xe5\x88\x1bX\x8eK\x07\xfb\
\x11\x10x\x1d\xba\x81\xa3\xe4Ri\x94\xb9v\x98'6\
\xef\xb3\xfb%C\xa0\xca\x09q)\x99*!\x15\x90J\
H\xc1\x18R\xed\x1d\xc3.a\x9d\xf8I\x7fF\xc1\x5c\
\x0d\x08q\x8dg@\xd2F2\xfc\x8cQj\x82F\xc3\
&'\xb6\xbc\xe9\x05\xa9\x16\x90\x91\x9a\xc0\x98]\x9c\xdc\
\x5c\x1fOS\xc7\x00\x90m#\xa9\xd8+6M\xd9\xc0\
v9x\xa8\x1am\x10\xfd\xfd\xbc\xc2'\xaf\x0bl\xda\
8/\xa0N\x13\x8f\xb4\x18\x8av1\x96?\x82\x03\xc6\
b\x00\xda\xf1\x83\xe8\xcaE\x0c\xa05\x06\xf0\xeb\xe0\x00\
D[u\x81S\x18\xec\x11\x9axIX\x0d\xdcR\xb3\
\xd0`\x816I\xaa\x04\x1d7\x88\xce\xc5\x8e\xab\xc6*\
\xce\x0c\xae\xeb\xac\xa0\xe4\xffgC\x02\x10\x9f;2\xeb\
\xc9j]\xd3}\xc3R\x12\xda\x02Pc\x81\x08\x1c\x04\
b\x8a:\x99ro>\xf2\xb5J\xe6\xc0\x0cOS/\
\x10\xcb \xca\xd8F0\x00\x22\xd77\x06h\xc0\x168\
'u\xd6\xc4\x9c\xc7\xc4\x83\x14\x04\xad\xb0\x90\x22\x81\xa9\
&0\x16}H*\xef\x8e\x9c\x88\xf6>\xe5\x06$b\
\x83v\x95\xb0fwr\xd4\x0e\xd4\x8fH\xf1\x08Gt\
\xc3\xbc4\x9a`\xc4#pBr\xf1\xa2\xf4\xe6\xae\xd7\
\xf7\xe5\xf5\x9d2\x8a\x01r\xd0\xaf\x85\x056\xc4\x00\x9e\
\xe0\xc2\xf5\x8d\x01\x1a5h\xc9\x95\x8aF\xdc\xb9\x80\xb9\
\x0a)*pU\x5c%\x9c\x5c\x01\xe7\xe2 \x87\x10k\
\x012C%\x09B\xac\xc4\x19\xa9\x0d\x80\xba 3d\
[>\xa2\x01\xd6\x04}b\xb7\x1a\x8c\xb0N\xed@\xae\
\x12\xda\xea63mOc\x16i&0@\x06Lf\
R\xd7\x05h\x88\xa3\x16\x82K\x85\xa0`\xeaj<\xd0\
\xd4\x01\xc8P \xa8_\xe5gf\x94\x9f\xfe\x89\x8ba\
B1\xd7\x84u\x13\xf3\xebMB\x88r\xd7^\x01\x5c\
{\x0c\xf5\xfd\xcd\xe2\x16\x8b\x93\xb7\xc9\x05d\xdc\x11\xb4\
\x16\x14\x13`\x10s>q=\xa0\x1biQ\xb3\xa85\
\xb9\x80I\xd2\xd4\x05 \xbalV\xb7<\xc5\x9d\x93\xd6\
=\x11e\x8748y!\x8dw\xc9\x0d\xf3\x8e*1\
|\xbelr\x01\xd1\x15\x8c\xb6\xd5\xaa\x98^\x16\x09\x11\
\xa0\xc1PyX$k\xcc\x80w\x88\xe9X\x10\xd8^\
F\xe6\xc4\x0d\xad\x0ev\x02\xce\xcbPP\xc8\xfb\xaa6\
+\xd4\x000\xb7\xf4\x86M\xe7\xf7\x10&.\x00\x19\xf0\
\x0d\x07n\x1c\xe6\x1c*\xae\xb50$\x832\xa3(r\
m~\xc32\xe7r\xde_\xeb\xa0P4\xd31\xfa\x13\
RbhT\x05\x0f\x15\x8aj\x13\xf0\x89L\xf7C\xbe\
>\xe2\xa3I\x90\xd6\xc6\xd2D\xfc\x11MF\x5c\x82\xde\
\xc93=\xcfz\x05\xab\xa8#\x1d\x88\x8ff#\x18\xf2\
j\xd5\x00\xaa\x0e\xd5\xb8\x0d\xca\xe8b\x90\xec\x0d\x98\x82\
\x98\x10BT\xccfJ\xbf\x22\xad\x10\xcen`S\x0e\
\x86+\x912MOM\xcf\x90X>\x1e\x13Cc\xbc\
\x00\xc0\x89\xd4\x8b6%\xeb}\x22\xd6\xc8{\x04e\xa1\
q^\xa2\x9a\xa1\x11\x94\xa2\xe5\xe29S|\x12\x84\x08\
\x02c\xecb\xa8\x1e\xa0\x0e\x0fg\xcf&\x87\x81\xadV\
-\xed\x9a\xc0\xbcxv\x124\xf1\xc5\xa1\xd1\xe7\xd6\xd8\
T\xa9\x06\x11\xb6e\x1b\x8e\x1a\xa6\xb1D\xdc\xb9\x98S\
\xaf\x97\x81\x11\xc7+OG3M+t\x1c\xedeX\
\xa5\xa4\xbcBk\xb6\xc7\xa0L\xda\xd4a(\xe2\x00\xbe\
\xc8\x85*\xc4\xf4\xafPW\xff\xb8|\xde^6\x96\xeb\
\x05\x05L|\xbd\x1b\x09\x96dI\xa8\x83?M\x00(\
\x1e\x93\xe3\xc1\xb4\x93@\x99&\xa8\x01\x9a\xf2m\xab$\
\x16\x83\x84\xb46\x9a\x02\xe7\xaa\xb8\xa5\x9b\xa4\x12\xe9<\
\x83\x85f\x05\xb0k\x06Z-\xee\x17\x18\x83>\xa1\x89\
%\xd4\xd7Zq\x00\xb3\x14\x87\xcf3\xdbR\x9f\x22\xe0\
\xcb\x801\xdb{\xe7\x88\xaaY\xc0\x88\xc1\x9d6\x06\xa8\
s\x14d5o\xc3\x1bC\xb8\xa6\x84\xbci\x1a\xab\x82\
\xebeD\xd0N?\x0eW\x05\xaf\x17{\xbc\xfa4A\
\x0d`x\x9fL\x00\x86\x86\x80Z\x85i\x85X\x85\xe5\
F\x85\xa4z\x00\xef,V\x88\x99\xe0\x0c\x06Ur\xcf\
\x14D]\xac\xe8\xc9\xa6#\x9b\x00\xb5\xdamo\x80`\
\x8a\x04\x0eUu\xe40\xf3\xf8`S\x1b\xf1\xb7\xd9\x11\
g\xad\xb5\xbe\x97nZ\x03\x90\x85\xa6\xa9\x0a\x86W\xdd\
\xca\xa0\xadRV\xc5\x99bf/\xed\x130\xb4\x07o\
\x93\x0d\x5c[\x15<>\x14\x9c\x9f\xbf\x9e\x0f\x9f\xdf\x1f\
\x8a:J\x8e\x1a\x8eg\xd8\xdaX\xff\xf8\xf3\x06\xdb\xdb\
\x9a\xef8M\x9ah(8\xa7g\xb5j\x9aU\xc4\xed\
aS\x13sXX\x9b\x0d\xac*\xabs\x01\xfd\xaa\xc9\
\xfa\xc5\xed`dMjx#\x01\x88\x81\xa4\xc6C\xf0\
#3uT\x00F\xdd\xc0\xdaML\xdf-\x1f\xbd\xb3\
f\xa7\xb1\x91Z\x83f\x9dB\x5c\x0f\xf9\xaa\xf3\x02D\
\x9a\x8d\x22\x9d\xa5\xd9\x9a\xf3\x03M\x15\x1di%\xd6\x90\
\xdeU\x8d\xe1\xe3\x8c\x01J/\xb5\xdf\x9f\x97\xf5y\xdf\
\xda8R\xc0\xf2\xe2\x90\x90\xddI\xd21'|\xacf\
\xcc\x900\x8c$q\xd6_\x17P\xd5\xefg\xff?\xae\
lf\x83$\x8f\xd6Y\xd0W]\x1c`m\xba\xb4\xdd\
\xb4nZ\xe7\x02b(\xb8\x06\x8e\xb66\xba\xd7\x5cO\
\xc5\x14C;\x84h\xad\x0d\xf2\xbd\x00\xed\xf1m\xea\x02\
mh\xa6\x0e\xf5{\xbd\xef\x93\xbc\x92\xb8\xe5l\xd4\x01\
y;\xd9\xf5\x9f\xd0^\x1d\x9c[\xfc\x126\xd4\xaeC\
7p\xc8\xd6\xae\xf9~\x8dS\xd6^B=\xaep\xb3\
]\xb53\xb6\x5c;32%\xf3s@1\xef\x13\xd0\
\xf6\xff\x9a\xb4\xae\xad\x0b\xe06[\x19\x94\xdd\xca\x1a\xd4\
\xe7UFk\xbc\x80\x0cBm\xa4\xc5\x87\x5c\xf7^@\
\x9bFmt\x13\x06\x96\xa1\xd6\x06g\xc3\x9f\xd7fE\
phU\x01\xb5\x22\x8c\xeba\x80\x1c\xadk\xef\x12\x92\
\x05\x0b\xc6c\x00\xdfr\x03m\x94\xf9\xde5u\xff\x96\
6\x86\x88[\x13\xe0L\x87J\xc2p@\xf0\xb19\x9f\
\xa2\x82k1\xc0u\x99\x0enS\xdc\x1c\xaa\xd1\x06\xf9\
\xa8\xa94\xb8\xfd\x8b!k\x85\xa5\x99\xfdQ\x1bd\x86\
I\xbdQd\x9b\xf1k\x7f\x12\xae\xa5=\xd6\xccfk\
\xb5\xadh\x00\xc3\x11\x866\x8a\xf4\xb4\xf6\x0c\x1c\xbbW\
ph\xda:\x18\xe0\xbaM\x07\xb7I\xc6\x08@\xbd\xd1\
R\xf2\xfe\xe5\xcb\xd9\x00\x00\x02\xaaIDAT\x93a\
x\xb1\xc6\xa8An\xfb\xea\x22V\xe7\xf4/\xd7\x0d\x1c\
\x87\x01 \x9b\x9au\xd4\xff\x98\xb5\x00\xdb\x89\xa6&\x00\
\xeb\x01\xc2:\xa5\x9a&A,\x08\x19nAcP(\
\xbb~un \xbb\x86J\x0b<J\xfd\xff\x80\xba\xb6\
p][?\xc2\x5cq\xf1y\x8d\x00\x8cl\x18\x99L\
y}\x1c\x0d\xff\x8e\xf9~\xed6my\x99)\x0d0\
\x04\xd0Z\xda\xc0l\x188{\x17{\x9e\xd7\x02x7\
\x1c\x08r\x1a\x136f2F\x03\xd8%\x15sl\xba\
<|\xb4\x8d\xd1\x08k\x00p\xbbM\x99f.\x12\xd8\
\xa6\x8d]\xc7-=a\xe89\xc3W\xdb\xea\xba\xcd\x89\
\xcb\xe7J\xe3\xc6]J\x1f\xa7K3-\x00\x9b\xcd\xce\
\xad\x0ep\xdb.\x0f\xcd\xc6\x9al\x9d\xf3+\xef\xef\xac\
\xd3L\x0b\xc04h\xab\x81\xa0\xf6\xfd\x97\xaf\xa1\xa6O\
\xaf\x09\xc0\x08\xad\xabq6zo\x9d\xb6\x1d\xe8Z\x0b\
\xc0\x9f\x01\xff\xe9\x1a\xff\x8f\xeb\x9d\x9e\xbb\x96\x0f\x97i\
\xfe\x5c\xc9k4}\x9aI\x13 R;Ll\xe1\xb8\
\xde\xb5\xf5\xee\xb9\x14\xda\x08\x1d\xda\x06\xf7\xac{\xb4\x19\
\x9bqW]\x03\xb4\x98w\xa9\x8d-\x5cg\x93k\xa3\
\xef3\xe6\xfa\xa5\xd0\xa52}\x1c\xe3G\xcfm\x0b\xd7\
7lWS\x88\xb6,\x00#\x8c\x1d*\xae\x1a\xf3z\
\xab\xf7\x5c\xa9\x900\xe6|\xf4\x1a#\xe7\xacs}\xbd\
\x81\x18e\xf6V\x99<\xfa\xfar\x9an\xf2z\xc3{\
\xb6\x22(k\x04 %O2\xb3F\x8f\xeb\x9dot\
\xdfF\xc2\xb1\x99\x90\x5c\xaa\xd0\xb0\xc1kZ\xaf7\xa3\
\x8d\x98~\xb9\x0c\xde\x8c\x99\xba\xce\xf5\xf5\xde\x1b\xbd6\
\xee\xbd\xb1\xf7\xb5y.\xb1\x9cz]\xa6o\x85\xd9W\
z\xbc\xd2{.E\x0b1r\x9e_o\x85\xe1\x972\
\xfb.\x85a\x97r\xcf\xe5\x1e\xf3\xf9\x9a\xf73\x08\xdc\
\xea\x8c\xda\xacm4\xeb\xb7\xfa\x19\xb7\xce\xb5K\x11\x8c\
\xcd4\xd6\xe8w\x84\x8d\x99\xbb\xde@\xca\xc8\xfb\x92\xce\
G\x8f\xa3f#\x17\x8e\xb5\x8fy\xac7:\x8e~f\
\xb3\xfb\xf31\xf7\xad}\xdd\x80a\x130F\x13\x8cc\
\xc6\xa5\x0e\xf6\xa5\x9a\x91\xcd\x98v%f\xa1=(\x1b\
\xd1f\xf6\xfdJ\xd4\xfdF3\xfeJ\xd4\xfcf\x1a\xa5\
nml\xb0)\x08LB1\xca\x80\x5c\xffp\xa5*\
\xf9Z\x02\xc3qG\xd6y\xdd\xa6\xd1\x01\x19\x9d\xbd\xe3\
\x04b\xf4\xf5\xe5\xb4+\x01|J\xb3e\xc2\xd0}\x9b\
\x01\xc1+v\x03\xc7\x08\xc8V\xd4;\xad\xd7\x8c\x5c\x1b\
e\xe6\xe8{\xe3\xce7:\x8e\x9e\x8f{\xdd\xa6\xf5\x04\
\xa0}\xbe\x99P\x8c\x9e\xeb\xc8\xb5q\xefmeF\xdb\
\xe8\xb3\xae\xd4%\x9cZ$\xb0%8\xeb\x1d/\x87\xe1\
W\x22\x14\x97\xca\xe8\xf5\x8e\xeb\x9d\xc30\xf3\x86\x8e\xd3\
\xe2\xc3\xff\x07\xee\x82\xe4\xb6\xae@\xb2\x07\x00\x00\x00\x00\
IEND\xaeB`\x82\
"

qt_resource_name = b"\
\x00\x0a\
\x0c}\x05|\
\x00M\
\x00i\x00x\x00e\x00r\x00P\x00a\x00n\x00e\x00l\
\x00\x08\
\x0aaZ\xa7\
\x00i\
\x00c\x00o\x00n\x00.\x00p\x00n\x00g\
\x00\x09\
\x06\x98\x83'\
\x00c\
\x00l\x00o\x00s\x00e\x00.\x00p\x00n\x00g\
\x00\x0a\
\x09-\xdf\xa7\
\x00e\
\x00n\x00a\x00b\x00l\x00e\x00.\x00p\x00n\x00g\
\x00\x09\
\x0b\xbf\xac\x87\
\x00w\
\x00h\x00e\x00e\x00l\x00.\x00p\x00n\x00g\
\x00\x08\
\x06\xc1Y\x87\
\x00o\
\x00p\x00e\x00n\x00.\x00p\x00n\x00g\
\x00\x0c\
\x0e=<\x07\
\x00u\
\x00n\x00l\x00o\x00c\x00k\x00e\x00d\x00.\x00p\x00n\x00g\
\x00\x0d\
\x00\x9f\xb2|\
\x00c\
\x00o\x00m\x00p\x00o\x00n\x00e\x00n\x00t\x00.\x00x\x00m\x00l\
\x00\x0b\
\x09\xf2E\xa7\
\x00d\
\x00i\x00s\x00a\x00b\x00l\x00e\x00.\x00p\x00n\x00g\
\x00\x0a\
\x01\xb9<\x07\
\x00l\
\x00o\x00c\x00k\x00e\x00d\x00.\x00p\x00n\x00g\
"

qt_resource_struct = b"\
\x00\x00\x00\x00\x00\x02\x00\x00\x00\x01\x00\x00\x00\x01\
\x00\x00\x00\x00\x00\x00\x00\x00\
\x00\x00\x00\x00\x00\x02\x00\x00\x00\x09\x00\x00\x00\x02\
\x00\x00\x00\x00\x00\x00\x00\x00\
\x00\x00\x00\xae\x00\x00\x00\x00\x00\x01\x00\x00\xaf\xa5\
\x00\x00\x01\x8b\x22m\xab\x88\
\x00\x00\x00\xea\x00\x00\x00\x00\x00\x01\x00\x00\xe1\x1a\
\x00\x00\x01\x8b\x22m\xab\x88\
\x00\x00\x000\x00\x00\x00\x00\x00\x01\x00\x00\x07\x81\
\x00\x00\x01\x8b\x22m\xab\x88\
\x00\x00\x00z\x00\x00\x00\x00\x00\x01\x00\x00\x87,\
\x00\x00\x01\x8b\x22m\xab\x88\
\x00\x00\x00H\x00\x00\x00\x00\x00\x01\x00\x00\x0c\x0a\
\x00\x00\x01\x8b\x22m\xab\x88\
\x00\x00\x00\xce\x00\x00\x00\x00\x00\x01\x00\x00\xb0\x18\
\x00\x00\x01\x8b\x22m\xab\x88\
\x00\x00\x00\x1a\x00\x00\x00\x00\x00\x01\x00\x00\x00\x00\
\x00\x00\x01\x8b\x22m\xab\x88\
\x00\x00\x00b\x00\x00\x00\x00\x00\x01\x00\x00;\xff\
\x00\x00\x01\x8b\x22m\xab\x88\
\x00\x00\x00\x90\x00\x00\x00\x00\x00\x01\x00\x00\x8b\xaf\
\x00\x00\x01\x8b\x22m\xab\x88\
"

def qInitResources():
    QtCore.qRegisterResourceData(0x03, qt_resource_struct, qt_resource_name, qt_resource_data)

def qCleanupResources():
    QtCore.qUnregisterResourceData(0x03, qt_resource_struct, qt_resource_name, qt_resource_data)

qInitResources()
